window,label,mode,status,coin,side,ts_open,ts_close,notional,potential_pp,cash_bybit_after_open,cash_okx_after_open,cash_bybit_after_close,cash_okx_after_close,cash_bybit,cash_okx,equity_bybit,equity_okx,pnl_bybit,pnl_okx,fee_bybit,fee_okx
all,frozen,fixed100,closed,KAITO,long,1786446062,1786464057,100.0,0.20422412157058717,99.9,99.95,99.72296444512854,100.4914201183432,99.72296444512854,100.4914201183432,99.72296444512854,100.4914201183432,-0.07695859627519545,0.591715976331365,0.2000769585962752,0.1002958579881657
all,frozen,fixed100,closed,KAITO,long,1786483114,1786492857,100.0,0.22116167545318605,99.62296444512855,100.4414201183432,101.99888009440713,98.43632952991928,101.99888009440713,98.43632952991928,101.99888009440713,98.43632952991928,2.473442207071517,-1.9560686227352875,0.1975265577929285,0.09902196568863236
all,frozen,fixed100,closed,KAITO,long,1786505611,1786507312,100.0,0.29351259469985963,101.89888009440713,98.38632952991928,102.77726496862601,97.96259355202952,102.77726496862601,97.96259355202952,102.77726496862601,97.96259355202952,0.9774074667521221,-0.37392293935944865,0.19902259253324786,0.09981303853032027
all,frozen,fixed100,closed,KAITO,long,1786514433,1786521637,100.0,0.6373310208320617,102.67726496862602,97.91259355202952,103.23076586629209,98.1611002717906,103.23076586629209,98.1611002717906,103.23076586629209,98.1611002717906,0.6528480496164523,0.29865604778497157,0.19934715195038355,0.10014932802389248
all,frozen,fixed100,closed,BEAT,long,1786541636,1786546201,100.0,0.23051453083753587,103.1307658662921,98.1111002717906,98.92108844693725,102.71999495170014,98.92108844693725,102.71999495170014,98.92108844693725,102.71999495170014,-4.105571847507336,4.661225292555818,0.20410557184750733,0.10233061264627791
all,frozen,fixed100,closed,ACU,long,1786600054,1786602084,100.0,0.6770085550844669,98.82108844693725,102.66999495170015,95.97779220952339,106.3725144500944,95.97779220952339,106.3725144500944,95.97779220952339,106.3725144500944,-2.74055568173214,3.7543966967426194,0.20274055568173213,0.10187719834837133
all,frozen,fixed100,closed,HOME,long,1786629763,1786636861,100.0,0.22594682574272157,95.87779220952339,106.3225144500944,95.05521791497009,107.52755127033609,95.05521791497009,107.52755127033609,95.05521791497009,107.52755127033609,-0.7218524421111905,1.2556646525679707,0.20072185244211121,0.100627832326284
all,frozen,fixed100,closed,HOME,long,1786669924,1786686382,100.0,0.25120912194252015,94.95521791497009,107.4775512703361,86.78043250724477,116.09191710719529,86.78043250724477,116.09191710719529,86.78043250724477,116.09191710719529,-8.066718689036282,8.66870018695267,0.2080667186890363,0.10433435009347633
all,frozen,fixed100,closed,2Z,long,1786688000,1786705082,100.0,0.21554599404335023,86.68043250724477,116.04191710719529,85.24860706818146,117.8471375248287,85.24860706818146,117.8471375248287,85.24860706818146,117.8471375248287,-1.330494944119201,1.856148491879349,0.2013304949441192,0.10092807424593968
all,frozen,fixed100,closed,2Z,long,1786710836,1786718194,100.0,0.21976625621318818,85.14860706818146,117.7971375248287,85.98395298013115,117.33135709437111,85.98395298013115,117.33135709437111,85.98395298013115,117.33135709437111,0.9344115004492356,-0.41598842466992414,0.19906558849955075,0.09979200578766503
all,frozen,fixed100,closed,RVN,long,1786718194,1786723211,100.0,1.0776719570159912,85.88395298013116,117.28135709437112,92.69693640554553,111.62440587485892,92.69693640554553,111.62440587485892,92.69693640554553,111.62440587485892,6.906077348066301,-5.60975609756098,0.19309392265193367,0.09719512195121952
all,frozen,fixed100,closed,CAP,long,1786730607,1786732266,100.0,0.28488774299621583,92.59693640554553,111.57440587485893,105.58304136918764,98.96907116345805,105.58304136918764,98.96907116345805,105.58304136918764,98.96907116345805,13.073031931710402,-12.561615519160446,0.18692696806828962,0.09371919224041977
all,frozen,fixed100,closed,CAP,long,1786733445,1786733684,100.0,6.678063046932221,105.48304136918765,98.91907116345806,122.43910332927106,88.01829893373846,122.43910332927106,88.01829893373846,122.43910332927106,88.01829893373846,17.039022937146267,-10.856200329884535,0.18296097706285375,0.09457189983505773
all,frozen,fixed100,closed,CAP,short,1786733685,1786733748,100.0,2.9009881138801576,122.33910332927107,87.96829893373847,123.42552329484766,89.95156228610662,123.42552329484766,89.95156228610662,123.42552329484766,89.95156228610662,1.187607573149747,2.0322472287537834,0.20118760757314974,0.09898387638562312
all,frozen,fixed100,closed,CAP,long,1786733772,1786749473,100.0,0.21223921775817872,123.32552329484767,89.90156228610662,112.11842049110936,101.51954511872464,112.11842049110936,101.51954511872464,112.11842049110936,101.51954511872464,-11.096006796941367,11.67381974248926,0.21109600679694138,0.10583690987124464
all,frozen,fixed100,closed,CAP,long,1786753017,1786789435,100.0,0.22431724965572358,112.01842049110937,101.46954511872464,107.8862893435684,105.99560710739675,107.8862893435684,105.99560710739675,107.8862893435684,105.99560710739675,-4.028103044496485,4.578351164254241,0.20402810304449648,0.10228917558212713
all,frozen,fixed100,closed,WAL,long,1786789784,1786912522,100.0,0.20040805339813234,107.7862893435684,105.94560710739675,127.95462206885114,86.05988494642651,127.95462206885114,86.05988494642651,127.95462206885114,86.05988494642651,20.248084640642098,-19.84564498346197,0.17975191535935792,0.09007717750826902
all,frozen,fixed100,closed,ONT,long,1787258005,1787263118,100.0,0.30505876131355764,127.85462206885114,86.00988494642651,136.07328358751266,78.2116795810241,136.07328358751266,78.2116795810241,136.07328358751266,78.2116795810241,8.31035116749403,-7.752081406105456,0.19168964883250597,0.09612395929694728
all,frozen,fixed100,closed,ONT,long,1787266388,1787268904,100.0,0.20269240140914918,135.97328358751267,78.1616795810241,140.25891002871174,74.21827841823341,140.25891002871174,74.21827841823341,140.25891002871174,74.21827841823341,4.381245196003082,-3.895348837209298,0.1956187548039969,0.09805232558139536
all,frozen,fixed100,closed,ONT,long,1787272315,1787300442,100.0,0.2038760006427765,140.15891002871174,74.16827841823341,147.66048897608016,66.99792980133307,147.66048897608016,66.99792980133307,147.66048897608016,66.99792980133307,7.593984962406005,-7.123910572186433,0.19240601503759397,0.0964380447139068
all,frozen,fixed100,closed,HMSTR,short,1787375473,1787375569,100.0,5.632081699371338,147.56048897608017,66.94792980133307,165.7913461189373,55.5204027255208,165.7913461189373,55.5204027255208,165.7913461189373,55.5204027255208,18.349206349206348,-11.371841155234655,0.21834920634920635,0.10568592057761733
all,frozen,fixed100,closed,COAI,long,1787375569,1787376082,100.0,1.086129468679428,165.6913461189373,55.470402725520806,157.69506640829314,64.81681637454587,157.69506640829314,64.81681637454587,157.69506640829314,64.81681637454587,-7.888391319324827,9.401114206128122,0.20788839131932482,0.10470055710306406
all,frozen,fixed100,closed,GIGGLE,long,1787376082,1787380500,100.0,0.23096452355384828,157.59506640829315,64.76681637454587,159.28066278741989,63.45840490923647,159.28066278741989,63.45840490923647,159.28066278741989,63.45840490923647,1.7838125665601747,-1.2590409858023008,0.19821618743343983,0.09937047950709885
all,frozen,fixed100,closed,MOVE,long,1787385385,1787387413,100.0,0.21920855045318605,159.1806627874199,63.408404909236474,164.57001762612958,58.371182266093264,164.57001762612958,58.371182266093264,164.57001762612958,58.371182266093264,5.483870967741937,-4.989717501894158,0.19451612903225807,0.0975051412490529
all,frozen,fixed100,closed,MOVE,long,1787446997,1787455107,100.0,0.20315794348716737,164.4700176261296,58.32118226609327,178.7484167489366,44.34933835718326,178.7484167489366,44.34933835718326,178.7484167489366,44.34933835718326,14.364035087719294,-13.928808313066547,0.1856359649122807,0.09303559584346671
all,frozen,fixed100,closed,ONT,long,1787663309,1787667209,100.0,0.4532636895775795,178.6484167489366,44.29933835718326,182.586306178074,40.946106107319444,182.586306178074,40.946106107319444,182.586306178074,40.946106107319444,4.03385557356385,-3.3048846922099187,0.19596614442643612,0.09834755765389505
all,frozen,fixed100,closed,EDEN,long,1787729195,1787732459,100.0,0.2257328748703003,182.48630617807402,40.89610610731945,185.2368359793985,38.513939440652784,185.2368359793985,38.513939440652784,185.2368359793985,38.513939440652784,2.847682119205297,-2.333333333333331,0.1971523178807947,0.09883333333333333
all,frozen,fixed100,closed,BICO,long,1787750977,1787754806,100.0,0.20775188207626344,185.1368359793985,38.46393944065279,184.42594548601704,39.537944630964205,184.42594548601704,39.537944630964205,184.42594548601704,39.537944630964205,-0.6102802131682988,1.1245674740484422,0.20061028021316832,0.10056228373702422
all,frozen,fixed100,closed,ONT,long,1787754806,1787756689,100.0,0.411020827293396,184.32594548601705,39.48794463096421,189.12333840966696,35.228626642899414,189.12333840966696,35.228626642899414,189.12333840966696,35.228626642899414,4.892500423226675,-4.211423699914748,0.19510749957677334,0.09789428815004264
all,frozen,fixed100,closed,BICO,long,1787757213,1787758630,100.0,0.2325303375720978,189.02333840966696,35.17862664289942,187.43902620245802,37.154903446018324,187.43902620245802,37.154903446018324,187.43902620245802,37.154903446018324,-1.482829377831112,2.0272904483430785,0.20148282937783113,0.10101364522417154
all,frozen,fixed100,closed,EDEN,long,1787763764,1787777336,100.0,0.20008450448513032,187.33902620245803,37.10490344601833,186.3341321874954,38.46662660986013,186.3341321874954,38.46662660986013,186.3341321874954,38.46662660986013,-0.9039900249376731,1.4124293785310704,0.20090399002493767,0.10070621468926555
all,frozen,fixed100,closed,ONT,short,1787778899,1787780733,100.0,0.27344677299261094,186.23413218749542,38.41662660986013,190.2415744185711,34.85109954433307,190.2415744185711,34.85109954433307,190.2415744185711,34.85109954433307,4.111553784860556,-3.5137701804368464,0.20411155378486057,0.10175688509021842
all,frozen,fixed100,closed,ONT,short,1787785705,1787789172,100.0,0.2351804792881012,190.1415744185711,34.80109954433307,193.26271854932892,32.07896585686073,193.26271854932892,32.07896585686073,193.26271854932892,32.07896585686073,3.2243684992570656,-2.670798288328178,0.20322436849925707,0.10133539914416409
all,frozen,fixed100,closed,ONT,long,1787789578,1787797669,100.0,0.38572995625436307,193.16271854932893,32.02896585686073,202.55920484588552,23.121562119601403,202.55920484588552,23.121562119601403,202.55920484588552,23.121562119601403,9.486999297259318,-8.86183465458662,0.19051300070274066,0.0955690826727067
all,frozen,fixed100,closed,BICO,long,1787802088,1787803113,100.0,0.4941717952489853,202.45920484588552,23.071562119601403,203.7168177022741,22.455932958482894,203.7168177022741,22.455932958482894,203.7168177022741,22.455932958482894,1.356256599788812,-0.5659121171770972,0.19864374340021118,0.09971704394141145
all,frozen,fixed100,closed,BICO,long,1787803348,1787809070,100.0,0.21010045409202577,203.61681770227412,22.405932958482893,209.24773373280848,17.119225325882635,209.24773373280848,17.119225325882635,209.24773373280848,17.119225325882635,5.725190839694663,-5.239327296248383,0.19427480916030535,0.09738033635187582
all,frozen,fixed100,closed,BICO,long,1787816365,1787817846,100.0,0.3444871425628662,209.1477337328085,17.069225325882634,212.26438518433304,14.438443326620373,212.26438518433304,14.438443326620373,212.26438518433304,14.438443326620373,3.213438013511042,-2.582073035780152,0.19678656198648897,0.09870896348210992
all,frozen,fixed100,closed,HOME,long,1787968180,1787976646,100.0,0.2151418149471283,212.16438518433304,14.388443326620372,214.9715280414759,11.938759232480422,214.9715280414759,11.938759232480422,214.9715280414759,11.938759232480422,2.9042386185243236,-2.400884536408154,0.1970957613814757,0.09879955773179593
all,frozen,fixed100,closed,ICX,short,1788109977,1788125336,100.0,0.8902687549591064,214.8715280414759,11.888759232480421,204.9199387994221,22.775398908593786,204.9199387994221,22.775398908593786,204.9199387994221,22.775398908593786,-9.861450692746532,10.931174089068831,0.1901385493072535,0.09453441295546558
all,frozen,fixed100,closed,ICX,short,1788140030,1788141140,100.0,0.25016350746154786,204.81993879942212,22.725398908593785,204.5342510670801,23.41309476112835,204.5342510670801,23.41309476112835,204.5342510670801,23.41309476112835,-0.18587360594796393,0.7373271889400941,0.19981412639405202,0.09963133640552997
all,frozen,fixed100,closed,ICX,short,1788173397,1788175807,100.0,0.25839841812849046,204.4342510670801,23.363094761128348,204.70875903334067,23.49940761029035,204.70875903334067,23.49940761029035,204.70875903334067,23.49940761029035,0.37488284910965414,0.1862197392923574,0.20037488284910965,0.09990689013035382
all,frozen,fixed100,closed,ICX,short,1788179771,1788189486,100.0,0.26127220392227174,204.60875903334068,23.44940761029035,205.16661416033972,23.305815468101393,205.16661416033972,23.305815468101393,205.16661416033972,23.305815468101393,0.6585136406396884,-0.09354536950420572,0.20065851364063972,0.1000467726847521
all,frozen,fixed100,closed,ICX,short,1788192130,1788192607,100.0,0.25248286575078965,205.06661416033973,23.255815468101392,205.0592857744399,23.66687537593549,205.0592857744399,23.66687537593549,205.0592857744399,23.66687537593549,0.09276437847866043,0.46082949308755483,0.20009276437847867,0.09976958525345624
all,frozen,fixed100,closed,ICX,short,1788194771,1788195248,100.0,0.2572660863399506,204.9592857744399,23.61687537593549,204.57866779691182,24.40450328291223,204.57866779691182,24.40450328291223,204.57866779691182,24.40450328291223,-0.2808988764044991,0.8372093023255796,0.19971910112359548,0.0995813953488372
all,frozen,fixed100,closed,ICX,short,1788219059,1788232500,100.0,0.3410256624221802,204.47866779691182,24.35450328291223,203.55000420244178,25.770437348846283,203.55000420244178,25.770437348846283,203.55000420244178,25.770437348846283,-0.8294930875576019,1.4652014652014531,0.19917050691244242,0.09926739926739926
all,frozen,fixed100,closed,ICX,short,1788251049,1788257155,100.0,0.2612582266330719,203.4500042024418,25.720437348846282,202.87877778734745,26.70188064781536,202.87877778734745,26.70188064781536,202.87877778734745,26.70188064781536,-0.4716981132075443,1.030927835051553,0.19952830188679246,0.09948453608247422
all,frozen,fixed100,closed,ICX,short,1788261243,1788266736,100.0,0.26916747987270356,202.77877778734745,26.65188064781536,203.82267091711844,26.032875908478875,203.82267091711844,26.032875908478875,203.82267091711844,26.032875908478875,1.1450381679389343,-0.5687203791469126,0.2011450381679389,0.10028436018957346
all,frozen,fixed100,closed,ICX,short,1788285394,1788289449,100.0,0.28252429962158204,203.72267091711845,25.982875908478874,203.13487794836843,27.00137105410995,203.13487794836843,27.00137105410995,203.13487794836843,27.00137105410995,-0.488281250000014,1.0679611650485508,0.19951171875,0.09946601941747571
all,frozen,fixed100,closed,ICX,short,1788307078,1788310921,100.0,0.2861744284629822,203.03487794836843,26.95137105410995,201.55422641825984,28.863135759992307,201.55422641825984,28.863135759992307,201.55422641825984,28.863135759992307,-1.3820335636722556,1.9607843137254954,0.19861796643632773,0.09901960784313726
all,frozen,fixed100,closed,LA,long,1788313714,1788319013,100.0,0.2032511502504349,201.45422641825985,28.813135759992306,204.24586747542025,26.36755048088297,204.24586747542025,26.36755048088297,204.24586747542025,26.36755048088297,2.8887523048555517,-2.3967836709448114,0.19711124769514446,0.0988016081645276
all,frozen,fixed100,closed,ICX,short,1788335025,1788338017,100.0,0.23051777929067613,204.14586747542026,26.317550480882968,202.86805397059712,27.972342813151343,202.86805397059712,27.972342813151343,202.86805397059712,27.972342813151343,-1.1789924973204609,1.7039403620873315,0.19882100750267956,0.09914802981895635
all,frozen,fixed100,closed,ICX,short,1788343666,1788349466,100.0,0.22965986728668214,202.76805397059712,27.922342813151342,203.6317195654524,27.4479525692489,203.6317195654524,27.4479525692489,203.6317195654524,27.4479525692489,0.9646302250803839,-0.4241781548250277,0.20096463022508038,0.10021208907741253
all,frozen,fixed100,closed,LA,long,1788349466,1788350809,100.0,0.5037973940372467,203.53171956545242,27.3979525692489,205.16033660216698,26.422897478900722,205.16033660216698,26.422897478900722,205.16033660216698,26.422897478900722,1.7268901465679822,-0.9255178492728156,0.198273109853432,0.0995372410753636
all,frozen,fixed100,closed,ICX,short,1788352531,1788364772,100.0,0.21660920679569245,205.06033660216698,26.372897478900722,204.12696851040474,27.670721313097612,204.12696851040474,27.670721313097612,204.12696851040474,27.670721313097612,-0.834202294056311,1.3471502590673565,0.1991657977059437,0.09932642487046633
all,frozen,fixed100,closed,LA,long,1788364780,1788371361,100.0,0.22957940101623536,204.02696851040474,27.62072131309761,210.8653293612154,21.140224912377754,210.8653293612154,21.140224912377754,210.8653293612154,21.140224912377754,6.931429421389257,-6.433713257348533,0.19306857057861077,0.09678314337132574
all,frozen,fixed100,closed,ICX,short,1788371439,1788372710,100.0,0.4454739212989807,210.7653293612154,21.090224912377753,204.12681004791068,28.285592324518326,204.12681004791068,28.285592324518326,204.12681004791068,28.285592324518326,-6.5450643776823965,7.24174653887114,0.19345493562231758,0.09637912673056444
all,frozen,fixed100,closed,ICX,short,1788381010,1788384123,100.0,0.2683524310588837,204.0268100479107,28.235592324518326,203.58033605947136,29.102430812490837,203.58033605947136,29.102430812490837,203.58033605947136,29.102430812490837,-0.34682080924856085,0.9163802978235992,0.19965317919075143,0.09954180985108821
all,frozen,fixed100,closed,LA,long,1788387355,1788422773,100.0,0.21047682762145997,203.48033605947137,29.052430812490837,201.7206960784197,31.18495392374362,201.7206960784197,31.18495392374362,201.7206960784197,31.18495392374362,-1.6579819990525966,2.183614918712139,0.2016579819990526,0.10109180745935607
all,frozen,fixed100,closed,ICX,short,1788431981,1788465064,100.0,0.23981124609708787,201.6206960784197,31.13495392374362,203.6853764684522,29.46950720684372,203.6853764684522,29.46950720684372,203.6853764684522,29.46950720684372,2.166847237269759,-1.6146393972013005,0.20216684723726977,0.10080731969860064
all,frozen,fixed100,closed,ICX,short,1788477336,1788478223,100.0,0.21748909801244737,203.5853764684522,29.41950720684372,204.52491861205263,28.852185593606908,204.52491861205263,28.852185593606908,204.52491861205263,28.852185593606908,1.0405827263267367,-0.5170630816959638,0.20104058272632674,0.10025853154084799
all,frozen,fixed100,closed,LA,long,1788479756,1788509425,100.0,0.21255279779434205,204.42491861205264,28.802185593606907,201.74404230708583,31.859687187994673,201.74404230708583,31.859687187994673,201.74404230708583,31.859687187994673,-2.5782980069598334,3.1090561224489917,0.20257829800695987,0.1015545280612245
all,frozen,fixed100,closed,ICX,short,1788519958,1788529528,100.0,0.27971012592315675,201.64404230708584,31.809687187994673,203.1944796248701,30.696353854661332,203.1944796248701,30.696353854661332,203.1944796248701,30.696353854661332,1.652089407191448,-1.062801932367157,0.20165208940719145,0.10053140096618358
all,frozen,fixed100,closed,ICX,short,1788532808,1788549015,100.0,0.30314621031284333,203.0944796248701,30.64635385466133,220.13372133103124,14.140761749398177,220.13372133103124,14.140761749398177,220.13372133103124,14.140761749398177,17.156398104265392,-16.44736842105263,0.2171563981042654,0.10822368421052633
all,frozen,fixed100,closed,ICX,short,1788549603,1788551116,100.0,0.26796306371688844,220.03372133103124,14.090761749398176,221.4819268775239,13.07018778011767,221.4819268775239,13.07018778011767,221.4819268775239,13.07018778011767,1.549755301794447,-0.9700889248180967,0.20154975530179445,0.10048504446240904
all,frozen,fixed100,closed,ICX,short,1788562513,1788564805,100.0,0.22841365337371827,221.3819268775239,13.02018778011767,226.03210975974775,8.774309255171907,226.03210975974775,8.774309255171907,226.03210975974775,8.774309255171907,4.754937820043888,-4.1937816341286975,0.2047549378200439,0.10209689081706436
all,frozen,fixed100,closed,ICX,short,1788564950,1788565065,100.0,0.2686998963356018,225.93210975974776,8.724309255171907,228.58943460051208,6.5038753853328615,228.58943460051208,6.5038753853328615,228.58943460051208,6.5038753853328615,2.7600849256900193,-2.169349195241424,0.20276008492569,0.10108467459762072
all,frozen,fixed100,closed,ICX,short,1788566288,1788566437,100.0,0.21653754711151124,228.48943460051208,6.453875385332862,226.26098099226465,9.051059917218884,226.26098099226465,9.051059917218884,226.26098099226465,9.051059917218884,-2.130584192439871,2.6458616010854796,0.19786941580756012,0.09867706919945726
all,frozen,fixed100,closed,ICX,short,1788566581,1788567288,100.0,0.33418596982955934,226.16098099226465,9.001059917218884,225.8450588020629,9.806188122347091,225.8450588020629,9.806188122347091,225.8450588020629,9.806188122347091,-0.21613832853026305,0.8547008547008569,0.19978386167146975,0.09957264957264958
all,frozen,fixed100,closed,LA,long,1788567451,1788581281,100.0,0.44260961636900903,225.7450588020629,9.75618812234709,227.23232967782664,8.856920615754655,227.23232967782664,8.856920615754655,227.23232967782664,8.856920615754655,1.5856851905731653,-0.8496923527688208,0.19841431480942684,0.09957515382361559
all,frozen,fixed100,closed,ICX,short,1788581281,1788588860,100.0,0.6132536649703979,227.13232967782665,8.806920615754654,227.16714749159183,9.552546858299376,227.16714749159183,9.552546858299376,227.16714749159183,9.552546858299376,0.13495276653172011,0.7952286282306069,0.2001349527665317,0.0996023856858847
all,frozen,fixed100,closed,ICX,short,1788589506,1788601954,100.0,0.26648266315460206,227.06714749159184,9.502546858299375,225.95941379959453,11.040642096394606,225.95941379959453,11.040642096394606,225.95941379959453,11.040642096394606,-1.0087424344317357,1.5873015873015799,0.1989912575655683,0.09920634920634921
all,frozen,fixed100,closed,ICX,short,1788608905,1788609601,100.0,0.20193631649017335,225.85941379959453,10.990642096394605,225.75941379959454,11.467567705347866,225.75941379959454,11.467567705347866,225.75941379959454,11.467567705347866,0.0,0.5266622778143529,0.2,0.09973666886109284
all,frozen,fixed100,closed,ICX,short,1788611796,1788613278,100.0,0.22848148345947267,225.65941379959455,11.417567705347865,227.24463647165933,10.240430528409496,227.24463647165933,10.240430528409496,227.24463647165933,10.240430528409496,1.6869095816464252,-1.1265738899933733,0.20168690958164642,0.10056328694499668
all,frozen,fixed100,closed,ICX,short,1788613634,1788636916,100.0,0.21983493566513063,227.14463647165934,10.190430528409495,219.94754580860115,17.74423052840949,219.94754580860115,17.74423052840949,219.94754580860115,17.74423052840949,-7.104194857916107,7.599999999999992,0.19289580514208388,0.09620000000000001
all,frozen,fixed100,closed,LA,long,1788652049,1788667672,100.0,0.21153442263603212,219.84754580860115,17.694230528409488,219.25062655031527,18.65992272281302,219.25062655031527,18.65992272281302,219.25062655031527,18.65992272281302,-0.4964228354504409,1.0162002945508044,0.20049642283545044,0.1005081001472754
all,frozen,fixed100,closed,ICX,short,1788673125,1788679509,100.0,0.2828641951084137,219.15062655031528,18.609922722813018,216.6288083684971,21.55942305592428,216.6288083684971,21.55942305592428,216.6288083684971,21.55942305592428,-2.4242424242424305,2.9980013324450416,0.19757575757575757,0.09850099933377748
all,frozen,fixed100,closed,ICX,short,1788686348,1788702198,100.0,0.31323437094688417,216.5288083684971,21.50942305592428,215.3860108737163,23.114281774049715,215.3860108737163,23.114281774049715,215.3860108737163,23.114281774049715,-1.0438413361169159,1.654031702274298,0.1989561586638831,0.09917298414886286
all,frozen,fixed100,closed,LA,long,1788738277,1788746595,100.0,0.21689873635768891,215.2860108737163,23.064281774049714,220.1122483558336,18.590950362776827,220.1122483558336,18.590950362776827,220.1122483558336,18.590950362776827,4.921316165951357,-4.425544183364571,0.19507868383404864,0.0977872279083177
all,frozen,fixed100,closed,ICX,short,1788767962,1788776834,100.0,0.22949094772338868,220.0122483558336,18.540950362776826,219.45538859973604,19.476291271867733,219.45538859973604,19.476291271867733,219.45538859973604,19.476291271867733,-0.4573170731707263,0.9848484848484842,0.19954268292682928,0.09950757575757577
all,frozen,fixed100,closed,ICX,short,1788780625,1788782118,100.0,0.23100699931383134,219.35538859973605,19.426291271867733,217.64903331642824,21.508254742187372,217.64903331642824,21.508254742187372,217.64903331642824,21.508254742187372,-1.6079632465543652,2.130898021308986,0.19839203675344563,0.0989345509893455
all,frozen,fixed100,closed,ICX,short,1788782887,1788785955,100.0,0.3131969466805458,217.54903331642825,21.45825474218737,218.98951134264257,20.488959183228715,218.98951134264257,20.488959183228715,218.98951134264257,20.488959183228715,1.542020046260592,-0.9188361408882106,0.2015420200462606,0.10045941807044412
all,frozen,fixed100,closed,ICX,short,1788822186,1788822883,100.0,0.2497403144836426,218.88951134264258,20.438959183228715,218.39086808645743,21.338800955380616,218.39086808645743,21.338800955380616,218.39086808645743,21.338800955380616,-0.39904229848363687,0.9493670886075974,0.19960095770151637,0.0995253164556962
all,frozen,fixed100,closed,ICX,short,1788827495,1788828267,100.0,0.24596447944641114,218.29086808645744,21.288800955380616,217.15769386211377,22.8168766651598,217.15769386211377,22.8168766651598,217.15769386211377,22.8168766651598,-1.0342084327764511,1.577287066246061,0.19896579156722355,0.09921135646687698
all,frozen,fixed100,closed,ICX,short,1788828899,1788831459,100.0,0.4130136638879776,217.05769386211378,22.7668766651598,220.05229275012013,20.355350307960745,220.05229275012013,20.355350307960745,220.05229275012013,20.355350307960745,3.0976965845909428,-2.3603461841070015,0.20309769658459093,0.1011801730920535
all,frozen,fixed100,closed,ICX,short,1788858976,1788861395,100.0,0.28144554495811464,219.95229275012014,20.305350307960744,218.936379194128,21.7505744795007,218.936379194128,21.7505744795007,218.936379194128,21.7505744795007,-0.916830386378528,1.49447693307342,0.1990831696136215,0.0992527615334633
all,frozen,fixed100,closed,ICX,long,1788871089,1788871766,100.0,0.3589823514223099,218.836379194128,21.7005744795007,216.30133645908526,24.761600969566924,216.30133645908526,24.761600969566924,216.30133645908526,24.761600969566924,-2.4326101249178205,3.112582781456953,0.2024326101249178,0.10155629139072848
all,frozen,fixed100,closed,ICX,short,1788882734,1788885302,100.0,0.24530564323067666,216.20133645908527,24.711600969566923,214.33049293830288,26.97138225753775,214.33049293830288,26.97138225753775,214.33049293830288,26.97138225753775,-1.772616136919307,2.308626974483587,0.1982273838630807,0.09884568651275821
all,frozen,fixed100,closed,ICX,short,1788886304,1788886545,100.0,0.36026200354099275,214.2304929383029,26.92138225753775,213.2818278897592,28.377252215394464,213.2818278897592,28.377252215394464,213.2818278897592,28.377252215394464,-0.8495145631068035,1.5051173991571356,0.1991504854368932,0.09924744130042143
all,frozen,fixed100,closed,ICX,short,1788894892,1788896232,100.0,0.27480262219905854,213.1818278897592,28.327252215394463,211.60135108563549,30.32693211296169,211.60135108563549,30.32693211296169,211.60135108563549,30.32693211296169,-1.4819587628866044,2.0486555697823357,0.19851804123711336,0.09897567221510885
all,frozen,fixed100,closed,ICX,long,1788902709,1788904529,100.0,0.40197832584381105,211.5013510856355,30.27693211296169,211.84851126432088,30.483872986997678,211.84851126432088,30.483872986997678,211.84851126432088,30.483872986997678,0.44671346522016986,0.2570694087403606,0.19955328653477983,0.10012853470437016
all,frozen,fixed100,closed,ICX,long,1788905019,1788907089,100.0,0.21379920542240144,211.74851126432088,30.433872986997677,210.75017793098755,31.80251814828801,210.75017793098755,31.80251814828801,210.75017793098755,31.80251814828801,-0.8974358974359053,1.4193548387096868,0.20089743589743592,0.10070967741935485
all,frozen,fixed100,closed,ICX,long,1788909747,1788913126,100.0,0.34061498641967775,210.65017793098755,31.752518148288008,212.92282367089786,29.962576175367314,212.92282367089786,29.962576175367314,212.92282367089786,29.962576175367314,2.370275464445871,-1.7408123791102477,0.1976297245355541,0.09912959381044488
all,frozen,fixed100,closed,ICX,long,1788914499,1788918098,100.0,0.30443252325057985,212.82282367089786,29.912576175367313,210.16822326794286,33.03666401320515,210.16822326794286,33.03666401320515,210.16822326794286,33.03666401320515,-2.552048354600404,3.175675675675675,0.2025520483546004,0.10158783783783784
all,frozen,fixed100,closed,ICX,long,1788956791,1788961859,100.0,0.2658703148365021,210.06822326794287,32.98666401320515,209.8973810881835,33.578283128754364,209.8973810881835,33.578283128754364,209.8973810881835,33.578283128754364,-0.0707714083510233,0.64194008559201,0.200070771408351,0.100320970042796
all,frozen,fixed100,closed,ICX,long,1788990648,1788994801,100.0,0.2736360251903534,209.7973810881835,33.52828312875437,209.61533190785565,34.13856388845709,209.61533190785565,34.13856388845709,209.61533190785565,34.13856388845709,-0.08196721311475075,0.6606110652353444,0.20008196721311475,0.10033030553261765
all,frozen,fixed100,closed,RVN,long,1789038976,1789052425,100.0,0.2369681715965271,209.51533190785565,34.088563888457095,212.599016335778,31.382085483141488,212.599016335778,31.382085483141488,212.599016335778,31.382085483141488,3.1805039239983404,-2.657807308970092,0.1968194960760017,0.09867109634551496
all,frozen,fixed100,closed,ICX,short,1789052595,1789069771,100.0,0.26489289551973344,212.499016335778,31.332085483141487,211.83001714944766,32.414421780635436,211.83001714944766,32.414421780635436,211.83001714944766,32.414421780635436,-0.5695687550854402,1.131770412287803,0.19943043124491455,0.09943411479385608
all,frozen,fixed100,closed,ICX,short,1789075055,1789075567,100.0,0.3488240361213684,211.73001714944766,32.36442178063544,212.93483347597825,31.665273362143967,212.93483347597825,31.665273362143967,212.93483347597825,31.665273362143967,1.306122448979581,-0.6488240064882277,0.2013061224489796,0.10032441200324412
all,frozen,fixed100,closed,ICX,short,1789085305,1789097732,100.0,0.35627562999725343,212.83483347597826,31.615273362143967,213.3122901233771,31.647348833842077,213.3122901233771,31.647348833842077,213.3122901233771,31.647348833842077,0.5780346820809299,0.08203445447087443,0.2005780346820809,0.09995898277276455
all,frozen,fixed100,closed,ICX,long,1789111351,1789112611,100.0,0.4447469457983971,213.2122901233771,31.597348833842076,211.871381032468,33.54634883384207,211.871381032468,33.54634883384207,211.871381032468,33.54634883384207,-1.23966942148761,1.999999999999991,0.20123966942148758,0.101
all,frozen,fixed100,closed,ICX,long,1789113286,1789114831,100.0,0.25984945595264436,211.771381032468,33.49634883384207,209.26126867291745,36.42872786610014,209.26126867291745,36.42872786610014,209.26126867291745,36.42872786610014,-2.4077046548956655,2.98387096774194,0.20240770465489566,0.10149193548387096
all,frozen,fixed100,closed,ICX,long,1789120858,1789120904,100.0,0.34031875133514405,209.16126867291746,36.37872786610014,208.58078867291746,37.45628628672868,208.58078867291746,37.45628628672868,208.58078867291746,37.45628628672868,-0.4799999999999943,1.1281224818694702,0.20048,0.10056406124093473
all,frozen,fixed100,closed,ICX,short,1789135705,1789141324,100.0,0.255618517100811,208.48078867291747,37.40628628672868,209.0989196633328,37.19747676291916,209.0989196633328,37.19747676291916,209.0989196633328,37.19747676291916,0.7188498402555895,-0.15873015873015225,0.2007188498402556,0.10007936507936507
all,frozen,fixed100,closed,ICX,short,1789142433,1789143743,100.0,0.26314702332019807,208.9989196633328,37.14747676291916,209.06109498800814,37.5005790997443,209.06109498800814,37.5005790997443,209.06109498800814,37.5005790997443,0.1623376623376698,0.40290088638194765,0.20016233766233768,0.09979854955680903
all,frozen,fixed100,closed,ICX,short,1789170478,1789183361,100.0,0.2639951229095459,208.96109498800814,37.4505790997443,209.83335776173075,36.99780132196653,209.83335776173075,36.99780132196653,209.83335776173075,36.99780132196653,0.9732360097323486,-0.40257648953300884,0.20097323600973235,0.10020128824476651
all,frozen,fixed100,closed,ICX,short,1789186818,1789195276,100.0,0.26250694394111634,209.73335776173076,36.94780132196653,210.36196392056382,36.73694923193437,210.36196392056382,36.73694923193437,210.36196392056382,36.73694923193437,0.729335494327389,-0.16077170418007172,0.20072933549432737,0.10008038585209003
all,frozen,fixed100,closed,ICX,short,1789217925,1789241845,100.0,0.7703681707382202,210.26196392056383,36.68694923193437,211.15681869234805,36.71943068288243,211.15681869234805,36.71943068288243,211.15681869234805,36.71943068288243,0.9958506224066416,0.08244023083264299,0.20099585062240666,0.0999587798845837
all,frozen,fixed100,closed,ICX,short,1789283257,1789287301,100.0,0.20629229843616487,211.05681869234806,36.669430682882435,210.36014633739927,37.7216764455943,210.36014633739927,37.7216764455943,210.36014633739927,37.7216764455943,-0.5972696245733693,1.1016949152542366,0.1994027303754266,0.09944915254237288
all,frozen,fixed100,closed,ICX,short,1789293631,1789345715,100.0,0.2803295075893402,210.26014633739928,37.6716764455943,204.68963243680955,43.64979360040602,204.68963243680955,43.64979360040602,204.68963243680955,43.64979360040602,-5.475989890480198,6.025104602510462,0.1945240101095198,0.09698744769874479
all,frozen,fixed100,closed,LA,long,1789383884,1789390224,100.0,0.21162956655025483,204.58963243680955,43.599793600406024,203.38292797189106,45.175460599978,203.38292797189106,45.175460599978,203.38292797189106,45.175460599978,-1.1055988660524492,1.6264802396918279,0.20110559886605248,0.10081324011984592
all,frozen,fixed100,closed,CAP,long,1789390224,1789401764,100.0,0.2533556640148163,203.28292797189107,45.125460599978005,214.92951363784002,33.84059023823294,214.92951363784002,33.84059023823294,214.92951363784002,33.84059023823294,11.734850815133804,-11.24049060704859,0.1882651491848662,0.0943797546964757
all,frozen,fixed100,closed,CAP,long,1789402300,1789403772,100.0,0.24342645406723024,214.82951363784002,33.790590238232944,214.9058702269873,34.11406888591978,214.9058702269873,34.11406888591978,214.9058702269873,34.11406888591978,0.1761804087385411,0.37366548042704956,0.19982381959126147,0.10018683274021353
all,frozen,fixed100,closed,CAP,long,1789431354,1789433541,100.0,0.21602256298065187,214.8058702269873,34.06406888591978,212.72369200916552,36.52448588801285,212.72369200916552,36.52448588801285,212.72369200916552,36.52448588801285,-1.9801980198019882,2.511672838512326,0.201980198019802,0.10125583641925615
all,frozen,fixed100,closed,CAP,long,1789434104,1789459443,100.0,0.24255154728889466,212.62369200916552,36.47448588801285,222.2209734750712,27.23629112805525,222.2209734750712,27.23629112805525,222.2209734750712,27.23629112805525,9.68759387203364,-9.192791155535371,0.19031240612796638,0.09540360442223232
all,frozen,fixed100,closed,CAP,long,1789465585,1789466194,100.0,0.2476818084716797,222.1209734750712,27.18629112805525,225.09134274249226,24.609338532118453,225.09134274249226,24.609338532118453,225.09134274249226,24.609338532118453,3.0673019654556173,-2.528216704288941,0.19693269803454438,0.09873589164785554
all,frozen,fixed100,closed,LA,long,1789520176,1789530310,100.0,0.21530447602272035,224.99134274249226,24.559338532118453,225.43919262521314,24.477882985304934,225.43919262521314,24.477882985304934,225.43919262521314,24.477882985304934,0.5473025801407397,-0.03147128245474783,0.19945269741985927,0.09998426435877264
all,frozen,fixed100,closed,ICX,long,1789558592,1789584208,100.0,0.36875335574150087,225.33919262521314,24.427882985304933,225.33498209889734,24.957303275160015,225.33498209889734,24.957303275160015,225.33498209889734,24.957303275160015,0.09569377990430233,0.5797101449275461,0.19990430622009575,0.10028985507246377
all,frozen,fixed100,closed,ICX,short,1789584871,1789591451,100.0,0.8494442522525787,225.23498209889735,24.907303275160015,226.7790285654995,24.37675572472774,226.7790285654995,24.37675572472774,226.7790285654995,24.37675572472774,1.6456921587608906,-0.4803073967339067,0.2016456921587609,0.10024015369836695
all,frozen,fixed100,closed,ICX,short,1789594310,1789597829,100.0,0.3635071039199829,226.6790285654995,24.32675572472774,225.33981100824758,26.173438189182722,225.33981100824758,26.173438189182722,225.33981100824758,26.173438189182722,-1.2404580152671747,1.895734597156403,0.1987595419847328,0.0990521327014218
all,frozen,fixed100,closed,ICX,long,1789598925,1789608206,100.0,0.285128128528595,225.23981100824759,26.12343818918272,223.58485955193692,28.22500374691266,223.58485955193692,28.22500374691266,223.58485955193692,28.22500374691266,-1.5533980582524312,2.152641878669273,0.2015533980582524,0.10107632093933464
all,frozen,fixed100,closed,ICX,short,1789612269,1789616103,100.0,0.46373399794101716,223.48485955193692,28.175003746912658,225.21171229495906,27.07285269528743,225.21171229495906,27.07285269528743,225.21171229495906,27.07285269528743,1.8286814244465923,-1.0516252390057264,0.2018286814244466,0.10052581261950286
all,frozen,fixed100,closed,ICX,long,1789617958,1789619335,100.0,0.26690630316734315,225.11171229495906,27.02285269528743,225.77076442766048,26.78192623874492,225.77076442766048,26.78192623874492,225.77076442766048,26.78192623874492,0.7582938388625612,-0.1910219675262743,0.19924170616113746,0.09990448901623686
all,frozen,fixed100,closed,ICX,short,1789620290,1789628441,100.0,0.36225165128707887,225.6707644276605,26.73192623874492,226.14162157051763,26.776580921810194,226.14162157051763,26.776580921810194,226.14162157051763,26.776580921810194,0.5714285714285646,0.09460737937558744,0.20057142857142857,0.09995269631031221
all,frozen,fixed100,closed,ICX,short,1789631194,1789632493,100.0,0.734721553325653,226.04162157051763,26.726580921810193,227.0790029746922,26.58237188226216,227.0790029746922,26.58237188226216,227.0790029746922,26.58237188226216,1.138519924098658,-0.09416195856875073,0.20113851992409865,0.10004708097928439
all,frozen,fixed100_equalize,closed,KAITO,long,1786446062,1786464057,100.0,0.20422412157058717,99.9,99.95,99.72296444512854,100.4914201183432,100.10719228173588,100.10719228173588,100.10719228173588,100.10719228173588,-0.07695859627519545,0.591715976331365,0.2000769585962752,0.1002958579881657
all,frozen,fixed100_equalize,closed,KAITO,long,1786483114,1786492857,100.0,0.22116167545318605,100.00719228173588,100.05719228173588,102.38310793101446,98.05210169331195,100.21760481216322,100.21760481216322,100.21760481216322,100.21760481216322,2.473442207071517,-1.9560686227352875,0.1975265577929285,0.09902196568863236
all,frozen,fixed100_equalize,closed,KAITO,long,1786505611,1786507312,100.0,0.29351259469985963,100.11760481216322,100.16760481216322,100.9959896863821,99.74386883427346,100.36992926032778,100.36992926032778,100.36992926032778,100.36992926032778,0.9774074667521221,-0.37392293935944865,0.19902259253324786,0.09981303853032027
all,frozen,fixed100_equalize,closed,KAITO,long,1786514433,1786521637,100.0,0.6373310208320617,100.26992926032779,100.31992926032778,100.82343015799385,100.56843598008886,100.69593306904136,100.69593306904136,100.69593306904136,100.69593306904136,0.6528480496164523,0.29865604778497157,0.19934715195038355,0.10014932802389248
all,frozen,fixed100_equalize,closed,BEAT,long,1786541636,1786546201,100.0,0.23051453083753587,100.59593306904137,100.64593306904136,96.38625564968652,105.2548277489509,100.82054169931871,100.82054169931871,100.82054169931871,100.82054169931871,-4.105571847507336,4.661225292555818,0.20410557184750733,0.10233061264627791
all,frozen,fixed100_equalize,closed,ACU,long,1786600054,1786602084,100.0,0.6770085550844669,100.72054169931872,100.77054169931871,97.87724546190485,104.47306119771297,101.17515332980891,101.17515332980891,101.17515332980891,101.17515332980891,-2.74055568173214,3.7543966967426194,0.20274055568173213,0.10187719834837133
all,frozen,fixed100_equalize,closed,HOME,long,1786629763,1786636861,100.0,0.22594682574272157,101.07515332980891,101.12515332980891,100.25257903525561,102.3301901500506,101.2913845926531,101.2913845926531,101.2913845926531,101.2913845926531,-0.7218524421111905,1.2556646525679707,0.20072185244211121,0.100627832326284
all,frozen,fixed100_equalize,closed,HOME,long,1786669924,1786686382,100.0,0.25120912194252015,101.19138459265311,101.2413845926531,93.01659918492778,109.8557504295123,101.43617480722004,101.43617480722004,101.43617480722004,101.43617480722004,-8.066718689036282,8.66870018695267,0.2080667186890363,0.10433435009347633
all,frozen,fixed100_equalize,closed,2Z,long,1786688000,1786705082,100.0,0.21554599404335023,101.33617480722005,101.38617480722004,99.90434936815673,103.19139522485345,101.54787229650509,101.54787229650509,101.54787229650509,101.54787229650509,-1.330494944119201,1.856148491879349,0.2013304949441192,0.10092807424593968
all,frozen,fixed100_equalize,closed,2Z,long,1786710836,1786718194,100.0,0.21976625621318818,101.4478722965051,101.4978722965051,102.28321820845478,101.03209186604751,101.65765503725115,101.65765503725115,101.65765503725115,101.65765503725115,0.9344115004492356,-0.41598842466992414,0.19906558849955075,0.09979200578766503
all,frozen,fixed100_equalize,closed,RVN,long,1786718194,1786723211,100.0,1.0776719570159912,101.55765503725115,101.60765503725115,108.37063846266553,95.95070381773895,102.16067114020224,102.16067114020224,102.16067114020224,102.16067114020224,6.906077348066301,-5.60975609756098,0.19309392265193367,0.09719512195121952
all,frozen,fixed100_equalize,closed,CAP,long,1786730607,1786732266,100.0,0.28488774299621583,102.06067114020225,102.11067114020224,115.04677610384435,89.50533642880137,102.27605626632285,102.27605626632285,102.27605626632285,102.27605626632285,13.073031931710402,-12.561615519160446,0.18692696806828962,0.09371919224041977
all,frozen,fixed100_equalize,closed,CAP,long,1786733445,1786733684,100.0,6.678063046932221,102.17605626632286,102.22605626632286,119.13211822640628,91.32528403660326,105.22870113150478,105.22870113150478,105.22870113150478,105.22870113150478,17.039022937146267,-10.856200329884535,0.18296097706285375,0.09457189983505773
all,frozen,fixed100_equalize,closed,CAP,short,1786733685,1786733748,100.0,2.9009881138801576,105.12870113150478,105.17870113150478,106.21512109708138,107.16196448387294,106.68854279047716,106.68854279047716,106.68854279047716,106.68854279047716,1.187607573149747,2.0322472287537834,0.20118760757314974,0.09898387638562312
all,frozen,fixed100_equalize,closed,CAP,long,1786733772,1786749473,100.0,0.21223921775817872,106.58854279047716,106.63854279047716,95.38143998673885,118.25652562309517,106.81898280491701,106.81898280491701,106.81898280491701,106.81898280491701,-11.096006796941367,11.67381974248926,0.21109600679694138,0.10583690987124464
all,frozen,fixed100_equalize,closed,CAP,long,1786753017,1786789435,100.0,0.22431724965572358,106.71898280491702,106.76898280491702,102.58685165737603,111.29504479358913,106.94094822548257,106.94094822548257,106.94094822548257,106.94094822548257,-4.028103044496485,4.578351164254241,0.20402810304449648,0.10228917558212713
all,frozen,fixed100_equalize,closed,WAL,long,1786789784,1786912522,100.0,0.20040805339813234,106.84094822548258,106.89094822548257,127.00928095076532,87.00522606451233,107.00725350763882,107.00725350763882,107.00725350763882,107.00725350763882,20.248084640642098,-19.84564498346197,0.17975191535935792,0.09007717750826902
all,frozen,fixed100_equalize,closed,ONT,long,1787258005,1787263118,100.0,0.30505876131355764,106.90725350763883,106.95725350763882,115.12591502630035,99.15904814223641,107.14248158426838,107.14248158426838,107.14248158426838,107.14248158426838,8.31035116749403,-7.752081406105456,0.19168964883250597,0.09612395929694728
all,frozen,fixed100_equalize,closed,ONT,long,1787266388,1787268904,100.0,0.20269240140914918,107.04248158426839,107.09248158426838,111.32810802546747,103.14908042147769,107.23859422347257,107.23859422347257,107.23859422347257,107.23859422347257,4.381245196003082,-3.895348837209298,0.1956187548039969,0.09805232558139536
all,frozen,fixed100_equalize,closed,ONT,long,1787272315,1787300442,100.0,0.2038760006427765,107.13859422347258,107.18859422347258,114.640173170841,100.01824560657224,107.32920938870662,107.32920938870662,107.32920938870662,107.32920938870662,7.593984962406005,-7.123910572186433,0.19240601503759397,0.0964380447139068
all,frozen,fixed100_equalize,closed,HMSTR,short,1787375473,1787375569,100.0,5.632081699371338,107.22920938870662,107.27920938870662,125.46006653156377,95.85168231289434,110.65587442222906,110.65587442222906,110.65587442222906,110.65587442222906,18.349206349206348,-11.371841155234655,0.21834920634920635,0.10568592057761733
all,frozen,fixed100_equalize,closed,COAI,long,1787375569,1787376082,100.0,1.086129468679428,110.55587442222907,110.60587442222906,102.55959471158492,119.95228807125412,111.25594139141953,111.25594139141953,111.25594139141953,111.25594139141953,-7.888391319324827,9.401114206128122,0.20788839131932482,0.10470055710306406
all,frozen,fixed100_equalize,closed,GIGGLE,long,1787376082,1787380500,100.0,0.23096452355384828,111.15594139141953,111.20594139141953,112.84153777054627,109.89752992611012,111.36953384832819,111.36953384832819,111.36953384832819,111.36953384832819,1.7838125665601747,-1.2590409858023008,0.19821618743343983,0.09937047950709885
all,frozen,fixed100_equalize,closed,MOVE,long,1787385385,1787387413,100.0,0.21920855045318605,111.2695338483282,111.31953384832819,116.65888868703787,106.28231120518498,111.47059994611143,111.47059994611143,111.47059994611143,111.47059994611143,5.483870967741937,-4.989717501894158,0.19451612903225807,0.0975051412490529
all,frozen,fixed100_equalize,closed,MOVE,long,1787446997,1787455107,100.0,0.20315794348716737,111.37059994611144,111.42059994611144,125.64899906891846,97.44875603720142,111.54887755305994,111.54887755305994,111.54887755305994,111.54887755305994,14.364035087719294,-13.928808313066547,0.1856359649122807,0.09303559584346671
all,frozen,fixed100_equalize,closed,ONT,long,1787663309,1787667209,100.0,0.4532636895775795,111.44887755305994,111.49887755305994,115.38676698219736,108.14564530319613,111.76620614269675,111.76620614269675,111.76620614269675,111.76620614269675,4.03385557356385,-3.3048846922099187,0.19596614442643612,0.09834755765389505
all,frozen,fixed100_equalize,closed,EDEN,long,1787729195,1787732459,100.0,0.2257328748703003,111.66620614269675,111.71620614269675,114.41673594402126,109.33403947603009,111.87538771002568,111.87538771002568,111.87538771002568,111.87538771002568,2.847682119205297,-2.333333333333331,0.1971523178807947,0.09883333333333333
all,frozen,fixed100_equalize,closed,BICO,long,1787750977,1787754806,100.0,0.20775188207626344,111.77538771002568,111.82538771002568,111.06449721664421,112.89939290033709,111.98194505849065,111.98194505849065,111.98194505849065,111.98194505849065,-0.6102802131682988,1.1245674740484422,0.20061028021316832,0.10056228373702422
all,frozen,fixed100_equalize,closed,ONT,long,1787754806,1787756689,100.0,0.411020827293396,111.88194505849066,111.93194505849065,116.67933798214057,107.67262707042586,112.1759825262832,112.1759825262832,112.1759825262832,112.1759825262832,4.892500423226675,-4.211423699914748,0.19510749957677334,0.09789428815004264
all,frozen,fixed100_equalize,closed,BICO,long,1787757213,1787758630,100.0,0.2325303375720978,112.07598252628321,112.12598252628321,110.49167031907427,114.10225932940212,112.29696482423819,112.29696482423819,112.29696482423819,112.29696482423819,-1.482829377831112,2.0272904483430785,0.20148282937783113,0.10101364522417154
all,frozen,fixed100_equalize,closed,EDEN,long,1787763764,1787777336,100.0,0.20008450448513032,112.1969648242382,112.24696482423819,111.19207080927558,113.60868798807999,112.40037939867779,112.40037939867779,112.40037939867779,112.40037939867779,-0.9039900249376731,1.4124293785310704,0.20090399002493767,0.10070621468926555
all,frozen,fixed100_equalize,closed,ONT,short,1787778899,1787780733,100.0,0.27344677299261094,112.30037939867779,112.35037939867779,116.30782162975349,108.78485233315072,112.5463369814521,112.5463369814521,112.5463369814521,112.5463369814521,4.111553784860556,-3.5137701804368464,0.20411155378486057,0.10175688509021842
all,frozen,fixed100_equalize,closed,ONT,short,1787785705,1787789172,100.0,0.2351804792881012,112.4463369814521,112.4963369814521,115.56748111220992,109.77420329397977,112.67084220309485,112.67084220309485,112.67084220309485,112.67084220309485,3.2243684992570656,-2.670798288328178,0.20322436849925707,0.10133539914416409
all,frozen,fixed100_equalize,closed,ONT,long,1787789578,1787797669,100.0,0.38572995625436307,112.57084220309486,112.62084220309485,121.96732849965143,103.71343846583552,112.84038348274348,112.84038348274348,112.84038348274348,112.84038348274348,9.486999297259318,-8.86183465458662,0.19051300070274066,0.0955690826727067
all,frozen,fixed100_equalize,closed,BICO,long,1787802088,1787803113,100.0,0.4941717952489853,112.74038348274348,112.79038348274348,113.99799633913209,112.17475432162497,113.08637533037853,113.08637533037853,113.08637533037853,113.08637533037853,1.356256599788812,-0.5659121171770972,0.19864374340021118,0.09971704394141145
all,frozen,fixed100_equalize,closed,BICO,long,1787803348,1787809070,100.0,0.21010045409202577,112.98637533037854,113.03637533037853,118.61729136091289,107.74966769777828,113.18347952934559,113.18347952934559,113.18347952934559,113.18347952934559,5.725190839694663,-5.239327296248383,0.19427480916030535,0.09738033635187582
all,frozen,fixed100_equalize,closed,BICO,long,1787816365,1787817846,100.0,0.3444871425628662,113.0834795293456,113.13347952934559,116.20013098087014,110.50269753008332,113.35141425547673,113.35141425547673,113.35141425547673,113.35141425547673,3.213438013511042,-2.582073035780152,0.19678656198648897,0.09870896348210992
all,frozen,fixed100_equalize,closed,HOME,long,1787968180,1787976646,100.0,0.2151418149471283,113.25141425547673,113.30141425547673,116.05855711261958,110.85173016133677,113.45514363697818,113.45514363697818,113.45514363697818,113.45514363697818,2.9042386185243236,-2.400884536408154,0.1970957613814757,0.09879955773179593
all,frozen,fixed100_equalize,closed,ICX,short,1788109977,1788125336,100.0,0.8902687549591064,113.35514363697818,113.40514363697818,103.4035543949244,124.29178331309154,113.84766885400796,113.84766885400796,113.84766885400796,113.84766885400796,-9.861450692746532,10.931174089068831,0.1901385493072535,0.09453441295546558
all,frozen,fixed100_equalize,closed,ICX,short,1788140030,1788141140,100.0,0.25016350746154786,113.74766885400797,113.79766885400797,113.46198112166596,114.48536470654253,113.97367291410424,113.97367291410424,113.97367291410424,113.97367291410424,-0.18587360594796393,0.7373271889400941,0.19981412639405202,0.09963133640552997
all,frozen,fixed100_equalize,closed,ICX,short,1788173397,1788175807,100.0,0.25839841812849046,113.87367291410425,113.92367291410424,114.14818088036479,114.05998576326625,114.10408332181552,114.10408332181552,114.10408332181552,114.10408332181552,0.37488284910965414,0.1862197392923574,0.20037488284910965,0.09990689013035382
all,frozen,fixed100_equalize,closed,ICX,short,1788179771,1788189486,100.0,0.26127220392227174,114.00408332181553,114.05408332181553,114.56193844881457,113.91049117962656,114.23621481422057,114.23621481422057,114.23621481422057,114.23621481422057,0.6585136406396884,-0.09354536950420572,0.20065851364063972,0.1000467726847521
all,frozen,fixed100_equalize,closed,ICX,short,1788192130,1788192607,100.0,0.25248286575078965,114.13621481422058,114.18621481422058,114.12888642832075,114.59727472205468,114.36308057518772,114.36308057518772,114.36308057518772,114.36308057518772,0.09276437847866043,0.46082949308755483,0.20009276437847867,0.09976958525345624
all,frozen,fixed100_equalize,closed,ICX,short,1788194771,1788195248,100.0,0.2572660863399506,114.26308057518773,114.31308057518773,113.88246259765964,115.10070848216446,114.49158553991205,114.49158553991205,114.49158553991205,114.49158553991205,-0.2808988764044991,0.8372093023255796,0.19971910112359548,0.0995813953488372
all,frozen,fixed100_equalize,closed,ICX,short,1788219059,1788232500,100.0,0.3410256624221802,114.39158553991206,114.44158553991205,113.46292194544202,115.85751960584611,114.66022077564406,114.66022077564406,114.66022077564406,114.66022077564406,-0.8294930875576019,1.4652014652014531,0.19917050691244242,0.09926739926739926
all,frozen,fixed100_equalize,closed,ICX,short,1788251049,1788257155,100.0,0.2612582266330719,114.56022077564407,114.61022077564407,113.98899436054974,115.59166407461315,114.79032921758144,114.79032921758144,114.79032921758144,114.79032921758144,-0.4716981132075443,1.030927835051553,0.19952830188679246,0.09948453608247422
all,frozen,fixed100_equalize,closed,ICX,short,1788261243,1788266736,100.0,0.26916747987270356,114.69032921758145,114.74032921758145,115.73422234735244,114.12132447824496,114.9277734127987,114.9277734127987,114.9277734127987,114.9277734127987,1.1450381679389343,-0.5687203791469126,0.2011450381679389,0.10028436018957346
all,frozen,fixed100_equalize,closed,ICX,short,1788285394,1788289449,100.0,0.28252429962158204,114.8277734127987,114.8777734127987,114.2399804440487,115.89626855842978,115.06812450123924,115.06812450123924,115.06812450123924,115.06812450123924,-0.488281250000014,1.0679611650485508,0.19951171875,0.09946601941747571
all,frozen,fixed100_equalize,closed,ICX,short,1788307078,1788310921,100.0,0.2861744284629822,114.96812450123925,115.01812450123924,113.48747297113066,116.9298892071216,115.20868108912613,115.20868108912613,115.20868108912613,115.20868108912613,-1.3820335636722556,1.9607843137254954,0.19861796643632773,0.09901960784313726
all,frozen,fixed100_equalize,closed,LA,long,1788313714,1788319013,100.0,0.2032511502504349,115.10868108912614,115.15868108912613,117.90032214628654,112.7130958100168,115.30670897815168,115.30670897815168,115.30670897815168,115.30670897815168,2.8887523048555517,-2.3967836709448114,0.19711124769514446,0.0988016081645276
all,frozen,fixed100_equalize,closed,ICX,short,1788335025,1788338017,100.0,0.23051777929067613,115.20670897815168,115.25670897815168,113.92889547332854,116.91150131042005,115.4201983918743,115.4201983918743,115.4201983918743,115.4201983918743,-1.1789924973204609,1.7039403620873315,0.19882100750267956,0.09914802981895635
all,frozen,fixed100_equalize,closed,ICX,short,1788343666,1788349466,100.0,0.22965986728668214,115.3201983918743,115.3701983918743,116.1838639867296,114.89580814797186,115.53983606735073,115.53983606735073,115.53983606735073,115.53983606735073,0.9646302250803839,-0.4241781548250277,0.20096463022508038,0.10021208907741253
all,frozen,fixed100_equalize,closed,LA,long,1788349466,1788350809,100.0,0.5037973940372467,115.43983606735074,115.48983606735074,117.06845310406528,114.51478097700256,115.79161704053392,115.79161704053392,115.79161704053392,115.79161704053392,1.7268901465679822,-0.9255178492728156,0.198273109853432,0.0995372410753636
all,frozen,fixed100_equalize,closed,ICX,short,1788352531,1788364772,100.0,0.21660920679569245,115.69161704053393,115.74161704053392,114.75824894877167,117.03944087473081,115.89884491175124,115.89884491175124,115.89884491175124,115.89884491175124,-0.834202294056311,1.3471502590673565,0.1991657977059437,0.09932642487046633
all,frozen,fixed100_equalize,closed,LA,long,1788364780,1788371361,100.0,0.22957940101623536,115.79884491175125,115.84884491175124,122.63720576256189,109.36834851103139,116.00277713679664,116.00277713679664,116.00277713679664,116.00277713679664,6.931429421389257,-6.433713257348533,0.19306857057861077,0.09678314337132574
all,frozen,fixed100_equalize,closed,ICX,short,1788371439,1788372710,100.0,0.4454739212989807,115.90277713679664,115.95277713679664,109.26425782349193,123.14814454893721,116.20620118621457,116.20620118621457,116.20620118621457,116.20620118621457,-6.5450643776823965,7.24174653887114,0.19345493562231758,0.09637912673056444
all,frozen,fixed100_equalize,closed,ICX,short,1788381010,1788384123,100.0,0.2683524310588837,116.10620118621458,116.15620118621457,115.65972719777527,117.02303967418709,116.34138343598119,116.34138343598119,116.34138343598119,116.34138343598119,-0.34682080924856085,0.9163802978235992,0.19965317919075143,0.09954180985108821
all,frozen,fixed100_equalize,closed,LA,long,1788387355,1788422773,100.0,0.21047682762145997,116.24138343598119,116.29138343598119,114.48174345492954,118.42390654723397,116.45282500108175,116.45282500108175,116.45282500108175,116.45282500108175,-1.6579819990525966,2.183614918712139,0.2016579819990526,0.10109180745935607
all,frozen,fixed100_equalize,closed,ICX,short,1788431981,1788465064,100.0,0.23981124609708787,116.35282500108175,116.40282500108175,118.41750539111425,114.73737828418184,116.57744183764805,116.57744183764805,116.57744183764805,116.57744183764805,2.166847237269759,-1.6146393972013005,0.20216684723726977,0.10080731969860064
all,frozen,fixed100_equalize,closed,ICX,short,1788477336,1788478223,100.0,0.21748909801244737,116.47744183764806,116.52744183764806,117.41698398124846,115.96012022441124,116.68855210282985,116.68855210282985,116.68855210282985,116.68855210282985,1.0405827263267367,-0.5170630816959638,0.20104058272632674,0.10025853154084799
all,frozen,fixed100_equalize,closed,LA,long,1788479756,1788509425,100.0,0.21255279779434205,116.58855210282985,116.63855210282985,113.90767579786306,119.69605369721762,116.80186474754035,116.80186474754035,116.80186474754035,116.80186474754035,-2.5782980069598334,3.1090561224489917,0.20257829800695987,0.1015545280612245
all,frozen,fixed100_equalize,closed,ICX,short,1788519958,1788529528,100.0,0.27971012592315675,116.70186474754036,116.75186474754035,118.25230206532461,115.63853141420701,116.94541673976582,116.94541673976582,116.94541673976582,116.94541673976582,1.652089407191448,-1.062801932367157,0.20165208940719145,0.10053140096618358
all,frozen,fixed100_equalize,closed,ICX,short,1788532808,1788549015,100.0,0.30314621031284333,116.84541673976582,116.89541673976582,133.88465844592696,100.38982463450267,117.13724154021482,117.13724154021482,117.13724154021482,117.13724154021482,17.156398104265392,-16.44736842105263,0.2171563981042654,0.10822368421052633
all,frozen,fixed100_equalize,closed,ICX,short,1788549603,1788551116,100.0,0.26796306371688844,117.03724154021482,117.08724154021482,118.48544708670748,116.06666757093431,117.2760573288209,117.2760573288209,117.2760573288209,117.2760573288209,1.549755301794447,-0.9700889248180967,0.20154975530179445,0.10048504446240904
all,frozen,fixed100_equalize,closed,ICX,short,1788562513,1788564805,100.0,0.22841365337371827,117.1760573288209,117.2260573288209,121.82624021104475,112.98017880387513,117.40320950745993,117.40320950745993,117.40320950745993,117.40320950745993,4.754937820043888,-4.1937816341286975,0.2047549378200439,0.10209689081706436
all,frozen,fixed100_equalize,closed,ICX,short,1788564950,1788565065,100.0,0.2686998963356018,117.30320950745994,117.35320950745994,119.96053434822427,115.1327756376209,117.54665499292258,117.54665499292258,117.54665499292258,117.54665499292258,2.7600849256900193,-2.169349195241424,0.20276008492569,0.10108467459762072
all,frozen,fixed100_equalize,closed,ICX,short,1788566288,1788566437,100.0,0.21653754711151124,117.44665499292259,117.49665499292259,115.21820138467515,120.09383952480862,117.65602045474188,117.65602045474188,117.65602045474188,117.65602045474188,-2.130584192439871,2.6458616010854796,0.19786941580756012,0.09867706919945726
all,frozen,fixed100_equalize,closed,ICX,short,1788566581,1788567288,100.0,0.33418596982955934,117.55602045474188,117.60602045474188,117.24009826454015,118.4111486598701,117.82562346220513,117.82562346220513,117.82562346220513,117.82562346220513,-0.21613832853026305,0.8547008547008569,0.19978386167146975,0.09957264957264958
all,frozen,fixed100_equalize,closed,LA,long,1788567451,1788581281,100.0,0.44260961636900903,117.72562346220514,117.77562346220513,119.21289433796888,116.8763559556127,118.04462514679079,118.04462514679079,118.04462514679079,118.04462514679079,1.5856851905731653,-0.8496923527688208,0.19841431480942684,0.09957515382361559
all,frozen,fixed100_equalize,closed,ICX,short,1788581281,1788588860,100.0,0.6132536649703979,117.9446251467908,117.9946251467908,117.97944296055599,118.74025138933551,118.35984717494574,118.35984717494574,118.35984717494574,118.35984717494574,0.13495276653172011,0.7952286282306069,0.2001349527665317,0.0996023856858847
all,frozen,fixed100_equalize,closed,ICX,short,1788589506,1788601954,100.0,0.26648266315460206,118.25984717494575,118.30984717494574,117.15211348294844,119.84794241304097,118.50002794799471,118.50002794799471,118.50002794799471,118.50002794799471,-1.0087424344317357,1.5873015873015799,0.1989912575655683,0.09920634920634921
all,frozen,fixed100_equalize,closed,ICX,short,1788608905,1788609601,100.0,0.20193631649017335,118.40002794799472,118.45002794799471,118.30002794799472,118.92695355694798,118.61349075247135,118.61349075247135,118.61349075247135,118.61349075247135,0.0,0.5266622778143529,0.2,0.09973666886109284
all,frozen,fixed100_equalize,closed,ICX,short,1788611796,1788613278,100.0,0.22848148345947267,118.51349075247136,118.56349075247135,120.09871342453613,117.38635357553298,118.74253350003455,118.74253350003455,118.74253350003455,118.74253350003455,1.6869095816464252,-1.1265738899933733,0.20168690958164642,0.10056328694499668
all,frozen,fixed100_equalize,closed,ICX,short,1788613634,1788636916,100.0,0.21983493566513063,118.64253350003456,118.69253350003456,111.44544283697637,126.24633350003455,118.84588816850547,118.84588816850547,118.84588816850547,118.84588816850547,-7.104194857916107,7.599999999999992,0.19289580514208388,0.09620000000000001
all,frozen,fixed100_equalize,closed,LA,long,1788652049,1788667672,100.0,0.21153442263603212,118.74588816850547,118.79588816850547,118.14896891021958,119.761580362909,118.9552746365643,118.9552746365643,118.9552746365643,118.9552746365643,-0.4964228354504409,1.0162002945508044,0.20049642283545044,0.1005081001472754
all,frozen,fixed100_equalize,closed,ICX,short,1788673125,1788679509,100.0,0.2828641951084137,118.8552746365643,118.9052746365643,116.33345645474611,121.85477496967556,119.09411571221084,119.09411571221084,119.09411571221084,119.09411571221084,-2.4242424242424305,2.9980013324450416,0.19757575757575757,0.09850099933377748
all,frozen,fixed100_equalize,closed,ICX,short,1788686348,1788702198,100.0,0.31323437094688417,118.99411571221084,119.04411571221084,117.85131821743005,120.64897443033628,119.25014632388317,119.25014632388317,119.25014632388317,119.25014632388317,-1.0438413361169159,1.654031702274298,0.1989561586638831,0.09917298414886286
all,frozen,fixed100_equalize,closed,LA,long,1788738277,1788746595,100.0,0.21689873635768891,119.15014632388318,119.20014632388317,123.97638380600048,114.72681491261028,119.35159935930538,119.35159935930538,119.35159935930538,119.35159935930538,4.921316165951357,-4.425544183364571,0.19507868383404864,0.0977872279083177
all,frozen,fixed100_equalize,closed,ICX,short,1788767962,1788776834,100.0,0.22949094772338868,119.25159935930539,119.30159935930538,118.69473960320784,120.2369402683963,119.46583993580207,119.46583993580207,119.46583993580207,119.46583993580207,-0.4573170731707263,0.9848484848484842,0.19954268292682928,0.09950757575757577
all,frozen,fixed100_equalize,closed,ICX,short,1788780625,1788782118,100.0,0.23100699931383134,119.36583993580207,119.41583993580207,117.65948465249426,121.4978034061217,119.57864402930798,119.57864402930798,119.57864402930798,119.57864402930798,-1.6079632465543652,2.130898021308986,0.19839203675344563,0.0989345509893455
all,frozen,fixed100_equalize,closed,ICX,short,1788782887,1788785955,100.0,0.3131969466805458,119.47864402930799,119.52864402930798,120.91912205552232,118.55934847034933,119.73923526293584,119.73923526293584,119.73923526293584,119.73923526293584,1.542020046260592,-0.9188361408882106,0.2015420200462606,0.10045941807044412
all,frozen,fixed100_equalize,closed,ICX,short,1788822186,1788822883,100.0,0.2497403144836426,119.63923526293584,119.68923526293584,119.1405920067507,120.58907703508774,119.86483452091922,119.86483452091922,119.86483452091922,119.86483452091922,-0.39904229848363687,0.9493670886075974,0.19960095770151637,0.0995253164556962
all,frozen,fixed100_equalize,closed,ICX,short,1788827495,1788828267,100.0,0.24596447944641114,119.76483452091922,119.81483452091922,118.63166029657555,121.34291023069841,119.98728526363698,119.98728526363698,119.98728526363698,119.98728526363698,-1.0342084327764511,1.577287066246061,0.19896579156722355,0.09921135646687698
all,frozen,fixed100_equalize,closed,ICX,short,1788828899,1788831459,100.0,0.4130136638879776,119.88728526363698,119.93728526363698,122.88188415164333,117.52575890643793,120.20382152904062,120.20382152904062,120.20382152904062,120.20382152904062,3.0976965845909428,-2.3603461841070015,0.20309769658459093,0.1011801730920535
all,frozen,fixed100_equalize,closed,ICX,short,1788858976,1788861395,100.0,0.28144554495811464,120.10382152904063,120.15382152904063,119.08790797304849,121.59904570058059,120.34347683681455,120.34347683681455,120.34347683681455,120.34347683681455,-0.916830386378528,1.49447693307342,0.1990831696136215,0.0992527615334633
all,frozen,fixed100_equalize,closed,ICX,long,1788871089,1788871766,100.0,0.3589823514223099,120.24347683681455,120.29347683681455,117.70843410177181,123.35450332688077,120.5314687143263,120.5314687143263,120.5314687143263,120.5314687143263,-2.4326101249178205,3.112582781456953,0.2024326101249178,0.10155629139072848
all,frozen,fixed100_equalize,closed,ICX,short,1788882734,1788885302,100.0,0.24530564323067666,120.4314687143263,120.4814687143263,118.56062519354391,122.74125000229712,120.65093759792052,120.65093759792052,120.65093759792052,120.65093759792052,-1.772616136919307,2.308626974483587,0.1982273838630807,0.09884568651275821
all,frozen,fixed100_equalize,closed,ICX,short,1788886304,1788886545,100.0,0.36026200354099275,120.55093759792052,120.60093759792052,119.60227254937682,122.05680755577724,120.82954005257703,120.82954005257703,120.82954005257703,120.82954005257703,-0.8495145631068035,1.5051173991571356,0.1991504854368932,0.09924744130042143
all,frozen,fixed100_equalize,closed,ICX,short,1788894892,1788896232,100.0,0.27480262219905854,120.72954005257704,120.77954005257703,119.14906324845332,122.77921995014427,120.96414159929878,120.96414159929878,120.96414159929878,120.96414159929878,-1.4819587628866044,2.0486555697823357,0.19851804123711336,0.09897567221510885
all,frozen,fixed100_equalize,closed,ICX,long,1788902709,1788904529,100.0,0.40197832584381105,120.86414159929879,120.91414159929879,121.21130177798418,121.12108247333478,121.16619212565948,121.16619212565948,121.16619212565948,121.16619212565948,0.44671346522016986,0.2570694087403606,0.19955328653477983,0.10012853470437016
all,frozen,fixed100_equalize,closed,ICX,long,1788905019,1788907089,100.0,0.21379920542240144,121.06619212565948,121.11619212565948,120.06785879232615,122.48483728694981,121.27634803963798,121.27634803963798,121.27634803963798,121.27634803963798,-0.8974358974359053,1.4193548387096868,0.20089743589743592,0.10070967741935485
all,frozen,fixed100_equalize,closed,ICX,long,1788909747,1788913126,100.0,0.34061498641967775,121.17634803963799,121.22634803963798,123.4489937795483,119.4364060667173,121.4426999231328,121.4426999231328,121.4426999231328,121.4426999231328,2.370275464445871,-1.7408123791102477,0.1976297245355541,0.09912959381044488
all,frozen,fixed100_equalize,closed,ICX,long,1788914499,1788918098,100.0,0.30443252325057985,121.34269992313281,121.39269992313281,118.68809952017781,124.51678776097064,121.60244364057422,121.60244364057422,121.60244364057422,121.60244364057422,-2.552048354600404,3.175675675675675,0.2025520483546004,0.10158783783783784
all,frozen,fixed100_equalize,closed,ICX,long,1788956791,1788961859,100.0,0.2658703148365021,121.50244364057423,121.55244364057423,121.33160146081485,122.14406275612343,121.73783210846915,121.73783210846915,121.73783210846915,121.73783210846915,-0.0707714083510233,0.64194008559201,0.200070771408351,0.100320970042796
all,frozen,fixed100_equalize,closed,ICX,long,1788990648,1788994801,100.0,0.2736360251903534,121.63783210846915,121.68783210846915,121.45578292814129,122.29811286817188,121.87694789815659,121.87694789815659,121.87694789815659,121.87694789815659,-0.08196721311475075,0.6606110652353444,0.20008196721311475,0.10033030553261765
all,frozen,fixed100_equalize,closed,RVN,long,1789038976,1789052425,100.0,0.2369681715965271,121.77694789815659,121.82694789815659,124.86063232607893,119.12046949284098,121.99055090945996,121.99055090945996,121.99055090945996,121.99055090945996,3.1805039239983404,-2.657807308970092,0.1968194960760017,0.09867109634551496
all,frozen,fixed100_equalize,closed,ICX,short,1789052595,1789069771,100.0,0.26489289551973344,121.89055090945996,121.94055090945996,121.22155172312961,123.02288720695391,122.12221946504175,122.12221946504175,122.12221946504175,122.12221946504175,-0.5695687550854402,1.131770412287803,0.19943043124491455,0.09943411479385608
all,frozen,fixed100_equalize,closed,ICX,short,1789075055,1789075567,100.0,0.3488240361213684,122.02221946504176,122.07221946504175,123.22703579157236,121.37307104655028,122.30005341906133,122.30005341906133,122.30005341906133,122.30005341906133,1.306122448979581,-0.6488240064882277,0.2013061224489796,0.10032441200324412
all,frozen,fixed100_equalize,closed,ICX,short,1789085305,1789097732,100.0,0.35627562999725343,122.20005341906133,122.25005341906133,122.67751006646019,122.28212889075944,122.47981947860981,122.47981947860981,122.47981947860981,122.47981947860981,0.5780346820809299,0.08203445447087443,0.2005780346820809,0.09995898277276455
all,frozen,fixed100_equalize,closed,ICX,long,1789111351,1789112611,100.0,0.4447469457983971,122.37981947860982,122.42981947860982,121.03891038770072,124.37881947860981,122.70886493315527,122.70886493315527,122.70886493315527,122.70886493315527,-1.23966942148761,1.999999999999991,0.20123966942148758,0.101
all,frozen,fixed100_equalize,closed,ICX,long,1789113286,1789114831,100.0,0.25984945595264436,122.60886493315527,122.65886493315527,120.09875257360471,125.59124396541334,122.84499826950903,122.84499826950903,122.84499826950903,122.84499826950903,-2.4077046548956655,2.98387096774194,0.20240770465489566,0.10149193548387096
all,frozen,fixed100_equalize,closed,ICX,long,1789120858,1789120904,100.0,0.34031875133514405,122.74499826950904,122.79499826950904,122.16451826950905,123.87255669013757,123.01853747982331,123.01853747982331,123.01853747982331,123.01853747982331,-0.4799999999999943,1.1281224818694702,0.20048,0.10056406124093473
all,frozen,fixed100_equalize,closed,ICX,short,1789135705,1789141324,100.0,0.255618517100811,122.91853747982331,122.96853747982331,123.53666847023865,122.75972795601379,123.14819821312622,123.14819821312622,123.14819821312622,123.14819821312622,0.7188498402555895,-0.15873015873015225,0.2007188498402556,0.10007936507936507
all,frozen,fixed100_equalize,closed,ICX,short,1789142433,1789143743,100.0,0.26314702332019807,123.04819821312623,123.09819821312622,123.11037353780156,123.45130054995137,123.28083704387646,123.28083704387646,123.28083704387646,123.28083704387646,0.1623376623376698,0.40290088638194765,0.20016233766233768,0.09979854955680903
all,frozen,fixed100_equalize,closed,ICX,short,1789170478,1789183361,100.0,0.2639951229095459,123.18083704387647,123.23083704387646,124.05309981759908,122.7780592660987,123.41557954184889,123.41557954184889,123.41557954184889,123.41557954184889,0.9732360097323486,-0.40257648953300884,0.20097323600973235,0.10020128824476651
all,frozen,fixed100_equalize,closed,ICX,short,1789186818,1789195276,100.0,0.26250694394111634,123.31557954184889,123.36557954184889,123.94418570068196,123.15472745181673,123.54945657624934,123.54945657624934,123.54945657624934,123.54945657624934,0.729335494327389,-0.16077170418007172,0.20072933549432737,0.10008038585209003
all,frozen,fixed100_equalize,closed,ICX,short,1789217925,1789241845,100.0,0.7703681707382202,123.44945657624935,123.49945657624934,124.34431134803359,123.5319380271974,123.9381246876155,123.9381246876155,123.9381246876155,123.9381246876155,0.9958506224066416,0.08244023083264299,0.20099585062240666,0.0999587798845837
all,frozen,fixed100_equalize,closed,ICX,short,1789283257,1789287301,100.0,0.20629229843616487,123.8381246876155,123.8881246876155,123.1414523326667,124.94037045032736,124.04091139149703,124.04091139149703,124.04091139149703,124.04091139149703,-0.5972696245733693,1.1016949152542366,0.1994027303754266,0.09944915254237288
all,frozen,fixed100_equalize,closed,ICX,short,1789293631,1789345715,100.0,0.2803295075893402,123.94091139149704,123.99091139149704,118.37039749090732,129.96902854630875,124.16971301860804,124.16971301860804,124.16971301860804,124.16971301860804,-5.475989890480198,6.025104602510462,0.1945240101095198,0.09698744769874479
all,frozen,fixed100_equalize,closed,LA,long,1789383884,1789390224,100.0,0.21162956655025483,124.06971301860804,124.11971301860804,122.86300855368954,125.69538001818002,124.27919428593478,124.27919428593478,124.27919428593478,124.27919428593478,-1.1055988660524492,1.6264802396918279,0.20110559886605248,0.10081324011984592
all,frozen,fixed100_equalize,closed,CAP,long,1789390224,1789401764,100.0,0.2533556640148163,124.17919428593478,124.22919428593478,135.82577995188373,112.94432392418972,124.38505193803672,124.38505193803672,124.38505193803672,124.38505193803672,11.734850815133804,-11.24049060704859,0.1882651491848662,0.0943797546964757
all,frozen,fixed100_equalize,closed,CAP,long,1789402300,1789403772,100.0,0.24342645406723024,124.28505193803673,124.33505193803673,124.36140852718401,124.65853058572357,124.5099695564538,124.5099695564538,124.5099695564538,124.5099695564538,0.1761804087385411,0.37366548042704956,0.19982381959126147,0.10018683274021353
all,frozen,fixed100_equalize,closed,CAP,long,1789431354,1789433541,100.0,0.21602256298065187,124.4099695564538,124.4599695564538,122.32779133863201,126.92038655854687,124.62408894858945,124.62408894858945,124.62408894858945,124.62408894858945,-1.9801980198019882,2.511672838512326,0.201980198019802,0.10125583641925615
all,frozen,fixed100_equalize,closed,CAP,long,1789434104,1789459443,100.0,0.24255154728889466,124.52408894858945,124.57408894858945,134.12137041449512,115.33589418863184,124.72863230156348,124.72863230156348,124.72863230156348,124.72863230156348,9.68759387203364,-9.192791155535371,0.19031240612796638,0.09540360442223232
all,frozen,fixed100_equalize,closed,CAP,long,1789465585,1789466194,100.0,0.2476818084716797,124.62863230156348,124.67863230156348,127.59900156898456,122.10167970562668,124.85034063730562,124.85034063730562,124.85034063730562,124.85034063730562,3.0673019654556173,-2.528216704288941,0.19693269803454438,0.09873589164785554
all,frozen,fixed100_equalize,closed,LA,long,1789520176,1789530310,100.0,0.21530447602272035,124.75034063730563,124.80034063730562,125.1981905200265,124.71888509049211,124.95853780525931,124.95853780525931,124.95853780525931,124.95853780525931,0.5473025801407397,-0.03147128245474783,0.19945269741985927,0.09998426435877264
all,frozen,fixed100_equalize,closed,ICX,long,1789558592,1789584208,100.0,0.36875335574150087,124.85853780525932,124.90853780525931,124.85432727894353,125.4379580951144,125.14614268702897,125.14614268702897,125.14614268702897,125.14614268702897,0.09569377990430233,0.5797101449275461,0.19990430622009575,0.10028985507246377
all,frozen,fixed100_equalize,closed,ICX,short,1789584871,1789591451,100.0,0.8494442522525787,125.04614268702898,125.09614268702897,126.5901891536311,124.5655951365967,125.5778921451139,125.5778921451139,125.5778921451139,125.5778921451139,1.6456921587608906,-0.4803073967339067,0.2016456921587609,0.10024015369836695
all,frozen,fixed100_equalize,closed,ICX,short,1789594310,1789597829,100.0,0.3635071039199829,125.47789214511391,125.52789214511391,124.138674587862,127.3745746095689,125.75662459871545,125.75662459871545,125.75662459871545,125.75662459871545,-1.2404580152671747,1.895734597156403,0.1987595419847328,0.0990521327014218
all,frozen,fixed100_equalize,closed,ICX,long,1789598925,1789608206,100.0,0.285128128528595,125.65662459871545,125.70662459871545,124.00167314240477,127.80819015644539,125.90493164942508,125.90493164942508,125.90493164942508,125.90493164942508,-1.5533980582524312,2.152641878669273,0.2015533980582524,0.10107632093933464
all,frozen,fixed100_equalize,closed,ICX,short,1789612269,1789616103,100.0,0.46373399794101716,125.80493164942509,125.85493164942508,127.53178439244724,124.75278059779986,126.14228249512354,126.14228249512354,126.14228249512354,126.14228249512354,1.8286814244465923,-1.0516252390057264,0.2018286814244466,0.10052581261950286
all,frozen,fixed100_equalize,closed,ICX,long,1789617958,1789619335,100.0,0.26690630316734315,126.04228249512354,126.09228249512354,126.70133462782496,125.85135603858103,126.276345333203,126.276345333203,126.276345333203,126.276345333203,0.7582938388625612,-0.1910219675262743,0.19924170616113746,0.09990448901623686
all,frozen,fixed100_equalize,closed,ICX,short,1789620290,1789628441,100.0,0.36225165128707887,126.176345333203,126.226345333203,126.64720247606014,126.27100001626827,126.45910124616421,126.45910124616421,126.45910124616421,126.45910124616421,0.5714285714285646,0.09460737937558744,0.20057142857142857,0.09995269631031221
all,frozen,fixed100_equalize,closed,ICX,short,1789631194,1789632493,100.0,0.734721553325653,126.35910124616422,126.40910124616421,127.39648265033877,126.26489220661618,126.83068742847748,126.83068742847748,126.83068742847748,126.83068742847748,1.138519924098658,-0.09416195856875073,0.20113851992409865,0.10004708097928439
all,frozen,balance_equalize,closed,KAITO,long,1786446062,1786464057,100.0,0.20422412157058717,99.9,99.95,99.72296444512854,100.4914201183432,100.10719228173588,100.10719228173588,100.10719228173588,100.10719228173588,-0.07695859627519545,0.591715976331365,0.2000769585962752,0.1002958579881657
all,frozen,balance_equalize,closed,KAITO,long,1786483114,1786492857,100.10719228173588,0.22116167545318605,100.00708508945414,100.057138685595,102.38554753692931,98.04989879481849,100.2177231658739,100.2177231658739,100.2177231658739,100.2177231658739,2.476093546210695,-1.9581653773243168,0.19773829101726106,0.09912810959307372
all,frozen,balance_equalize,closed,KAITO,long,1786505611,1786507312,100.2177231658739,0.29351259469985963,100.11750544270804,100.16761430429096,100.99780276428362,99.74295575501519,100.37037925964941,100.37037925964941,100.37037925964941,100.37037925964941,0.9795355092322229,-0.3747370562209508,0.1994559108225156,0.10003035463776343
all,frozen,balance_equalize,closed,KAITO,long,1786514433,1786521637,100.37037925964941,0.6373310208320617,100.27000888038977,100.32019407001958,100.82555983058276,100.56962120712949,100.69759051885612,100.69759051885612,100.69759051885612,100.69759051885612,0.6552660633892574,0.29976220784365576,0.2000854924559096,0.10052026036357123
all,frozen,balance_equalize,closed,BEAT,long,1786541636,1786546201,100.69759051885612,0.23051453083753587,100.59689292833725,100.6472417235967,96.35784919843057,105.28828761581735,100.82306840712397,100.82306840712397,100.82306840712397,100.82306840712397,-4.134211927460372,4.693741558259211,0.20552939296517259,0.10304446129798572
all,frozen,balance_equalize,closed,ACU,long,1786600054,1786602084,100.82306840712397,0.6770085550844669,100.72224533871685,100.77265687292041,97.85554682825187,104.50565063957355,101.18059873391272,101.18059873391272,101.18059873391272,101.18059873391272,-2.7631123297281186,3.7852979498316137,0.20440924914397607,0.10271571738203977
all,frozen,balance_equalize,closed,HOME,long,1786629763,1786636861,101.18059873391272,0.22594682574272157,101.0794181351788,101.13000843454576,100.2471325389185,102.3492719042304,101.29820222157446,101.29820222157446,101.29820222157446,101.29820222157446,-0.7303746229034732,1.2704890135583775,0.2030915720907289,0.10181584324069193
all,frozen,balance_equalize,closed,HOME,long,1786669924,1786686382,101.29820222157446,0.25120912194252015,101.19690401935289,101.24755312046366,92.91599336585553,109.97375084599152,101.44487210592352,101.44487210592352,101.44487210592352,101.44487210592352,-8.171441010265513,8.781237445361318,0.21076784545341443,0.10568882094425511
all,frozen,balance_equalize,closed,2Z,long,1786688000,1786705082,101.44487210592352,0.21554599404335023,101.3434272338176,101.39414966987056,99.89091374837973,103.22545321376879,101.55818348107425,101.55818348107425,101.55818348107425,101.55818348107425,-1.3497188944375023,1.8829674636830336,0.20423946310628455,0.10238635583776504
all,frozen,balance_equalize,closed,2Z,long,1786710836,1786718194,101.55818348107425,0.21976625621318818,101.45662529759318,101.50740438933371,102.30498743155269,101.03436624515066,101.66967683835168,101.66967683835168,101.66967683835168,101.66967683835168,0.9489713460944937,-0.4224702875863119,0.202167395616054,0.10134694833728108
all,frozen,balance_equalize,closed,RVN,long,1786718194,1786723211,101.66967683835168,1.0776719570159912,101.56800716151332,101.6188419999325,108.49474539318257,95.86743797615125,102.18109168466691,102.18109168466691,102.18109168466691,102.18109168466691,7.021386521985616,-5.703420895809977,0.19631796715471775,0.09881796639044668
all,frozen,balance_equalize,closed,CAP,long,1786730607,1786732266,102.18109168466691,0.28488774299621583,102.07891059298224,102.13000113882458,115.34825441214846,89.24973252020892,102.2989934661787,102.2989934661787,102.2989934661787,102.2989934661787,13.358166744106788,-12.835595870708682,0.19100401662522704,0.09576329374931257
all,frozen,balance_equalize,closed,CAP,long,1786733445,1786733684,102.2989934661787,6.678063046932221,102.19669447271252,102.24784396944561,119.54257518937946,91.09646369840175,105.31951944389061,105.31951944389061,105.31951944389061,105.31951944389061,17.43074896117195,-11.105783666143852,0.18716723797118545,0.09674610163310679
all,frozen,balance_equalize,closed,CAP,short,1786733685,1786733748,105.31951944389061,2.9009881138801576,105.21419992444672,105.26685968416867,106.35841221133447,107.3556231161896,106.85701766376204,106.85701766376204,106.85701766376204,106.85701766376204,1.2507825889205655,2.140353015235269,0.2118898214767018,0.10424934293627298
all,frozen,balance_equalize,closed,CAP,long,1786733772,1786749473,106.85701766376204,0.21223921775817872,106.75016064609828,106.80358915493015,94.77458482351166,119.21821912255362,106.99640197303265,106.99640197303265,106.99640197303265,106.99640197303265,-11.856861942979872,12.474295624267487,0.22557089727050395,0.11309416547589578
all,frozen,balance_equalize,closed,CAP,long,1786753017,1786789435,106.99640197303265,0.22431724965572358,106.88940557105961,106.94290377204614,102.46817391838377,111.7856272509944,107.12690058468908,107.12690058468908,107.12690058468908,107.12690058468908,-4.309925325377426,4.898671015442488,0.21830272927144273,0.1094457374807539
all,frozen,balance_equalize,closed,WAL,long,1786789784,1786912522,107.12690058468908,0.20040805339813234,107.0197736841044,107.07333713439674,128.62548343230736,85.77037932446666,107.19793137838701,107.19793137838701,107.19793137838701,107.19793137838701,21.69114550328436,-21.26002437182364,0.1925626556660938,0.09649688839877726
all,frozen,balance_equalize,closed,ONT,long,1787258005,1787263118,107.19793137838701,0.30505876131355764,107.09073344700863,107.14433241269782,115.9009685820053,98.78481757634806,107.34289307917669,107.34289307917669,107.34289307917669,107.34289307917669,8.908524541833234,-8.310070906113626,0.2054873382149408,0.1030428959253302
all,frozen,balance_equalize,closed,ONT,long,1787266388,1787268904,107.34289307917669,0.20269240140914918,107.23555018609751,107.28922163263711,111.83586559464678,103.05626073877968,107.44606316671323,107.44606316671323,107.44606316671323,107.44606316671323,4.702955346282154,-4.18138013738653,0.20998283081207125,0.10525220301048344
all,frozen,balance_equalize,closed,ONT,long,1787272315,1787300442,107.44606316671323,0.2038760006427765,107.33861710354651,107.39234013512987,115.39876835783684,99.68808283094158,107.54342559438922,107.54342559438922,107.54342559438922,107.54342559438922,8.15943787957746,-7.654361453331597,0.206732688453849,0.10361888244004744
all,frozen,balance_equalize,closed,HMSTR,short,1787375473,1787375569,107.54342559438922,5.632081699371338,107.43588216879483,107.48965388159202,127.0419704554428,95.20009980353717,111.12103512948998,111.12103512948998,111.12103512948998,111.12103512948998,19.733365077319668,-12.229667531491913,0.23482021626609811,0.11365825936013517
all,frozen,balance_equalize,closed,COAI,long,1787375569,1787376082,111.12103512948998,1.086129468679428,111.0099140943605,111.06547461192524,102.12436530804332,121.45130620620581,111.78783575712457,111.78783575712457,111.78783575712457,111.78783575712457,-8.76566208909858,10.446615419555103,0.23100773234807853,0.11634434283926752
all,frozen,balance_equalize,closed,GIGGLE,long,1787376082,1787380500,111.78783575712457,0.23096452355384828,111.67604792136744,111.731941839246,113.56033963319368,110.26929697937855,111.91481830628612,111.91481830628612,111.91481830628612,111.91481830628612,1.9940854621212367,-1.4074546693235581,0.2215815860521279,0.1110841084224628
all,frozen,balance_equalize,closed,MOVE,long,1787385385,1787387413,111.91481830628612,0.21920855045318605,111.80290348797983,111.85886089713298,117.8343901636028,106.22146232837616,112.02792624598948,112.02792624598948,112.02792624598948,112.02792624598948,6.1372642296995625,-5.5842332762418065,0.2176923723828727,0.10912270166816522
all,frozen,balance_equalize,closed,MOVE,long,1787446997,1787455107,112.02792624598948,0.20315794348716737,111.91589831974349,111.97191228286648,127.91169275814974,96.319545293388,112.11561902576886,112.11561902576886,112.11561902576886,112.11561902576886,16.09173063401822,-15.604155103907443,0.20796412185796073,0.10422584869403576
all,frozen,balance_equalize,closed,ONT,long,1787663309,1787667209,112.11561902576886,0.4532636895775795,112.00350340674309,112.05956121625599,116.41849251677083,108.30006412194946,112.35927831936014,112.35927831936014,112.35927831936014,112.35927831936014,4.522582146906589,-3.705291930759026,0.21970865590463112,0.11026297306038936
all,frozen,balance_equalize,closed,EDEN,long,1787729195,1787732459,112.35927831936014,0.2257328748703003,112.24691904104078,112.30309868020046,115.33739447576792,109.62651340516945,112.48195394046869,112.48195394046869,112.48195394046869,112.48195394046869,3.1996350779685327,-2.6217164941184006,0.22151892156075176,0.11104842007230094
all,frozen,balance_equalize,closed,BICO,long,1787750977,1787754806,112.48195394046869,0.20775188207626344,112.36947198652821,112.42571296349846,111.5698484691957,113.63377498698279,112.60181172808925,112.60181172808925,112.60181172808925,112.60181172808925,-0.68645510828376,1.2649354681886606,0.22565036298922114,0.11311442167456301
all,frozen,balance_equalize,closed,ONT,long,1787754806,1787756689,112.60181172808925,0.411020827293396,112.48920991636116,112.5455108222252,117.8911612641061,107.74944160040384,112.82030143225498,112.82030143225498,112.82030143225498,112.82030143225498,5.50904411535767,-4.742139385650135,0.21969457934082082,0.11023074203526419
all,frozen,balance_equalize,closed,BICO,long,1787757213,1787758630,112.82030143225498,0.2325303375720978,112.70748113082273,112.76389128153885,110.92005532302159,114.99353272795332,112.95679402548745,112.95679402548745,112.95679402548745,112.95679402548745,-1.6729325737950917,2.2871951947279743,0.22731353543830507,0.11396389902961895
all,frozen,balance_equalize,closed,EDEN,long,1787763764,1787777336,112.95679402548745,0.20008450448513032,112.84383723146196,112.90031562847471,111.7087411688062,114.43847445785285,113.07360781332952,113.07360781332952,113.07360781332952,113.07360781332952,-1.0211181504798001,1.5954349438628137,0.22693470620145467,0.11375451149741886
all,frozen,balance_equalize,closed,ONT,short,1787778899,1787780733,113.07360781332952,0.27344677299261094,112.96053420551618,113.01707100942285,117.49189371722845,108.98540091887065,113.23864731804954,113.23864731804954,113.23864731804954,113.23864731804954,4.649082201727331,-3.973146713288881,0.23079629782838634,0.11506018116997398
all,frozen,balance_equalize,closed,ONT,short,1787785705,1787789172,113.23864731804954,0.2351804792881012,113.12540867073149,113.18202799439052,116.65975006524833,110.0995206285079,113.37963534687812,113.37963534687812,113.37963534687812,113.37963534687812,3.6512312731079954,-3.024375854296449,0.23012852590920707,0.11475083524519777
all,frozen,balance_equalize,closed,ONT,long,1787789578,1787797669,113.37963534687812,0.38572995625436307,113.26625571153124,113.32294552920467,123.91995760998647,103.22376365302586,113.57186063150615,113.57186063150615,113.57186063150615,113.57186063150615,10.756325208593505,-10.047515816413586,0.21600294548516272,0.10835587743867132
all,frozen,balance_equalize,closed,BICO,long,1787802088,1787803113,113.57186063150615,0.4941717952489853,113.45828877087465,113.5150747011904,114.88658309141621,112.81589320831797,113.8512381498671,113.8512381498671,113.8512381498671,113.8512381498671,1.540325855317754,-0.6427169210171787,0.22560339540769453,0.11325050217099757
all,frozen,balance_equalize,closed,BICO,long,1787803348,1787809070,113.8512381498671,0.21010045409202577,113.73738691171724,113.79431253079217,120.14825453165994,107.77533043371325,113.9617924826866,113.9617924826866,113.9617924826866,113.9617924826866,6.518200657435146,-5.965038997502739,0.2211842756422991,0.11086871865111575
all,frozen,balance_equalize,closed,BICO,long,1787816365,1787817846,113.9617924826866,0.3444871425628662,113.84783069020392,113.90481158644526,117.39962254979898,110.90672526377413,114.15317390678655,114.15317390678655,114.15317390678655,114.15317390678655,3.6620915605172204,-2.942576714787183,0.22426149340485602,0.11249050412529302
all,frozen,balance_equalize,closed,HOME,long,1787968180,1787976646,114.15317390678655,0.2151418149471283,114.03902073287976,114.09609731983315,117.24346340040597,111.29970517568269,114.27158428804432,114.27158428804432,114.27158428804432,114.27158428804432,3.315280560872126,-2.740685900147146,0.22499106725270093,0.11278283095671299
all,frozen,balance_equalize,closed,ICX,short,1788109977,1788125336,114.27158428804432,0.8902687549591064,114.15731270375628,114.2144484959003,102.78547401502283,126.65478412952586,114.72012907227435,114.72012907227435,114.72012907227435,114.72012907227435,-11.268835940385783,12.49122581286315,0.21727433263570287,0.10802597138161277
all,frozen,balance_equalize,closed,ICX,short,1788140030,1788141140,114.72012907227435,0.25016350746154786,114.60540894320208,114.6627690077382,114.27766760791566,115.45169457739054,114.8646810926531,114.8646810926531,114.8646810926531,114.8646810926531,-0.21323444065479483,0.845862702837048,0.22922702370389392,0.11429719772085581
all,frozen,balance_equalize,closed,ICX,short,1788173397,1788175807,114.8646810926531,0.25839841812849046,114.74981641156045,114.80724875210677,115.06512911157955,114.96382407158502,115.01447659158228,115.01447659158228,115.01447659158228,115.01447659158228,0.4306079891008562,0.21390070966973637,0.23015997017440704,0.11475773073781824
all,frozen,balance_equalize,closed,ICX,short,1788179771,1788189486,115.01447659158228,0.26127220392227174,114.8994621149907,114.9569693532865,115.54107626944796,114.79181760252122,115.1664469359846,115.1664469359846,115.1664469359846,115.1664469359846,0.7573860170659107,-0.10759071711092386,0.23078633920023045,0.11506827195013775
all,frozen,balance_equalize,closed,ICX,short,1788192130,1788192607,115.1664469359846,0.25248286575078965,115.05128048904861,115.10886371251661,115.04284064739004,115.58226680314748,115.31255372526876,115.31255372526876,115.31255372526876,115.31255372526876,0.10683343871612236,0.5307209536220456,0.2304397273106853,0.11490108645917359
all,frozen,balance_equalize,closed,ICX,short,1788194771,1788195248,115.31255372526876,0.2572660863399506,115.19724117154348,115.25489744840613,114.75834086171837,116.1631313017939,115.46073608175612,115.46073608175612,115.46073608175612,115.46073608175612,-0.3239116677676144,0.9654074265371316,0.23030119578276986,0.11482985001200019
all,frozen,balance_equalize,closed,ICX,short,1788219059,1788232500,115.46073608175612,0.3410256624221802,115.34527534567437,115.40300571371525,114.27303352377596,117.03785360867504,115.6554435662255,115.6554435662255,115.6554435662255,115.6554435662255,-0.9577388246412928,1.6917323968022737,0.22996373333887093,0.11461486988335498
all,frozen,balance_equalize,closed,ICX,short,1788251049,1788257155,115.6554435662255,0.2612582266330719,115.53978812265927,115.59761584444239,114.87913367851448,116.73270844521608,115.80592106186528,115.80592106186528,115.80592106186528,115.80592106186528,-0.5455445451237019,1.1923241604765593,0.2307653425873273,0.11505928148598721
all,frozen,balance_equalize,closed,ICX,short,1788261243,1788266736,115.80592106186528,0.26916747987270356,115.69011514080341,115.74801810133434,116.89900519463625,115.03117396152912,115.96508957808268,115.96508957808268,115.96508957808268,115.96508957808268,1.3260219968915907,-0.6586118733376146,0.23293786412062217,0.1161352269985341
all,frozen,balance_equalize,closed,ICX,short,1788285394,1788289449,115.96508957808268,0.28252429962158204,115.8491244885046,115.90710703329364,115.16748984575997,117.08820584127314,116.12784784351655,116.12784784351655,116.12784784351655,116.12784784351655,-0.566235788955498,1.2384621217076872,0.2313639433672099,0.11534585851722884
all,frozen,balance_equalize,closed,ICX,short,1788307078,1788310921,116.12784784351655,0.2861744284629822,116.01171999567303,116.06978391959478,114.29227123969584,118.2898751283679,116.29107318403186,116.29107318403186,116.29107318403186,116.29107318403186,-1.6049258339676467,2.2770166243826835,0.23065076985306548,0.11498933953132523
all,frozen,balance_equalize,closed,LA,long,1788313714,1788319013,116.29107318403186,0.2032511502504349,116.17478211084783,116.23292764743984,119.42121145566571,113.38893028073288,116.40507086819929,116.40507086819929,116.40507086819929,116.40507086819929,3.359361056944976,-2.787245452841356,0.22922278531111873,0.11489745045761118
all,frozen,balance_equalize,closed,ICX,short,1788335025,1788338017,116.40507086819929,0.23051777929067613,116.28866579733109,116.34686833276518,114.80122608147829,118.27313051986371,116.537178300671,116.537178300671,116.537178300671,116.537178300671,-1.372407052036635,1.9834729860396094,0.2314377346843619,0.11541333437517948
all,frozen,balance_equalize,closed,ICX,short,1788343666,1788349466,116.537178300671,0.22965986728668214,116.42064112237033,116.47890971152067,117.4271326365684,115.9260687071431,116.67660067185575,116.67660067185575,116.67660067185575,116.67660067185575,1.1241528453440908,-0.49432525260093874,0.2341985094466861,0.11678434092697146
all,frozen,balance_equalize,closed,LA,long,1788349466,1788350809,116.67660067185575,0.5037973940372467,116.5599240711839,116.61826237151982,118.46013906758515,115.48060123742367,116.97037015250442,116.97037015250442,116.97037015250442,116.97037015250442,2.014876720352749,-1.0798627651427908,0.23133832462335877,0.11613666928928434
all,frozen,balance_equalize,closed,ICX,short,1788352531,1788364772,116.97037015250442,0.21660920679569245,116.85339978235191,116.91188496742816,115.76163567053224,118.42995431021569,117.09579499037397,117.09579499037397,117.09579499037397,117.09579499037397,-0.9757695111783502,1.575766644541509,0.2329649707938305,0.11618248683023367
all,frozen,balance_equalize,closed,LA,long,1788364780,1788371361,117.09579499037397,0.22957940101623536,116.9786991953836,117.03724709287879,124.98613219795082,109.4488583131333,117.21749525554206,117.21749525554206,117.21749525554206,117.21749525554206,8.11641238517243,-7.53360768609335,0.22607517759557555,0.11332899114732731
all,frozen,balance_equalize,closed,ICX,short,1788371439,1788372710,117.21749525554206,0.4454739212989807,117.10027776028652,117.15888650791429,109.31877169917531,125.59311596285899,117.45594383101715,117.45594383101715,117.45594383101715,117.45594383101715,-7.671960526382038,8.488593905619659,0.2267630299847021,0.11297319830273224
all,frozen,balance_equalize,closed,ICX,short,1788381010,1788384123,117.45594383101715,0.2683524310588837,117.33848788718613,117.39721585910165,116.81407765010475,118.41536918664028,117.6147234183725,117.6147234183725,117.6147234183725,117.6147234183725,-0.40736165490526877,1.0763431278901943,0.234504526007129,0.11691777226707206
all,frozen,balance_equalize,closed,LA,long,1788387355,1788422773,117.6147234183725,0.21047682762145997,117.49710869495414,117.55591605666332,115.42751299808114,120.06407721579616,117.74579510693866,117.74579510693866,117.74579510693866,117.74579510693866,-1.9500309425121147,2.568252647165602,0.23717947777925713,0.1188988497419553
all,frozen,balance_equalize,closed,ICX,short,1788431981,1788465064,117.74579510693866,0.23981124609708787,117.62804931183172,117.68692220938519,120.05912365349252,115.72592873048899,117.89252619199075,117.89252619199075,117.89252619199075,117.89252619199075,2.5513715082760116,-1.901169996344553,0.23804296172215333,0.11869638010511094
all,frozen,balance_equalize,closed,ICX,short,1788477336,1788478223,117.89252619199075,0.21748909801244737,117.77463366579876,117.83357992889476,118.88228363352766,117.16475014741673,118.0235168904722,118.0235168904722,118.0235168904722,118.0235168904722,1.2267692631840796,-0.6095787290175286,0.2370118216471656,0.11819731555649951
all,frozen,balance_equalize,closed,LA,long,1788479756,1788509425,118.0235168904722,0.21255279779434205,117.90549337358172,117.96450513202696,114.74142887497658,121.57307604270567,118.15725245884113,118.15725245884113,118.15725245884113,118.15725245884113,-3.0429979837309467,3.669417377812845,0.23909003176467533,0.11985822557937863
all,frozen,balance_equalize,closed,ICX,short,1788519958,1788529528,118.15725245884113,0.27971012592315675,118.03909520638229,118.0981738326117,119.87104934217271,116.7826897552366,118.32686954870465,118.32686954870465,118.32686954870465,118.32686954870465,1.9520634517009712,-1.2557775623645033,0.23826656836938326,0.11878514124002339
all,frozen,balance_equalize,closed,ICX,short,1788532808,1788549015,118.32686954870465,0.30314621031284333,118.20854267915594,118.2677061139303,138.3705439848937,98.73715567529428,118.55384983009398,118.55384983009398,118.55384983009398,118.55384983009398,20.30062880409055,-19.46165617577379,0.25695436790149984,0.12805769763659156
all,frozen,balance_equalize,closed,ICX,short,1788549603,1788551116,118.55384983009398,0.26796306371688844,118.43529598026389,118.49457290517893,120.15219940908388,117.28464317423308,118.71842129165847,118.71842129165847,118.71842129165847,118.71842129165847,1.8372945732233084,-1.1500777671472198,0.23894499423341126,0.11912888871366759
all,frozen,balance_equalize,closed,ICX,short,1788562513,1788564805,118.71842129165847,0.22841365337371827,118.59970287036681,118.65906208101265,124.1203265753179,113.61842212623549,118.8693743507767,118.8693743507767,118.8693743507767,118.8693743507767,5.6449871133561045,-4.978791348457107,0.24308182969667308,0.12120781696588705
all,frozen,balance_equalize,closed,ICX,short,1788564950,1788565065,118.8693743507767,0.2686998963356018,118.75050497642592,118.80993966360131,121.90925038911024,116.1705238146509,119.03988710188057,119.03988710188057,119.03988710188057,119.03988710188057,3.280895682717826,-2.57869181586709,0.24101964438427123,0.12015872025871024
all,frozen,balance_equalize,closed,ICX,short,1788566288,1788566437,119.03988710188057,0.21653754711151124,118.92084721477869,118.98036715832963,116.26809855540316,122.07205269291426,119.1700756241587,119.1700756241587,119.1700756241587,119.1700756241587,-2.5362450172909363,3.149630662804165,0.2355435291864702,0.11746507177047849
all,frozen,balance_equalize,closed,ICX,short,1788566581,1788567288,119.1700756241587,0.33418596982955934,119.05090554853454,119.11049058634661,118.67442083555764,120.06996247726933,119.37219165641349,119.37219165641349,119.37219165641349,119.37219165641349,-0.2575722095623071,1.018547654907342,0.23808257903875507,0.11866080179670505
all,frozen,balance_equalize,closed,LA,long,1788567451,1788581281,119.37219165641349,0.44260961636900903,119.25281946475708,119.31250556058528,121.02820730502378,118.2390302291119,119.63361876706784,119.63361876706784,119.63361876706784,119.63361876706784,1.8928671647583644,-1.014296383837086,0.2368515161480686,0.11886504346449495
all,frozen,balance_equalize,closed,ICX,short,1788581281,1788588860,119.63361876706784,0.6132536649703979,119.51398514830078,119.57380195768431,119.55563895888365,120.46582161411747,120.01073028650056,120.01073028650056,120.01073028650056,120.01073028650056,0.16144887822816917,0.9513607854239875,0.23942868641236387,0.11915793837435584
all,frozen,balance_equalize,closed,ICX,short,1788589506,1788601954,120.01073028650056,0.26648266315460206,119.89071955621407,119.9507249213573,118.56132026281848,121.79660424909729,120.17896225595788,120.17896225595788,120.17896225595788,120.17896225595788,-1.2105991622713501,1.9049322267698414,0.23881086141072977,0.11905826417311563
all,frozen,balance_equalize,closed,ICX,short,1788608905,1788609601,120.17896225595788,0.20193631649017335,120.05878329370192,120.11887277482991,119.93860433144596,120.69203702240284,120.3153206769244,120.3153206769244,120.3153206769244,120.3153206769244,0.0,0.6329372600708792,0.24035792451191576,0.11986249362592245
all,frozen,balance_equalize,closed,ICX,short,1788611796,1788613278,120.3153206769244,0.22848148345947267,120.19500535624748,120.25516301658594,122.10227109758553,118.83888664734525,120.47057887246538,120.47057887246538,120.47057887246538,120.47057887246538,2.02961067268766,-1.3554409884080285,0.24266025202653643,0.12099304117112841
all,frozen,balance_equalize,closed,ICX,short,1788613634,1788636916,120.47057887246538,0.21983493566513063,120.35010829359291,120.41034358302915,111.67973150983055,129.5104501698974,120.59509083986399,120.59509083986399,120.59509083986399,120.59509083986399,-8.558464669559454,9.155763994307359,0.2323826930753713,0.1158926968753117
all,frozen,balance_equalize,closed,LA,long,1788652049,1788667672,120.59509083986399,0.21153442263603212,120.47449574902411,120.53479329444406,119.7546404272536,121.69937067351847,120.72700555038604,120.72700555038604,120.72700555038604,120.72700555038604,-0.5986615693612878,1.2254876683285079,0.24178884324908925,0.12120783467402825
all,frozen,balance_equalize,closed,ICX,short,1788673125,1788679509,120.72700555038604,0.2828641951084137,120.60627854483565,120.66664204761085,117.56176296850136,124.22748547847473,120.89462422348805,120.89462422348805,120.89462422348805,120.89462422348805,-2.9267152860699723,3.6193972350215726,0.23852729581470208,0.11891730693287525
all,frozen,balance_equalize,closed,ICX,short,1788686348,1788702198,120.89462422348805,0.31323437094688417,120.77372959926457,120.8341769113763,119.39214886231389,122.77436482797194,121.08325684514291,121.08325684514291,121.08325684514291,121.08325684514291,-1.2619480607879823,1.9996354110018748,0.24052730038618808,0.1198948065179871
all,frozen,balance_equalize,closed,LA,long,1788738277,1788746595,121.08325684514291,0.21689873635768891,120.96217358829777,121.02271521672034,126.80593911472643,115.60625985447433,121.20609948460037,121.20609948460037,121.20609948460037,121.20609948460037,5.95888989338042,-5.358593030338607,0.2362076237969054,0.11840396032997362
all,frozen,balance_equalize,closed,ICX,short,1788767962,1788776834,121.20609948460037,0.22949094772338868,121.08489338511578,121.14549643485807,120.40994539515047,122.27918666765096,121.34456603140072,121.34456603140072,121.34456603140072,121.34456603140072,-0.5542961866673732,1.193696434318033,0.24185790278253338,0.12060925126744135
all,frozen,balance_equalize,closed,ICX,short,1788780625,1788782118,121.34456603140072,0.23100699931383134,121.22322146536932,121.28389374838501,119.15265205188558,123.81024328637668,121.48144766913113,121.48144766913113,121.48144766913113,121.48144766913113,-1.9511760234758166,2.5857289565290937,0.24073795603932563,0.12005170155313619
all,frozen,balance_equalize,closed,ICX,short,1788782887,1788785955,121.48144766913113,0.3131969466805458,121.359966221462,121.42070694529656,123.1098797810629,120.243192668081,121.67653622457195,121.67653622457195,121.67653622457195,121.67653622457195,1.8732682755455727,-1.1162154456581757,0.24483616361380783,0.12203955539196022
all,frozen,balance_equalize,closed,ICX,short,1788822186,1788822883,121.67653622457195,0.2497403144836426,121.55485968834738,121.61569795645966,120.94812784610386,122.7105942563159,121.82936105120987,121.82936105120987,121.82936105120987,121.82936105120987,-0.48554084686580695,1.1551569894737874,0.24286753160227814,0.12109895772983506
all,frozen,balance_equalize,closed,ICX,short,1788827495,1788828267,121.82936105120987,0.24596447944641114,121.70753169015866,121.76844637068427,120.32699277304376,123.63009124428699,121.97854200866537,121.97854200866537,121.97854200866537,121.97854200866537,-1.2599695255892818,1.9215987547509492,0.24239875257683047,0.12086856167383439
all,frozen,balance_equalize,closed,ICX,short,1788828899,1788831459,121.97854200866537,0.4130136638879776,121.85656346665671,121.91755273766104,125.50933152925457,118.97600804699495,122.24266978812476,122.24266978812476,122.24266978812476,122.24266978812476,3.7785251297362556,-2.879115861730889,0.247735609147067,0.12341809993953082
all,frozen,balance_equalize,closed,ICX,short,1788858976,1788861395,122.24266978812476,0.28144554495811464,122.12042711833664,122.18154845323069,120.87854726475236,123.94822906494444,122.4133881648484,122.4133881648484,122.4133881648484,122.4133881648484,-1.1207579417378923,1.826888502356635,0.24336458163451163,0.12132922553694644
all,frozen,balance_equalize,closed,ICX,long,1788871089,1788871766,122.4133881648484,0.3589823514223099,122.29097477668356,122.35218147076597,119.1877430732909,126.09928770987958,122.64351539158524,122.64351539158524,122.64351539158524,122.64351539158524,-2.9778404747530556,3.810218042217135,0.24780461680444985,0.12431849718595696
all,frozen,balance_equalize,closed,ICX,short,1788882734,1788885302,122.64351539158524,0.24530564323067666,122.52087187619365,122.58219363388945,120.22640361483043,125.35366884561812,122.79003623022427,122.79003623022427,122.79003623022427,122.79003623022427,-2.1739987447163536,2.8313812787850665,0.24311303203845414,0.12122782475219271
all,frozen,balance_equalize,closed,ICX,short,1788886304,1788886545,122.79003623022427,0.36026200354099275,122.66724619399405,122.72864121210917,121.50238003718377,124.51630446082638,123.00934224900507,123.00934224900507,123.00934224900507,123.00934224900507,-1.0431192398198754,1.8481341997324563,0.24453695322062868,0.12186596913035805
all,frozen,balance_equalize,closed,ICX,short,1788894892,1788896232,123.00934224900507,0.27480262219905854,122.88633290675607,122.94783757788058,120.94219878560538,125.4076306669636,123.1749147262845,123.1749147262845,123.1749147262845,123.1749147262845,-1.822947726628305,2.5200377413368584,0.24419573677138184,0.12174932337833665
all,frozen,balance_equalize,closed,ICX,long,1788902709,1788904529,123.1749147262845,0.40197832584381105,123.05173981155822,123.11332726892135,123.47935406561757,123.36822651404901,123.42379028983329,123.42379028983329,123.42379028983329,123.42379028983329,0.5502389298557748,0.3166450250033029,0.24579959052271322,0.12333323723878616
all,frozen,balance_equalize,closed,ICX,long,1788905019,1788907089,123.42379028983329,0.21379920542240144,123.30036649954346,123.36207839468838,122.0681856598166,125.05131212837131,123.55974889409396,123.55974889409396,123.55974889409396,123.55974889409396,-1.1076494000369752,1.7518215395976453,0.24795522997970357,0.12429970105963213
all,frozen,balance_equalize,closed,ICX,long,1788909747,1788913126,123.55974889409396,0.34061498641967775,123.43618914519986,123.49796901964692,126.24426451468537,121.28632121255612,123.76529286362074,123.76529286362074,123.76529286362074,123.76529286362074,2.928706411967638,-2.150943404345925,0.2441907913762203,0.12248427719192101
all,frozen,balance_equalize,closed,ICX,long,1788914499,1788918098,123.76529286362074,0.30443252325057985,123.64152757075712,123.70341021718893,120.356053607681,127.56994667900568,123.96300014334335,123.96300014334335,123.96300014334335,123.96300014334335,-3.1585501200924044,3.930384300398766,0.2506891358473339,0.12573048501382011
all,frozen,balance_equalize,closed,ICX,long,1788956791,1788961859,123.96300014334335,0.2658703148365021,123.8390371432,123.90101864327168,123.62725605166,124.634407448328,124.130831749994,124.130831749994,124.130831749994,124.130831749994,-0.08773036103562513,0.7957681892226017,0.24801373064772234,0.12436088423795463
all,frozen,balance_equalize,closed,ICX,long,1788990648,1788994801,124.130831749994,0.2736360251903534,124.00670091824401,124.068766334119,123.78072175650898,124.82631291714819,124.30351733682858,124.30351733682858,124.30351733682858,124.30351733682858,-0.10174658340163027,0.8200220099091285,0.24836341008338964,0.12454084275494856
all,frozen,balance_equalize,closed,RVN,long,1789038976,1789052425,124.30351733682858,0.2369681715965271,124.17921381949175,124.24136557816016,128.01234202696727,120.87711772439116,124.44472987567922,124.44472987567922,124.44472987567922,124.44472987567922,3.95347824656579,-3.3037479690851357,0.24465355642709136,0.12265164335228601
all,frozen,balance_equalize,closed,ICX,short,1789052595,1789069771,124.44472987567922,0.26489289551973344,124.32028514580354,124.38250751074138,123.48775091550424,125.72941799250415,124.60858445400419,124.60858445400419,124.60858445400419,124.60858445400419,-0.7087982987223451,1.4084286323844173,0.24818066145263612,0.12374051555948701
all,frozen,balance_equalize,closed,ICX,short,1789075055,1789075567,124.60858445400419,0.3488240361213684,124.48397586955018,124.54628016177719,125.9852804393107,123.6750812142624,124.83018082678655,124.83018082678655,124.83018082678655,124.83018082678655,1.627540694909429,-0.8084904100827368,0.25084470960291777,0.12501282965904556
all,frozen,balance_equalize,closed,ICX,short,1789085305,1789097732,124.83018082678655,0.35627562999725343,124.70535064595975,124.76776573637315,125.30136064227725,124.80780560569495,125.0545831239861,125.0545831239861,125.0545831239861,125.0545831239861,0.7215617388831657,0.10240375785626044,0.2503819233924563,0.12477897894785842
all,frozen,balance_equalize,closed,ICX,long,1789111351,1789112611,125.0545831239861,0.4447469457983971,124.92952854086212,124.99205583242411,123.25266026715411,127.42936965751059,125.34101496233235,125.34101496233235,125.34101496233235,125.34101496233235,-1.5502634271568612,2.501091662479711,0.25165942967512905,0.12630512895522594
all,frozen,balance_equalize,closed,ICX,long,1789113286,1789114831,125.34101496233235,0.25984945595264436,125.21567394737002,125.27834445485118,122.0694736392144,128.95381809642606,125.51164586782022,125.51164586782022,125.51164586782022,125.51164586782022,-3.0178414517415484,3.740014156134116,0.25369987137640626,0.1272110220403994
all,frozen,balance_equalize,closed,ICX,long,1789120858,1789120904,125.51164586782022,0.34031875133514405,125.3861342219524,125.44889004488631,124.65756422001888,126.80135135380448,125.72945778691168,125.72945778691168,125.72945778691168,125.72945778691168,-0.60245590016553,1.4159250943992738,0.25162574763580603,0.1262196084150199
all,frozen,balance_equalize,closed,ICX,short,1789135705,1789141324,125.72945778691168,0.255618517100811,125.60372832912476,125.66659305801822,126.38090107178682,125.40405797592508,125.89247952385595,125.89247952385595,125.89247952385595,125.89247952385595,0.9038060064554335,-0.1995705679157247,0.25236272158027884,0.12582924307086957
all,frozen,balance_equalize,closed,ICX,short,1789142433,1789143743,125.89247952385595,0.26314702332019807,125.7665870443321,125.82953328409403,125.84486110221788,126.27406257117987,126.05946183669887,126.05946183669887,126.05946183669887,126.05946183669887,0.20437090831795737,0.5072219158898276,0.25198932995602985,0.12563886856591103
all,frozen,balance_equalize,closed,ICX,short,1789170478,1789183361,126.05946183669887,0.2639951229095459,125.93340237486217,125.99643210578053,127.03297213321876,125.4256628757977,126.22931750450823,126.22931750450823,126.22931750450823,126.22931750450823,1.2268560762695608,-0.5074857561863853,0.2533457797496673,0.12631320471479207
all,frozen,balance_equalize,closed,ICX,short,1789186818,1789195276,126.22931750450823,0.26250694394111634,126.10308818700372,126.16620284575598,126.89657345109,125.90004569156439,126.39830957132719,126.39830957132719,126.39830957132719,126.39830957132719,0.9206352168075944,-0.20294102492687147,0.25337927022582407,0.12633078801697167
all,frozen,balance_equalize,closed,ICX,short,1789217925,1789241845,126.39830957132719,0.7703681707382202,126.27191126175586,126.33511041654153,127.4029925664095,126.3761664214641,126.8895794939368,126.8895794939368,126.8895794939368,126.8895794939368,1.2587383525775355,0.10420305817916078,0.2540553574952319,0.12634620804223762
all,frozen,balance_equalize,closed,ICX,short,1789283257,1789287301,126.8895794939368,0.20629229843616487,126.76268991444286,126.82613470418983,125.87868529279783,128.16132492773767,127.02000511026775,127.02000511026775,127.02000511026775,127.02000511026775,-0.7578729150661634,1.397936045272184,0.2530212860728075,0.12619061147130067
all,frozen,balance_equalize,closed,ICX,short,1789293631,1789345715,127.02000511026775,0.2803295075893402,126.89298510515748,126.95649510771261,119.81731806396024,134.54989982325225,127.18360894360625,127.18360894360625,127.18360894360625,127.18360894360625,-6.955602638725693,7.653088174007765,0.24708440758180983,0.12319346102326387
all,frozen,balance_equalize,closed,LA,long,1789383884,1789390224,127.18360894360625,0.21162956655025483,127.05642533466263,127.12001713913445,125.52169504689564,129.12400729412354,127.3228511705096,127.3228511705096,127.3228511705096,127.3228511705096,-1.406140538285092,2.0686162675946838,0.2557733584254976,0.1282179170774036
all,frozen,balance_equalize,closed,CAP,long,1789390224,1789401764,127.3228511705096,0.2533556640148163,127.19552831933909,127.25918974492434,142.02429325324115,112.89097104945472,127.45763215134794,127.45763215134794,127.45763215134794,127.45763215134794,14.941146638434144,-14.311713126447586,0.23970455570258506,0.1201669946072858
all,frozen,balance_equalize,closed,CAP,long,1789402300,1789403772,127.45763215134794,0.24342645406723024,127.33017451919659,127.39390333527226,127.42749681971524,127.8062015601291,127.61684918992216,127.61684918992216,127.61684918992216,127.61684918992216,0.224555377292711,0.47626517351927583,0.2546907089254032,0.12769576473810756
all,frozen,balance_equalize,closed,CAP,long,1789431354,1789433541,127.61684918992216,0.21602256298065187,127.48923234073224,127.5530407653272,124.8320221046292,130.6929474203315,127.76248476248036,127.76248476248036,127.76248476248036,127.76248476248036,-2.527066320592528,3.2053177384685125,0.25776076470043685,0.12921950805915638
all,frozen,balance_equalize,closed,CAP,long,1789434104,1789459443,127.76248476248036,0.24255154728889466,127.63472227771787,127.69860352009911,139.89644754820796,115.89565634758002,127.896051947894,127.896051947894,127.896051947894,127.896051947894,12.37711064460796,-11.74493839933752,0.24314785888035276,0.12189001556281161
all,frozen,balance_equalize,closed,CAP,long,1789465585,1789466194,127.896051947894,0.2476818084716797,127.7681558959461,127.83210392192005,131.56714091725124,124.53628329114812,128.05171210419968,128.05171210419968,128.05171210419968,128.05171210419968,3.9229581151378894,-3.233489349472717,0.2518691457806501,0.12627930727315767
all,frozen,balance_equalize,closed,LA,long,1789520176,1789530310,128.05171210419968,0.21530447602272035,127.92366039209548,127.98768624814758,128.49713983457622,127.88338102584903,128.19026043021262,128.19026043021262,128.19026043021262,128.19026043021262,0.7008303242606767,-0.0402995160044532,0.25540259388413866,0.12803156234619745
all,frozen,balance_equalize,closed,ICX,long,1789558592,1789584208,128.19026043021262,0.36875335574150087,128.0620701697824,128.12616529999752,128.0566726851327,128.80483054833314,128.43075161673292,128.43075161673292,128.43075161673292,128.43075161673292,0.12267010567483962,0.7431319445229844,0.2562578507547504,0.1285618264024741
all,frozen,balance_equalize,closed,ICX,short,1789584871,1789591451,128.43075161673292,0.8494442522525787,128.3023208651162,128.36653624092455,130.28535134748492,127.68515003422021,128.98525069085258,128.98525069085258,128.98525069085258,128.98525069085258,2.1135748087942496,-0.6168623996961198,0.25897507804226005,0.12873918281658098
all,frozen,balance_equalize,closed,ICX,short,1789594310,1789597829,128.98525069085258,0.3635071039199829,128.85626544016174,128.92075806550716,127.12887231664445,131.30270607174842,129.21578919419642,129.21578919419642,129.21578919419642,129.21578919419642,-1.6000078807071396,2.445218022575411,0.25637049350099805,0.1277626416795649
all,frozen,balance_equalize,closed,ICX,long,1789598925,1789608206,129.21578919419642,0.285128128528595,129.0865734050022,129.15118129959933,126.94811481994951,131.86673582045347,129.4074253202015,129.4074253202015,129.4074253202015,129.4074253202015,-2.007235560298202,2.7815531920472774,0.26043881394869106,0.13060656579022006
all,frozen,balance_equalize,closed,ICX,short,1789612269,1789616103,129.4074253202015,0.46373399794101716,129.2780178948813,129.3427216075414,131.51269356869753,127.91645630849366,129.7145749385956,129.7145749385956,129.7145749385956,129.7145749385956,2.366449548685121,-1.3608811458147259,0.26118130018908814,0.13008786589310886
all,frozen,balance_equalize,closed,ICX,long,1789617958,1789619335,129.7145749385956,0.26690630316734315,129.58486036365701,129.6497176511263,130.4397470362144,129.33720092210757,129.888473979161,129.888473979161,129.888473979161,129.888473979161,0.9836176298661304,-0.2477833332160488,0.25844553224732514,0.12959068327198758
all,frozen,balance_equalize,closed,ICX,short,1789620290,1789628441,129.888473979161,0.36225165128707887,129.75858550518186,129.82352974217142,130.37017466266087,129.88153102856512,130.125852845613,130.125852845613,130.125852845613,130.125852845613,0.7422198513094826,0.12288408134262603,0.26051916780963147,0.1298270319384897
all,frozen,balance_equalize,closed,ICX,short,1789631194,1789632493,130.125852845613,0.734721553325653,129.99572699276737,130.0607899191902,131.34562839221132,129.87313667659785,130.60938253440457,130.60938253440457,130.60938253440457,130.60938253440457,1.4815087610506048,-0.12252905164371965,0.2617332144522766,0.13018711737143485
no_icx,frozen,balance_equalize,closed,KAITO,long,1786446062,1786464057,100.0,0.20422412157058717,99.9,99.95,99.72296444512854,100.4914201183432,100.10719228173588,100.10719228173588,100.10719228173588,100.10719228173588,-0.07695859627519545,0.591715976331365,0.2000769585962752,0.1002958579881657
no_icx,frozen,balance_equalize,closed,KAITO,long,1786483114,1786492857,100.10719228173588,0.22116167545318605,100.00708508945414,100.057138685595,102.38554753692931,98.04989879481849,100.2177231658739,100.2177231658739,100.2177231658739,100.2177231658739,2.476093546210695,-1.9581653773243168,0.19773829101726106,0.09912810959307372
no_icx,frozen,balance_equalize,closed,KAITO,long,1786505611,1786507312,100.2177231658739,0.29351259469985963,100.11750544270804,100.16761430429096,100.99780276428362,99.74295575501519,100.37037925964941,100.37037925964941,100.37037925964941,100.37037925964941,0.9795355092322229,-0.3747370562209508,0.1994559108225156,0.10003035463776343
no_icx,frozen,balance_equalize,closed,KAITO,long,1786514433,1786521637,100.37037925964941,0.6373310208320617,100.27000888038977,100.32019407001958,100.82555983058276,100.56962120712949,100.69759051885612,100.69759051885612,100.69759051885612,100.69759051885612,0.6552660633892574,0.29976220784365576,0.2000854924559096,0.10052026036357123
no_icx,frozen,balance_equalize,closed,BEAT,long,1786541636,1786546201,100.69759051885612,0.23051453083753587,100.59689292833725,100.6472417235967,96.35784919843057,105.28828761581735,100.82306840712397,100.82306840712397,100.82306840712397,100.82306840712397,-4.134211927460372,4.693741558259211,0.20552939296517259,0.10304446129798572
no_icx,frozen,balance_equalize,closed,ACU,long,1786600054,1786602084,100.82306840712397,0.6770085550844669,100.72224533871685,100.77265687292041,97.85554682825187,104.50565063957355,101.18059873391272,101.18059873391272,101.18059873391272,101.18059873391272,-2.7631123297281186,3.7852979498316137,0.20440924914397607,0.10271571738203977
no_icx,frozen,balance_equalize,closed,HOME,long,1786629763,1786636861,101.18059873391272,0.22594682574272157,101.0794181351788,101.13000843454576,100.2471325389185,102.3492719042304,101.29820222157446,101.29820222157446,101.29820222157446,101.29820222157446,-0.7303746229034732,1.2704890135583775,0.2030915720907289,0.10181584324069193
no_icx,frozen,balance_equalize,closed,HOME,long,1786669924,1786686382,101.29820222157446,0.25120912194252015,101.19690401935289,101.24755312046366,92.91599336585553,109.97375084599152,101.44487210592352,101.44487210592352,101.44487210592352,101.44487210592352,-8.171441010265513,8.781237445361318,0.21076784545341443,0.10568882094425511
no_icx,frozen,balance_equalize,closed,2Z,long,1786688000,1786705082,101.44487210592352,0.21554599404335023,101.3434272338176,101.39414966987056,99.89091374837973,103.22545321376879,101.55818348107425,101.55818348107425,101.55818348107425,101.55818348107425,-1.3497188944375023,1.8829674636830336,0.20423946310628455,0.10238635583776504
no_icx,frozen,balance_equalize,closed,2Z,long,1786710836,1786718194,101.55818348107425,0.21976625621318818,101.45662529759318,101.50740438933371,102.30498743155269,101.03436624515066,101.66967683835168,101.66967683835168,101.66967683835168,101.66967683835168,0.9489713460944937,-0.4224702875863119,0.202167395616054,0.10134694833728108
no_icx,frozen,balance_equalize,closed,RVN,long,1786718194,1786723211,101.66967683835168,1.0776719570159912,101.56800716151332,101.6188419999325,108.49474539318257,95.86743797615125,102.18109168466691,102.18109168466691,102.18109168466691,102.18109168466691,7.021386521985616,-5.703420895809977,0.19631796715471775,0.09881796639044668
no_icx,frozen,balance_equalize,closed,CAP,long,1786730607,1786732266,102.18109168466691,0.28488774299621583,102.07891059298224,102.13000113882458,115.34825441214846,89.24973252020892,102.2989934661787,102.2989934661787,102.2989934661787,102.2989934661787,13.358166744106788,-12.835595870708682,0.19100401662522704,0.09576329374931257
no_icx,frozen,balance_equalize,closed,CAP,long,1786733445,1786733684,102.2989934661787,6.678063046932221,102.19669447271252,102.24784396944561,119.54257518937946,91.09646369840175,105.31951944389061,105.31951944389061,105.31951944389061,105.31951944389061,17.43074896117195,-11.105783666143852,0.18716723797118545,0.09674610163310679
no_icx,frozen,balance_equalize,closed,CAP,short,1786733685,1786733748,105.31951944389061,2.9009881138801576,105.21419992444672,105.26685968416867,106.35841221133447,107.3556231161896,106.85701766376204,106.85701766376204,106.85701766376204,106.85701766376204,1.2507825889205655,2.140353015235269,0.2118898214767018,0.10424934293627298
no_icx,frozen,balance_equalize,closed,CAP,long,1786733772,1786749473,106.85701766376204,0.21223921775817872,106.75016064609828,106.80358915493015,94.77458482351166,119.21821912255362,106.99640197303265,106.99640197303265,106.99640197303265,106.99640197303265,-11.856861942979872,12.474295624267487,0.22557089727050395,0.11309416547589578
no_icx,frozen,balance_equalize,closed,CAP,long,1786753017,1786789435,106.99640197303265,0.22431724965572358,106.88940557105961,106.94290377204614,102.46817391838377,111.7856272509944,107.12690058468908,107.12690058468908,107.12690058468908,107.12690058468908,-4.309925325377426,4.898671015442488,0.21830272927144273,0.1094457374807539
no_icx,frozen,balance_equalize,closed,WAL,long,1786789784,1786912522,107.12690058468908,0.20040805339813234,107.0197736841044,107.07333713439674,128.62548343230736,85.77037932446666,107.19793137838701,107.19793137838701,107.19793137838701,107.19793137838701,21.69114550328436,-21.26002437182364,0.1925626556660938,0.09649688839877726
no_icx,frozen,balance_equalize,closed,ONT,long,1787258005,1787263118,107.19793137838701,0.30505876131355764,107.09073344700863,107.14433241269782,115.9009685820053,98.78481757634806,107.34289307917669,107.34289307917669,107.34289307917669,107.34289307917669,8.908524541833234,-8.310070906113626,0.2054873382149408,0.1030428959253302
no_icx,frozen,balance_equalize,closed,ONT,long,1787266388,1787268904,107.34289307917669,0.20269240140914918,107.23555018609751,107.28922163263711,111.83586559464678,103.05626073877968,107.44606316671323,107.44606316671323,107.44606316671323,107.44606316671323,4.702955346282154,-4.18138013738653,0.20998283081207125,0.10525220301048344
no_icx,frozen,balance_equalize,closed,ONT,long,1787272315,1787300442,107.44606316671323,0.2038760006427765,107.33861710354651,107.39234013512987,115.39876835783684,99.68808283094158,107.54342559438922,107.54342559438922,107.54342559438922,107.54342559438922,8.15943787957746,-7.654361453331597,0.206732688453849,0.10361888244004744
no_icx,frozen,balance_equalize,closed,HMSTR,short,1787375473,1787375569,107.54342559438922,5.632081699371338,107.43588216879483,107.48965388159202,127.0419704554428,95.20009980353717,111.12103512948998,111.12103512948998,111.12103512948998,111.12103512948998,19.733365077319668,-12.229667531491913,0.23482021626609811,0.11365825936013517
no_icx,frozen,balance_equalize,closed,COAI,long,1787375569,1787376082,111.12103512948998,1.086129468679428,111.0099140943605,111.06547461192524,102.12436530804332,121.45130620620581,111.78783575712457,111.78783575712457,111.78783575712457,111.78783575712457,-8.76566208909858,10.446615419555103,0.23100773234807853,0.11634434283926752
no_icx,frozen,balance_equalize,closed,GIGGLE,long,1787376082,1787380500,111.78783575712457,0.23096452355384828,111.67604792136744,111.731941839246,113.56033963319368,110.26929697937855,111.91481830628612,111.91481830628612,111.91481830628612,111.91481830628612,1.9940854621212367,-1.4074546693235581,0.2215815860521279,0.1110841084224628
no_icx,frozen,balance_equalize,closed,MOVE,long,1787385385,1787387413,111.91481830628612,0.21920855045318605,111.80290348797983,111.85886089713298,117.8343901636028,106.22146232837616,112.02792624598948,112.02792624598948,112.02792624598948,112.02792624598948,6.1372642296995625,-5.5842332762418065,0.2176923723828727,0.10912270166816522
no_icx,frozen,balance_equalize,closed,MOVE,long,1787446997,1787455107,112.02792624598948,0.20315794348716737,111.91589831974349,111.97191228286648,127.91169275814974,96.319545293388,112.11561902576886,112.11561902576886,112.11561902576886,112.11561902576886,16.09173063401822,-15.604155103907443,0.20796412185796073,0.10422584869403576
no_icx,frozen,balance_equalize,closed,ONT,long,1787663309,1787667209,112.11561902576886,0.4532636895775795,112.00350340674309,112.05956121625599,116.41849251677083,108.30006412194946,112.35927831936014,112.35927831936014,112.35927831936014,112.35927831936014,4.522582146906589,-3.705291930759026,0.21970865590463112,0.11026297306038936
no_icx,frozen,balance_equalize,closed,EDEN,long,1787729195,1787732459,112.35927831936014,0.2257328748703003,112.24691904104078,112.30309868020046,115.33739447576792,109.62651340516945,112.48195394046869,112.48195394046869,112.48195394046869,112.48195394046869,3.1996350779685327,-2.6217164941184006,0.22151892156075176,0.11104842007230094
no_icx,frozen,balance_equalize,closed,BICO,long,1787750977,1787754806,112.48195394046869,0.20775188207626344,112.36947198652821,112.42571296349846,111.5698484691957,113.63377498698279,112.60181172808925,112.60181172808925,112.60181172808925,112.60181172808925,-0.68645510828376,1.2649354681886606,0.22565036298922114,0.11311442167456301
no_icx,frozen,balance_equalize,closed,ONT,long,1787754806,1787756689,112.60181172808925,0.411020827293396,112.48920991636116,112.5455108222252,117.8911612641061,107.74944160040384,112.82030143225498,112.82030143225498,112.82030143225498,112.82030143225498,5.50904411535767,-4.742139385650135,0.21969457934082082,0.11023074203526419
no_icx,frozen,balance_equalize,closed,BICO,long,1787757213,1787758630,112.82030143225498,0.2325303375720978,112.70748113082273,112.76389128153885,110.92005532302159,114.99353272795332,112.95679402548745,112.95679402548745,112.95679402548745,112.95679402548745,-1.6729325737950917,2.2871951947279743,0.22731353543830507,0.11396389902961895
no_icx,frozen,balance_equalize,closed,EDEN,long,1787763764,1787777336,112.95679402548745,0.20008450448513032,112.84383723146196,112.90031562847471,111.7087411688062,114.43847445785285,113.07360781332952,113.07360781332952,113.07360781332952,113.07360781332952,-1.0211181504798001,1.5954349438628137,0.22693470620145467,0.11375451149741886
no_icx,frozen,balance_equalize,closed,ONT,short,1787778899,1787780733,113.07360781332952,0.27344677299261094,112.96053420551618,113.01707100942285,117.49189371722845,108.98540091887065,113.23864731804954,113.23864731804954,113.23864731804954,113.23864731804954,4.649082201727331,-3.973146713288881,0.23079629782838634,0.11506018116997398
no_icx,frozen,balance_equalize,closed,ONT,short,1787785705,1787789172,113.23864731804954,0.2351804792881012,113.12540867073149,113.18202799439052,116.65975006524833,110.0995206285079,113.37963534687812,113.37963534687812,113.37963534687812,113.37963534687812,3.6512312731079954,-3.024375854296449,0.23012852590920707,0.11475083524519777
no_icx,frozen,balance_equalize,closed,ONT,long,1787789578,1787797669,113.37963534687812,0.38572995625436307,113.26625571153124,113.32294552920467,123.91995760998647,103.22376365302586,113.57186063150615,113.57186063150615,113.57186063150615,113.57186063150615,10.756325208593505,-10.047515816413586,0.21600294548516272,0.10835587743867132
no_icx,frozen,balance_equalize,closed,BICO,long,1787802088,1787803113,113.57186063150615,0.4941717952489853,113.45828877087465,113.5150747011904,114.88658309141621,112.81589320831797,113.8512381498671,113.8512381498671,113.8512381498671,113.8512381498671,1.540325855317754,-0.6427169210171787,0.22560339540769453,0.11325050217099757
no_icx,frozen,balance_equalize,closed,BICO,long,1787803348,1787809070,113.8512381498671,0.21010045409202577,113.73738691171724,113.79431253079217,120.14825453165994,107.77533043371325,113.9617924826866,113.9617924826866,113.9617924826866,113.9617924826866,6.518200657435146,-5.965038997502739,0.2211842756422991,0.11086871865111575
no_icx,frozen,balance_equalize,closed,BICO,long,1787816365,1787817846,113.9617924826866,0.3444871425628662,113.84783069020392,113.90481158644526,117.39962254979898,110.90672526377413,114.15317390678655,114.15317390678655,114.15317390678655,114.15317390678655,3.6620915605172204,-2.942576714787183,0.22426149340485602,0.11249050412529302
no_icx,frozen,balance_equalize,closed,HOME,long,1787968180,1787976646,114.15317390678655,0.2151418149471283,114.03902073287976,114.09609731983315,117.24346340040597,111.29970517568269,114.27158428804432,114.27158428804432,114.27158428804432,114.27158428804432,3.315280560872126,-2.740685900147146,0.22499106725270093,0.11278283095671299
no_icx,frozen,balance_equalize,closed,LA,long,1788309708,1788319159,114.27158428804432,0.2097617655992508,114.15731270375628,114.2144484959003,117.90694689846826,110.86541757166893,114.38618223506859,114.38618223506859,114.38618223506859,114.38618223506859,3.8600457332667615,-3.293541903038862,0.22468312284282188,0.11262481333652491
no_icx,frozen,balance_equalize,closed,LA,long,1788344712,1788351689,114.38618223506859,0.20145062804222108,114.27179605283352,114.32898914395105,113.11744103847035,115.89484535681572,114.50614319764304,114.50614319764304,114.50614319764304,114.50614319764304,-1.0389299022258787,1.623861234599509,0.22981129437236308,0.11519811285236835
no_icx,frozen,balance_equalize,closed,LA,long,1788363414,1788371361,114.50614319764304,0.2196027159690857,114.3916370544454,114.44889012604422,123.52290471202963,105.7117627033071,114.61733370766837,114.61733370766837,114.61733370766837,114.61733370766837,9.236537263518363,-8.68421645936798,0.21977574913176773,0.11016403496795905
no_icx,frozen,balance_equalize,closed,LA,long,1788387355,1788422773,114.61733370766837,0.21047682762145997,114.5027163739607,114.56002504081454,112.48586394482517,117.0042661716323,114.74506505822873,114.74506505822873,114.74506505822873,114.74506505822873,-1.9003347606671854,2.5028011982707237,0.2311350021760039,0.11586873430680372
no_icx,frozen,balance_equalize,closed,LA,long,1788479756,1788509425,114.74506505822873,0.21255279779434205,114.6303199931705,114.68769252569962,111.55414673290572,118.19602471933624,114.87508572612097,114.87508572612097,114.87508572612097,114.87508572612097,-2.9584697254810752,3.5674884704009386,0.23244859984193852,0.1165288092934292
no_icx,frozen,balance_equalize,closed,LA,long,1788567451,1788581281,114.87508572612097,0.44260961636900903,114.76021064039485,114.81764818325792,116.46871433390807,113.7846138641527,115.12666409903039,115.12666409903039,115.12666409903039,115.12666409903039,1.8215572220173284,-0.9760848186514773,0.22792861423022465,0.11438704331679525
no_icx,frozen,balance_equalize,closed,LA,long,1788652049,1788667672,115.12666409903039,0.21153442263603212,115.01153743493136,115.06910076698088,114.32432420550214,116.1808699758624,115.25259709068226,115.25259709068226,115.25259709068226,115.25259709068226,-0.5715150502799115,1.1699174996808621,0.2308248432483407,0.11571162284887082
no_icx,frozen,balance_equalize,closed,LA,long,1788738277,1788746595,115.25259709068226,0.21689873635768891,115.13734449359157,115.19497079213691,120.69970853349572,110.03934016417163,115.36952434883368,115.36952434883368,115.36952434883368,115.36952434883368,5.671944692302529,-5.1005546067232945,0.224833249489062,0.11270231978732062
no_icx,frozen,balance_equalize,closed,RVN,long,1789038976,1789052425,115.36952434883368,0.2369681715965271,115.25415482448484,115.31183958665926,118.8117868813979,112.18938832384275,115.50058760262033,115.50058760262033,115.50058760262033,115.50058760262033,3.669332249012876,-3.066299650467332,0.22706971644865453,0.11383637452360001
no_icx,frozen,balance_equalize,closed,RVN,short,1789055560,1789057074,115.50058760262033,0.2607261657714844,115.3850870150177,115.44283730881902,114.91841442345633,116.38343118690902,115.65092280518267,115.65092280518267,115.65092280518267,115.65092280518267,-0.3515235274862389,0.9978452492666794,0.23064965167775442,0.115001664977987
no_icx,frozen,balance_equalize,closed,LA,long,1789086399,1789097739,115.65092280518267,0.21103343814611436,115.53527188237749,115.59309734378009,119.30515394642785,112.22994422004325,115.76754908323555,115.76754908323555,115.76754908323555,115.76754908323555,3.8816513355200253,-3.3069811529107045,0.22742019427484533,0.11399743222872732
no_icx,frozen,balance_equalize,closed,LA,long,1789383884,1789390224,115.76754908323555,0.21162956655025483,115.65178153415232,115.70966530869393,114.2548093504382,117.53377637581177,115.89429286312497,115.89429286312497,115.89429286312497,115.89429286312497,-1.2799247099209647,1.882936309814364,0.23281502287639208,0.11670901723814274
no_icx,frozen,balance_equalize,closed,CAP,long,1789390224,1789401764,115.89429286312497,0.2533556640148163,115.77839857026184,115.83634571669342,129.27612667051145,102.7578250104286,116.01697584047002,116.01697584047002,116.01697584047002,116.01697584047002,13.600022370741977,-13.027087103384948,0.21818856335550796,0.10938074931143252
no_icx,frozen,balance_equalize,closed,CAP,long,1789402300,1789403772,116.01697584047002,0.24342645406723024,115.90095886462956,115.95896735254979,115.98954547021316,116.3342574970857,116.16190148364943,116.16190148364943,116.16190148364943,116.16190148364943,0.20439918224183456,0.43351539015122637,0.23182955249869822,0.11623373353554567
no_icx,frozen,balance_equalize,closed,CAP,long,1789431354,1789433541,116.16190148364943,0.21602256298065187,116.04573958216578,116.1038205329076,113.62704177206562,118.96188770696591,116.29446473951577,116.29446473951577,116.29446473951577,116.29446473951577,-2.3002356729435625,2.9176069282642696,0.2346240386402424,0.11762070494778157
no_icx,frozen,balance_equalize,closed,CAP,long,1789434104,1789459443,116.29446473951577,0.24255154728889466,116.17817027477626,116.23631750714601,127.33927738509601,105.49280835945932,116.41604287227767,116.41604287227767,116.41604287227767,116.41604287227767,11.266135439619651,-10.690707268951407,0.2213227940394119,0.11094911110504008
no_icx,frozen,balance_equalize,closed,CAP,long,1789465585,1789466194,116.41604287227767,0.2476818084716797,116.2996268294054,116.35783485084153,119.75761318923128,113.35784861195748,116.55773090059438,116.55773090059438,116.55773090059438,116.55773090059438,3.570831571127027,-2.9432498423690987,0.22926125417342832,0.11494441795109313
no_icx,frozen,balance_equalize,closed,LA,long,1789520176,1789530310,116.55773090059438,0.21530447602272035,116.44117316969378,116.49945203514409,116.96317683083421,116.40450929808557,116.6838430644599,116.6838430644599,116.6838430644599,116.6838430644599,0.6379234685724533,-0.03668221271457095,0.2324775383326163,0.11653938979423709
no_icx,frozen,balance_equalize,closed,CAP,long,1789823438,1789826184,116.6838430644599,0.5253554552793502,116.56715922139543,116.62550114292766,150.68691221985733,83.06797248169262,116.87744235077497,116.87744235077497,116.87744235077497,116.87744235077497,34.20223460691943,-33.51594471205884,0.19916545152200035,0.09992587070843048
no_icx,frozen,balance_equalize,closed,CAP,long,1789828619,1789831171,116.87744235077497,0.3220095753669739,116.7605649084242,116.81900362959958,94.6162880217696,139.62379311036557,117.12004056606759,117.12004056606759,117.12004056606759,117.12004056606759,-22.005394050253575,22.874665534708722,0.2557602787518035,0.12831477511812933
no_icx,frozen,balance_equalize,price_mismatch,CAP,long,1789832438,1789832709,,0.28836115151643754,,,,,117.12004056606759,117.12004056606759,117.12004056606759,117.12004056606759,,,,
