window,label,mode,status,coin,side,ts_open,ts_close,notional,potential_pp,cash_bybit_after_open,cash_okx_after_open,cash_bybit_after_close,cash_okx_after_close,cash_bybit,cash_okx,equity_bybit,equity_okx,pnl_bybit,pnl_okx,fee_bybit,fee_okx
is,frozen,fixed100,closed,KAITO,long,1786446062,1786464057,100.0,0.20422412157058717,99.9,99.95,99.72296444512854,100.4914201183432,99.72296444512854,100.4914201183432,99.72296444512854,100.4914201183432,-0.07695859627519545,0.591715976331365,0.2000769585962752,0.1002958579881657
is,frozen,fixed100,closed,KAITO,long,1786483114,1786492857,100.0,0.22116167545318605,99.62296444512855,100.4414201183432,101.99888009440713,98.43632952991928,101.99888009440713,98.43632952991928,101.99888009440713,98.43632952991928,2.473442207071517,-1.9560686227352875,0.1975265577929285,0.09902196568863236
is,frozen,fixed100,closed,KAITO,long,1786505611,1786507312,100.0,0.29351259469985963,101.89888009440713,98.38632952991928,102.77726496862601,97.96259355202952,102.77726496862601,97.96259355202952,102.77726496862601,97.96259355202952,0.9774074667521221,-0.37392293935944865,0.19902259253324786,0.09981303853032027
is,frozen,fixed100,closed,KAITO,long,1786514433,1786521637,100.0,0.6373310208320617,102.67726496862602,97.91259355202952,103.23076586629209,98.1611002717906,103.23076586629209,98.1611002717906,103.23076586629209,98.1611002717906,0.6528480496164523,0.29865604778497157,0.19934715195038355,0.10014932802389248
is,frozen,fixed100,closed,BEAT,long,1786541636,1786546201,100.0,0.23051453083753587,103.1307658662921,98.1111002717906,98.92108844693725,102.71999495170014,98.92108844693725,102.71999495170014,98.92108844693725,102.71999495170014,-4.105571847507336,4.661225292555818,0.20410557184750733,0.10233061264627791
is,frozen,fixed100,closed,ACU,long,1786600054,1786602084,100.0,0.6770085550844669,98.82108844693725,102.66999495170015,95.97779220952339,106.3725144500944,95.97779220952339,106.3725144500944,95.97779220952339,106.3725144500944,-2.74055568173214,3.7543966967426194,0.20274055568173213,0.10187719834837133
is,frozen,fixed100,closed,HOME,long,1786629763,1786636861,100.0,0.22594682574272157,95.87779220952339,106.3225144500944,95.05521791497009,107.52755127033609,95.05521791497009,107.52755127033609,95.05521791497009,107.52755127033609,-0.7218524421111905,1.2556646525679707,0.20072185244211121,0.100627832326284
is,frozen,fixed100,closed,HOME,long,1786669924,1786686382,100.0,0.25120912194252015,94.95521791497009,107.4775512703361,86.78043250724477,116.09191710719529,86.78043250724477,116.09191710719529,86.78043250724477,116.09191710719529,-8.066718689036282,8.66870018695267,0.2080667186890363,0.10433435009347633
is,frozen,fixed100,closed,2Z,long,1786688000,1786705082,100.0,0.21554599404335023,86.68043250724477,116.04191710719529,85.24860706818146,117.8471375248287,85.24860706818146,117.8471375248287,85.24860706818146,117.8471375248287,-1.330494944119201,1.856148491879349,0.2013304949441192,0.10092807424593968
is,frozen,fixed100,closed,2Z,long,1786710836,1786718194,100.0,0.21976625621318818,85.14860706818146,117.7971375248287,85.98395298013115,117.33135709437111,85.98395298013115,117.33135709437111,85.98395298013115,117.33135709437111,0.9344115004492356,-0.41598842466992414,0.19906558849955075,0.09979200578766503
is,frozen,fixed100,closed,RVN,long,1786718194,1786723211,100.0,1.0776719570159912,85.88395298013116,117.28135709437112,92.69693640554553,111.62440587485892,92.69693640554553,111.62440587485892,92.69693640554553,111.62440587485892,6.906077348066301,-5.60975609756098,0.19309392265193367,0.09719512195121952
is,frozen,fixed100,closed,CAP,long,1786730607,1786732266,100.0,0.28488774299621583,92.59693640554553,111.57440587485893,105.58304136918764,98.96907116345805,105.58304136918764,98.96907116345805,105.58304136918764,98.96907116345805,13.073031931710402,-12.561615519160446,0.18692696806828962,0.09371919224041977
is,frozen,fixed100,closed,CAP,long,1786733445,1786733684,100.0,6.678063046932221,105.48304136918765,98.91907116345806,122.43910332927106,88.01829893373846,122.43910332927106,88.01829893373846,122.43910332927106,88.01829893373846,17.039022937146267,-10.856200329884535,0.18296097706285375,0.09457189983505773
is,frozen,fixed100,closed,CAP,short,1786733685,1786733748,100.0,2.9009881138801576,122.33910332927107,87.96829893373847,123.42552329484766,89.95156228610662,123.42552329484766,89.95156228610662,123.42552329484766,89.95156228610662,1.187607573149747,2.0322472287537834,0.20118760757314974,0.09898387638562312
is,frozen,fixed100,closed,CAP,long,1786733772,1786749473,100.0,0.21223921775817872,123.32552329484767,89.90156228610662,112.11842049110936,101.51954511872464,112.11842049110936,101.51954511872464,112.11842049110936,101.51954511872464,-11.096006796941367,11.67381974248926,0.21109600679694138,0.10583690987124464
is,frozen,fixed100,closed,CAP,long,1786753017,1786789435,100.0,0.22431724965572358,112.01842049110937,101.46954511872464,107.8862893435684,105.99560710739675,107.8862893435684,105.99560710739675,107.8862893435684,105.99560710739675,-4.028103044496485,4.578351164254241,0.20402810304449648,0.10228917558212713
is,frozen,fixed100,closed,WAL,long,1786789784,1786912522,100.0,0.20040805339813234,107.7862893435684,105.94560710739675,127.95462206885114,86.05988494642651,127.95462206885114,86.05988494642651,127.95462206885114,86.05988494642651,20.248084640642098,-19.84564498346197,0.17975191535935792,0.09007717750826902
is,frozen,fixed100,closed,ONT,long,1787258005,1787263118,100.0,0.30505876131355764,127.85462206885114,86.00988494642651,136.07328358751266,78.2116795810241,136.07328358751266,78.2116795810241,136.07328358751266,78.2116795810241,8.31035116749403,-7.752081406105456,0.19168964883250597,0.09612395929694728
is,frozen,fixed100,closed,ONT,long,1787266388,1787268904,100.0,0.20269240140914918,135.97328358751267,78.1616795810241,140.25891002871174,74.21827841823341,140.25891002871174,74.21827841823341,140.25891002871174,74.21827841823341,4.381245196003082,-3.895348837209298,0.1956187548039969,0.09805232558139536
is,frozen,fixed100,closed,ONT,long,1787272315,1787300442,100.0,0.2038760006427765,140.15891002871174,74.16827841823341,147.66048897608016,66.99792980133307,147.66048897608016,66.99792980133307,147.66048897608016,66.99792980133307,7.593984962406005,-7.123910572186433,0.19240601503759397,0.0964380447139068
is,frozen,fixed100,closed,HMSTR,short,1787375473,1787375569,100.0,5.632081699371338,147.56048897608017,66.94792980133307,165.7913461189373,55.5204027255208,165.7913461189373,55.5204027255208,165.7913461189373,55.5204027255208,18.349206349206348,-11.371841155234655,0.21834920634920635,0.10568592057761733
is,frozen,fixed100,closed,COAI,long,1787375569,1787376082,100.0,1.086129468679428,165.6913461189373,55.470402725520806,157.69506640829314,64.81681637454587,157.69506640829314,64.81681637454587,157.69506640829314,64.81681637454587,-7.888391319324827,9.401114206128122,0.20788839131932482,0.10470055710306406
is,frozen,fixed100,closed,GIGGLE,long,1787376082,1787380500,100.0,0.23096452355384828,157.59506640829315,64.76681637454587,159.28066278741989,63.45840490923647,159.28066278741989,63.45840490923647,159.28066278741989,63.45840490923647,1.7838125665601747,-1.2590409858023008,0.19821618743343983,0.09937047950709885
is,frozen,fixed100,closed,MOVE,long,1787385385,1787387413,100.0,0.21920855045318605,159.1806627874199,63.408404909236474,164.57001762612958,58.371182266093264,164.57001762612958,58.371182266093264,164.57001762612958,58.371182266093264,5.483870967741937,-4.989717501894158,0.19451612903225807,0.0975051412490529
is,frozen,fixed100,closed,MOVE,long,1787446997,1787455107,100.0,0.20315794348716737,164.4700176261296,58.32118226609327,178.7484167489366,44.34933835718326,178.7484167489366,44.34933835718326,178.7484167489366,44.34933835718326,14.364035087719294,-13.928808313066547,0.1856359649122807,0.09303559584346671
is,frozen,fixed100,closed,ONT,long,1787663309,1787667209,100.0,0.4532636895775795,178.6484167489366,44.29933835718326,182.586306178074,40.946106107319444,182.586306178074,40.946106107319444,182.586306178074,40.946106107319444,4.03385557356385,-3.3048846922099187,0.19596614442643612,0.09834755765389505
is,frozen,fixed100,closed,EDEN,long,1787729195,1787732459,100.0,0.2257328748703003,182.48630617807402,40.89610610731945,185.2368359793985,38.513939440652784,185.2368359793985,38.513939440652784,185.2368359793985,38.513939440652784,2.847682119205297,-2.333333333333331,0.1971523178807947,0.09883333333333333
is,frozen,fixed100,closed,BICO,long,1787750977,1787754806,100.0,0.20775188207626344,185.1368359793985,38.46393944065279,184.42594548601704,39.537944630964205,184.42594548601704,39.537944630964205,184.42594548601704,39.537944630964205,-0.6102802131682988,1.1245674740484422,0.20061028021316832,0.10056228373702422
is,frozen,fixed100,closed,ONT,long,1787754806,1787756689,100.0,0.411020827293396,184.32594548601705,39.48794463096421,189.12333840966696,35.228626642899414,189.12333840966696,35.228626642899414,189.12333840966696,35.228626642899414,4.892500423226675,-4.211423699914748,0.19510749957677334,0.09789428815004264
is,frozen,fixed100,closed,BICO,long,1787757213,1787758630,100.0,0.2325303375720978,189.02333840966696,35.17862664289942,187.43902620245802,37.154903446018324,187.43902620245802,37.154903446018324,187.43902620245802,37.154903446018324,-1.482829377831112,2.0272904483430785,0.20148282937783113,0.10101364522417154
is,frozen,fixed100,closed,EDEN,long,1787763764,1787777336,100.0,0.20008450448513032,187.33902620245803,37.10490344601833,186.3341321874954,38.46662660986013,186.3341321874954,38.46662660986013,186.3341321874954,38.46662660986013,-0.9039900249376731,1.4124293785310704,0.20090399002493767,0.10070621468926555
is,frozen,fixed100,closed,ONT,short,1787778899,1787780733,100.0,0.27344677299261094,186.23413218749542,38.41662660986013,190.2415744185711,34.85109954433307,190.2415744185711,34.85109954433307,190.2415744185711,34.85109954433307,4.111553784860556,-3.5137701804368464,0.20411155378486057,0.10175688509021842
is,frozen,fixed100,closed,ONT,short,1787785705,1787789172,100.0,0.2351804792881012,190.1415744185711,34.80109954433307,193.26271854932892,32.07896585686073,193.26271854932892,32.07896585686073,193.26271854932892,32.07896585686073,3.2243684992570656,-2.670798288328178,0.20322436849925707,0.10133539914416409
is,frozen,fixed100,closed,ONT,long,1787789578,1787797669,100.0,0.38572995625436307,193.16271854932893,32.02896585686073,202.55920484588552,23.121562119601403,202.55920484588552,23.121562119601403,202.55920484588552,23.121562119601403,9.486999297259318,-8.86183465458662,0.19051300070274066,0.0955690826727067
is,frozen,fixed100,closed,BICO,long,1787802088,1787803113,100.0,0.4941717952489853,202.45920484588552,23.071562119601403,203.7168177022741,22.455932958482894,203.7168177022741,22.455932958482894,203.7168177022741,22.455932958482894,1.356256599788812,-0.5659121171770972,0.19864374340021118,0.09971704394141145
is,frozen,fixed100,closed,BICO,long,1787803348,1787809070,100.0,0.21010045409202577,203.61681770227412,22.405932958482893,209.24773373280848,17.119225325882635,209.24773373280848,17.119225325882635,209.24773373280848,17.119225325882635,5.725190839694663,-5.239327296248383,0.19427480916030535,0.09738033635187582
is,frozen,fixed100,closed,BICO,long,1787816365,1787817846,100.0,0.3444871425628662,209.1477337328085,17.069225325882634,212.26438518433304,14.438443326620373,212.26438518433304,14.438443326620373,212.26438518433304,14.438443326620373,3.213438013511042,-2.582073035780152,0.19678656198648897,0.09870896348210992
is,frozen,fixed100_equalize,closed,KAITO,long,1786446062,1786464057,100.0,0.20422412157058717,99.9,99.95,99.72296444512854,100.4914201183432,100.10719228173588,100.10719228173588,100.10719228173588,100.10719228173588,-0.07695859627519545,0.591715976331365,0.2000769585962752,0.1002958579881657
is,frozen,fixed100_equalize,closed,KAITO,long,1786483114,1786492857,100.0,0.22116167545318605,100.00719228173588,100.05719228173588,102.38310793101446,98.05210169331195,100.21760481216322,100.21760481216322,100.21760481216322,100.21760481216322,2.473442207071517,-1.9560686227352875,0.1975265577929285,0.09902196568863236
is,frozen,fixed100_equalize,closed,KAITO,long,1786505611,1786507312,100.0,0.29351259469985963,100.11760481216322,100.16760481216322,100.9959896863821,99.74386883427346,100.36992926032778,100.36992926032778,100.36992926032778,100.36992926032778,0.9774074667521221,-0.37392293935944865,0.19902259253324786,0.09981303853032027
is,frozen,fixed100_equalize,closed,KAITO,long,1786514433,1786521637,100.0,0.6373310208320617,100.26992926032779,100.31992926032778,100.82343015799385,100.56843598008886,100.69593306904136,100.69593306904136,100.69593306904136,100.69593306904136,0.6528480496164523,0.29865604778497157,0.19934715195038355,0.10014932802389248
is,frozen,fixed100_equalize,closed,BEAT,long,1786541636,1786546201,100.0,0.23051453083753587,100.59593306904137,100.64593306904136,96.38625564968652,105.2548277489509,100.82054169931871,100.82054169931871,100.82054169931871,100.82054169931871,-4.105571847507336,4.661225292555818,0.20410557184750733,0.10233061264627791
is,frozen,fixed100_equalize,closed,ACU,long,1786600054,1786602084,100.0,0.6770085550844669,100.72054169931872,100.77054169931871,97.87724546190485,104.47306119771297,101.17515332980891,101.17515332980891,101.17515332980891,101.17515332980891,-2.74055568173214,3.7543966967426194,0.20274055568173213,0.10187719834837133
is,frozen,fixed100_equalize,closed,HOME,long,1786629763,1786636861,100.0,0.22594682574272157,101.07515332980891,101.12515332980891,100.25257903525561,102.3301901500506,101.2913845926531,101.2913845926531,101.2913845926531,101.2913845926531,-0.7218524421111905,1.2556646525679707,0.20072185244211121,0.100627832326284
is,frozen,fixed100_equalize,closed,HOME,long,1786669924,1786686382,100.0,0.25120912194252015,101.19138459265311,101.2413845926531,93.01659918492778,109.8557504295123,101.43617480722004,101.43617480722004,101.43617480722004,101.43617480722004,-8.066718689036282,8.66870018695267,0.2080667186890363,0.10433435009347633
is,frozen,fixed100_equalize,closed,2Z,long,1786688000,1786705082,100.0,0.21554599404335023,101.33617480722005,101.38617480722004,99.90434936815673,103.19139522485345,101.54787229650509,101.54787229650509,101.54787229650509,101.54787229650509,-1.330494944119201,1.856148491879349,0.2013304949441192,0.10092807424593968
is,frozen,fixed100_equalize,closed,2Z,long,1786710836,1786718194,100.0,0.21976625621318818,101.4478722965051,101.4978722965051,102.28321820845478,101.03209186604751,101.65765503725115,101.65765503725115,101.65765503725115,101.65765503725115,0.9344115004492356,-0.41598842466992414,0.19906558849955075,0.09979200578766503
is,frozen,fixed100_equalize,closed,RVN,long,1786718194,1786723211,100.0,1.0776719570159912,101.55765503725115,101.60765503725115,108.37063846266553,95.95070381773895,102.16067114020224,102.16067114020224,102.16067114020224,102.16067114020224,6.906077348066301,-5.60975609756098,0.19309392265193367,0.09719512195121952
is,frozen,fixed100_equalize,closed,CAP,long,1786730607,1786732266,100.0,0.28488774299621583,102.06067114020225,102.11067114020224,115.04677610384435,89.50533642880137,102.27605626632285,102.27605626632285,102.27605626632285,102.27605626632285,13.073031931710402,-12.561615519160446,0.18692696806828962,0.09371919224041977
is,frozen,fixed100_equalize,closed,CAP,long,1786733445,1786733684,100.0,6.678063046932221,102.17605626632286,102.22605626632286,119.13211822640628,91.32528403660326,105.22870113150478,105.22870113150478,105.22870113150478,105.22870113150478,17.039022937146267,-10.856200329884535,0.18296097706285375,0.09457189983505773
is,frozen,fixed100_equalize,closed,CAP,short,1786733685,1786733748,100.0,2.9009881138801576,105.12870113150478,105.17870113150478,106.21512109708138,107.16196448387294,106.68854279047716,106.68854279047716,106.68854279047716,106.68854279047716,1.187607573149747,2.0322472287537834,0.20118760757314974,0.09898387638562312
is,frozen,fixed100_equalize,closed,CAP,long,1786733772,1786749473,100.0,0.21223921775817872,106.58854279047716,106.63854279047716,95.38143998673885,118.25652562309517,106.81898280491701,106.81898280491701,106.81898280491701,106.81898280491701,-11.096006796941367,11.67381974248926,0.21109600679694138,0.10583690987124464
is,frozen,fixed100_equalize,closed,CAP,long,1786753017,1786789435,100.0,0.22431724965572358,106.71898280491702,106.76898280491702,102.58685165737603,111.29504479358913,106.94094822548257,106.94094822548257,106.94094822548257,106.94094822548257,-4.028103044496485,4.578351164254241,0.20402810304449648,0.10228917558212713
is,frozen,fixed100_equalize,closed,WAL,long,1786789784,1786912522,100.0,0.20040805339813234,106.84094822548258,106.89094822548257,127.00928095076532,87.00522606451233,107.00725350763882,107.00725350763882,107.00725350763882,107.00725350763882,20.248084640642098,-19.84564498346197,0.17975191535935792,0.09007717750826902
is,frozen,fixed100_equalize,closed,ONT,long,1787258005,1787263118,100.0,0.30505876131355764,106.90725350763883,106.95725350763882,115.12591502630035,99.15904814223641,107.14248158426838,107.14248158426838,107.14248158426838,107.14248158426838,8.31035116749403,-7.752081406105456,0.19168964883250597,0.09612395929694728
is,frozen,fixed100_equalize,closed,ONT,long,1787266388,1787268904,100.0,0.20269240140914918,107.04248158426839,107.09248158426838,111.32810802546747,103.14908042147769,107.23859422347257,107.23859422347257,107.23859422347257,107.23859422347257,4.381245196003082,-3.895348837209298,0.1956187548039969,0.09805232558139536
is,frozen,fixed100_equalize,closed,ONT,long,1787272315,1787300442,100.0,0.2038760006427765,107.13859422347258,107.18859422347258,114.640173170841,100.01824560657224,107.32920938870662,107.32920938870662,107.32920938870662,107.32920938870662,7.593984962406005,-7.123910572186433,0.19240601503759397,0.0964380447139068
is,frozen,fixed100_equalize,closed,HMSTR,short,1787375473,1787375569,100.0,5.632081699371338,107.22920938870662,107.27920938870662,125.46006653156377,95.85168231289434,110.65587442222906,110.65587442222906,110.65587442222906,110.65587442222906,18.349206349206348,-11.371841155234655,0.21834920634920635,0.10568592057761733
is,frozen,fixed100_equalize,closed,COAI,long,1787375569,1787376082,100.0,1.086129468679428,110.55587442222907,110.60587442222906,102.55959471158492,119.95228807125412,111.25594139141953,111.25594139141953,111.25594139141953,111.25594139141953,-7.888391319324827,9.401114206128122,0.20788839131932482,0.10470055710306406
is,frozen,fixed100_equalize,closed,GIGGLE,long,1787376082,1787380500,100.0,0.23096452355384828,111.15594139141953,111.20594139141953,112.84153777054627,109.89752992611012,111.36953384832819,111.36953384832819,111.36953384832819,111.36953384832819,1.7838125665601747,-1.2590409858023008,0.19821618743343983,0.09937047950709885
is,frozen,fixed100_equalize,closed,MOVE,long,1787385385,1787387413,100.0,0.21920855045318605,111.2695338483282,111.31953384832819,116.65888868703787,106.28231120518498,111.47059994611143,111.47059994611143,111.47059994611143,111.47059994611143,5.483870967741937,-4.989717501894158,0.19451612903225807,0.0975051412490529
is,frozen,fixed100_equalize,closed,MOVE,long,1787446997,1787455107,100.0,0.20315794348716737,111.37059994611144,111.42059994611144,125.64899906891846,97.44875603720142,111.54887755305994,111.54887755305994,111.54887755305994,111.54887755305994,14.364035087719294,-13.928808313066547,0.1856359649122807,0.09303559584346671
is,frozen,fixed100_equalize,closed,ONT,long,1787663309,1787667209,100.0,0.4532636895775795,111.44887755305994,111.49887755305994,115.38676698219736,108.14564530319613,111.76620614269675,111.76620614269675,111.76620614269675,111.76620614269675,4.03385557356385,-3.3048846922099187,0.19596614442643612,0.09834755765389505
is,frozen,fixed100_equalize,closed,EDEN,long,1787729195,1787732459,100.0,0.2257328748703003,111.66620614269675,111.71620614269675,114.41673594402126,109.33403947603009,111.87538771002568,111.87538771002568,111.87538771002568,111.87538771002568,2.847682119205297,-2.333333333333331,0.1971523178807947,0.09883333333333333
is,frozen,fixed100_equalize,closed,BICO,long,1787750977,1787754806,100.0,0.20775188207626344,111.77538771002568,111.82538771002568,111.06449721664421,112.89939290033709,111.98194505849065,111.98194505849065,111.98194505849065,111.98194505849065,-0.6102802131682988,1.1245674740484422,0.20061028021316832,0.10056228373702422
is,frozen,fixed100_equalize,closed,ONT,long,1787754806,1787756689,100.0,0.411020827293396,111.88194505849066,111.93194505849065,116.67933798214057,107.67262707042586,112.1759825262832,112.1759825262832,112.1759825262832,112.1759825262832,4.892500423226675,-4.211423699914748,0.19510749957677334,0.09789428815004264
is,frozen,fixed100_equalize,closed,BICO,long,1787757213,1787758630,100.0,0.2325303375720978,112.07598252628321,112.12598252628321,110.49167031907427,114.10225932940212,112.29696482423819,112.29696482423819,112.29696482423819,112.29696482423819,-1.482829377831112,2.0272904483430785,0.20148282937783113,0.10101364522417154
is,frozen,fixed100_equalize,closed,EDEN,long,1787763764,1787777336,100.0,0.20008450448513032,112.1969648242382,112.24696482423819,111.19207080927558,113.60868798807999,112.40037939867779,112.40037939867779,112.40037939867779,112.40037939867779,-0.9039900249376731,1.4124293785310704,0.20090399002493767,0.10070621468926555
is,frozen,fixed100_equalize,closed,ONT,short,1787778899,1787780733,100.0,0.27344677299261094,112.30037939867779,112.35037939867779,116.30782162975349,108.78485233315072,112.5463369814521,112.5463369814521,112.5463369814521,112.5463369814521,4.111553784860556,-3.5137701804368464,0.20411155378486057,0.10175688509021842
is,frozen,fixed100_equalize,closed,ONT,short,1787785705,1787789172,100.0,0.2351804792881012,112.4463369814521,112.4963369814521,115.56748111220992,109.77420329397977,112.67084220309485,112.67084220309485,112.67084220309485,112.67084220309485,3.2243684992570656,-2.670798288328178,0.20322436849925707,0.10133539914416409
is,frozen,fixed100_equalize,closed,ONT,long,1787789578,1787797669,100.0,0.38572995625436307,112.57084220309486,112.62084220309485,121.96732849965143,103.71343846583552,112.84038348274348,112.84038348274348,112.84038348274348,112.84038348274348,9.486999297259318,-8.86183465458662,0.19051300070274066,0.0955690826727067
is,frozen,fixed100_equalize,closed,BICO,long,1787802088,1787803113,100.0,0.4941717952489853,112.74038348274348,112.79038348274348,113.99799633913209,112.17475432162497,113.08637533037853,113.08637533037853,113.08637533037853,113.08637533037853,1.356256599788812,-0.5659121171770972,0.19864374340021118,0.09971704394141145
is,frozen,fixed100_equalize,closed,BICO,long,1787803348,1787809070,100.0,0.21010045409202577,112.98637533037854,113.03637533037853,118.61729136091289,107.74966769777828,113.18347952934559,113.18347952934559,113.18347952934559,113.18347952934559,5.725190839694663,-5.239327296248383,0.19427480916030535,0.09738033635187582
is,frozen,fixed100_equalize,closed,BICO,long,1787816365,1787817846,100.0,0.3444871425628662,113.0834795293456,113.13347952934559,116.20013098087014,110.50269753008332,113.35141425547673,113.35141425547673,113.35141425547673,113.35141425547673,3.213438013511042,-2.582073035780152,0.19678656198648897,0.09870896348210992
is,frozen,balance_equalize,closed,KAITO,long,1786446062,1786464057,100.0,0.20422412157058717,99.9,99.95,99.72296444512854,100.4914201183432,100.10719228173588,100.10719228173588,100.10719228173588,100.10719228173588,-0.07695859627519545,0.591715976331365,0.2000769585962752,0.1002958579881657
is,frozen,balance_equalize,closed,KAITO,long,1786483114,1786492857,100.10719228173588,0.22116167545318605,100.00708508945414,100.057138685595,102.38554753692931,98.04989879481849,100.2177231658739,100.2177231658739,100.2177231658739,100.2177231658739,2.476093546210695,-1.9581653773243168,0.19773829101726106,0.09912810959307372
is,frozen,balance_equalize,closed,KAITO,long,1786505611,1786507312,100.2177231658739,0.29351259469985963,100.11750544270804,100.16761430429096,100.99780276428362,99.74295575501519,100.37037925964941,100.37037925964941,100.37037925964941,100.37037925964941,0.9795355092322229,-0.3747370562209508,0.1994559108225156,0.10003035463776343
is,frozen,balance_equalize,closed,KAITO,long,1786514433,1786521637,100.37037925964941,0.6373310208320617,100.27000888038977,100.32019407001958,100.82555983058276,100.56962120712949,100.69759051885612,100.69759051885612,100.69759051885612,100.69759051885612,0.6552660633892574,0.29976220784365576,0.2000854924559096,0.10052026036357123
is,frozen,balance_equalize,closed,BEAT,long,1786541636,1786546201,100.69759051885612,0.23051453083753587,100.59689292833725,100.6472417235967,96.35784919843057,105.28828761581735,100.82306840712397,100.82306840712397,100.82306840712397,100.82306840712397,-4.134211927460372,4.693741558259211,0.20552939296517259,0.10304446129798572
is,frozen,balance_equalize,closed,ACU,long,1786600054,1786602084,100.82306840712397,0.6770085550844669,100.72224533871685,100.77265687292041,97.85554682825187,104.50565063957355,101.18059873391272,101.18059873391272,101.18059873391272,101.18059873391272,-2.7631123297281186,3.7852979498316137,0.20440924914397607,0.10271571738203977
is,frozen,balance_equalize,closed,HOME,long,1786629763,1786636861,101.18059873391272,0.22594682574272157,101.0794181351788,101.13000843454576,100.2471325389185,102.3492719042304,101.29820222157446,101.29820222157446,101.29820222157446,101.29820222157446,-0.7303746229034732,1.2704890135583775,0.2030915720907289,0.10181584324069193
is,frozen,balance_equalize,closed,HOME,long,1786669924,1786686382,101.29820222157446,0.25120912194252015,101.19690401935289,101.24755312046366,92.91599336585553,109.97375084599152,101.44487210592352,101.44487210592352,101.44487210592352,101.44487210592352,-8.171441010265513,8.781237445361318,0.21076784545341443,0.10568882094425511
is,frozen,balance_equalize,closed,2Z,long,1786688000,1786705082,101.44487210592352,0.21554599404335023,101.3434272338176,101.39414966987056,99.89091374837973,103.22545321376879,101.55818348107425,101.55818348107425,101.55818348107425,101.55818348107425,-1.3497188944375023,1.8829674636830336,0.20423946310628455,0.10238635583776504
is,frozen,balance_equalize,closed,2Z,long,1786710836,1786718194,101.55818348107425,0.21976625621318818,101.45662529759318,101.50740438933371,102.30498743155269,101.03436624515066,101.66967683835168,101.66967683835168,101.66967683835168,101.66967683835168,0.9489713460944937,-0.4224702875863119,0.202167395616054,0.10134694833728108
is,frozen,balance_equalize,closed,RVN,long,1786718194,1786723211,101.66967683835168,1.0776719570159912,101.56800716151332,101.6188419999325,108.49474539318257,95.86743797615125,102.18109168466691,102.18109168466691,102.18109168466691,102.18109168466691,7.021386521985616,-5.703420895809977,0.19631796715471775,0.09881796639044668
is,frozen,balance_equalize,closed,CAP,long,1786730607,1786732266,102.18109168466691,0.28488774299621583,102.07891059298224,102.13000113882458,115.34825441214846,89.24973252020892,102.2989934661787,102.2989934661787,102.2989934661787,102.2989934661787,13.358166744106788,-12.835595870708682,0.19100401662522704,0.09576329374931257
is,frozen,balance_equalize,closed,CAP,long,1786733445,1786733684,102.2989934661787,6.678063046932221,102.19669447271252,102.24784396944561,119.54257518937946,91.09646369840175,105.31951944389061,105.31951944389061,105.31951944389061,105.31951944389061,17.43074896117195,-11.105783666143852,0.18716723797118545,0.09674610163310679
is,frozen,balance_equalize,closed,CAP,short,1786733685,1786733748,105.31951944389061,2.9009881138801576,105.21419992444672,105.26685968416867,106.35841221133447,107.3556231161896,106.85701766376204,106.85701766376204,106.85701766376204,106.85701766376204,1.2507825889205655,2.140353015235269,0.2118898214767018,0.10424934293627298
is,frozen,balance_equalize,closed,CAP,long,1786733772,1786749473,106.85701766376204,0.21223921775817872,106.75016064609828,106.80358915493015,94.77458482351166,119.21821912255362,106.99640197303265,106.99640197303265,106.99640197303265,106.99640197303265,-11.856861942979872,12.474295624267487,0.22557089727050395,0.11309416547589578
is,frozen,balance_equalize,closed,CAP,long,1786753017,1786789435,106.99640197303265,0.22431724965572358,106.88940557105961,106.94290377204614,102.46817391838377,111.7856272509944,107.12690058468908,107.12690058468908,107.12690058468908,107.12690058468908,-4.309925325377426,4.898671015442488,0.21830272927144273,0.1094457374807539
is,frozen,balance_equalize,closed,WAL,long,1786789784,1786912522,107.12690058468908,0.20040805339813234,107.0197736841044,107.07333713439674,128.62548343230736,85.77037932446666,107.19793137838701,107.19793137838701,107.19793137838701,107.19793137838701,21.69114550328436,-21.26002437182364,0.1925626556660938,0.09649688839877726
is,frozen,balance_equalize,closed,ONT,long,1787258005,1787263118,107.19793137838701,0.30505876131355764,107.09073344700863,107.14433241269782,115.9009685820053,98.78481757634806,107.34289307917669,107.34289307917669,107.34289307917669,107.34289307917669,8.908524541833234,-8.310070906113626,0.2054873382149408,0.1030428959253302
is,frozen,balance_equalize,closed,ONT,long,1787266388,1787268904,107.34289307917669,0.20269240140914918,107.23555018609751,107.28922163263711,111.83586559464678,103.05626073877968,107.44606316671323,107.44606316671323,107.44606316671323,107.44606316671323,4.702955346282154,-4.18138013738653,0.20998283081207125,0.10525220301048344
is,frozen,balance_equalize,closed,ONT,long,1787272315,1787300442,107.44606316671323,0.2038760006427765,107.33861710354651,107.39234013512987,115.39876835783684,99.68808283094158,107.54342559438922,107.54342559438922,107.54342559438922,107.54342559438922,8.15943787957746,-7.654361453331597,0.206732688453849,0.10361888244004744
is,frozen,balance_equalize,closed,HMSTR,short,1787375473,1787375569,107.54342559438922,5.632081699371338,107.43588216879483,107.48965388159202,127.0419704554428,95.20009980353717,111.12103512948998,111.12103512948998,111.12103512948998,111.12103512948998,19.733365077319668,-12.229667531491913,0.23482021626609811,0.11365825936013517
is,frozen,balance_equalize,closed,COAI,long,1787375569,1787376082,111.12103512948998,1.086129468679428,111.0099140943605,111.06547461192524,102.12436530804332,121.45130620620581,111.78783575712457,111.78783575712457,111.78783575712457,111.78783575712457,-8.76566208909858,10.446615419555103,0.23100773234807853,0.11634434283926752
is,frozen,balance_equalize,closed,GIGGLE,long,1787376082,1787380500,111.78783575712457,0.23096452355384828,111.67604792136744,111.731941839246,113.56033963319368,110.26929697937855,111.91481830628612,111.91481830628612,111.91481830628612,111.91481830628612,1.9940854621212367,-1.4074546693235581,0.2215815860521279,0.1110841084224628
is,frozen,balance_equalize,closed,MOVE,long,1787385385,1787387413,111.91481830628612,0.21920855045318605,111.80290348797983,111.85886089713298,117.8343901636028,106.22146232837616,112.02792624598948,112.02792624598948,112.02792624598948,112.02792624598948,6.1372642296995625,-5.5842332762418065,0.2176923723828727,0.10912270166816522
is,frozen,balance_equalize,closed,MOVE,long,1787446997,1787455107,112.02792624598948,0.20315794348716737,111.91589831974349,111.97191228286648,127.91169275814974,96.319545293388,112.11561902576886,112.11561902576886,112.11561902576886,112.11561902576886,16.09173063401822,-15.604155103907443,0.20796412185796073,0.10422584869403576
is,frozen,balance_equalize,closed,ONT,long,1787663309,1787667209,112.11561902576886,0.4532636895775795,112.00350340674309,112.05956121625599,116.41849251677083,108.30006412194946,112.35927831936014,112.35927831936014,112.35927831936014,112.35927831936014,4.522582146906589,-3.705291930759026,0.21970865590463112,0.11026297306038936
is,frozen,balance_equalize,closed,EDEN,long,1787729195,1787732459,112.35927831936014,0.2257328748703003,112.24691904104078,112.30309868020046,115.33739447576792,109.62651340516945,112.48195394046869,112.48195394046869,112.48195394046869,112.48195394046869,3.1996350779685327,-2.6217164941184006,0.22151892156075176,0.11104842007230094
is,frozen,balance_equalize,closed,BICO,long,1787750977,1787754806,112.48195394046869,0.20775188207626344,112.36947198652821,112.42571296349846,111.5698484691957,113.63377498698279,112.60181172808925,112.60181172808925,112.60181172808925,112.60181172808925,-0.68645510828376,1.2649354681886606,0.22565036298922114,0.11311442167456301
is,frozen,balance_equalize,closed,ONT,long,1787754806,1787756689,112.60181172808925,0.411020827293396,112.48920991636116,112.5455108222252,117.8911612641061,107.74944160040384,112.82030143225498,112.82030143225498,112.82030143225498,112.82030143225498,5.50904411535767,-4.742139385650135,0.21969457934082082,0.11023074203526419
is,frozen,balance_equalize,closed,BICO,long,1787757213,1787758630,112.82030143225498,0.2325303375720978,112.70748113082273,112.76389128153885,110.92005532302159,114.99353272795332,112.95679402548745,112.95679402548745,112.95679402548745,112.95679402548745,-1.6729325737950917,2.2871951947279743,0.22731353543830507,0.11396389902961895
is,frozen,balance_equalize,closed,EDEN,long,1787763764,1787777336,112.95679402548745,0.20008450448513032,112.84383723146196,112.90031562847471,111.7087411688062,114.43847445785285,113.07360781332952,113.07360781332952,113.07360781332952,113.07360781332952,-1.0211181504798001,1.5954349438628137,0.22693470620145467,0.11375451149741886
is,frozen,balance_equalize,closed,ONT,short,1787778899,1787780733,113.07360781332952,0.27344677299261094,112.96053420551618,113.01707100942285,117.49189371722845,108.98540091887065,113.23864731804954,113.23864731804954,113.23864731804954,113.23864731804954,4.649082201727331,-3.973146713288881,0.23079629782838634,0.11506018116997398
is,frozen,balance_equalize,closed,ONT,short,1787785705,1787789172,113.23864731804954,0.2351804792881012,113.12540867073149,113.18202799439052,116.65975006524833,110.0995206285079,113.37963534687812,113.37963534687812,113.37963534687812,113.37963534687812,3.6512312731079954,-3.024375854296449,0.23012852590920707,0.11475083524519777
is,frozen,balance_equalize,closed,ONT,long,1787789578,1787797669,113.37963534687812,0.38572995625436307,113.26625571153124,113.32294552920467,123.91995760998647,103.22376365302586,113.57186063150615,113.57186063150615,113.57186063150615,113.57186063150615,10.756325208593505,-10.047515816413586,0.21600294548516272,0.10835587743867132
is,frozen,balance_equalize,closed,BICO,long,1787802088,1787803113,113.57186063150615,0.4941717952489853,113.45828877087465,113.5150747011904,114.88658309141621,112.81589320831797,113.8512381498671,113.8512381498671,113.8512381498671,113.8512381498671,1.540325855317754,-0.6427169210171787,0.22560339540769453,0.11325050217099757
is,frozen,balance_equalize,closed,BICO,long,1787803348,1787809070,113.8512381498671,0.21010045409202577,113.73738691171724,113.79431253079217,120.14825453165994,107.77533043371325,113.9617924826866,113.9617924826866,113.9617924826866,113.9617924826866,6.518200657435146,-5.965038997502739,0.2211842756422991,0.11086871865111575
is,frozen,balance_equalize,closed,BICO,long,1787816365,1787817846,113.9617924826866,0.3444871425628662,113.84783069020392,113.90481158644526,117.39962254979898,110.90672526377413,114.15317390678655,114.15317390678655,114.15317390678655,114.15317390678655,3.6620915605172204,-2.942576714787183,0.22426149340485602,0.11249050412529302
oos,frozen,fixed100,closed,HOME,long,1787968180,1787976646,100.0,0.2151418149471283,99.9,99.95,102.70714285714286,97.50031590586005,102.70714285714286,97.50031590586005,102.70714285714286,97.50031590586005,2.9042386185243236,-2.400884536408154,0.1970957613814757,0.09879955773179593
oos,frozen,fixed100,closed,ICX,short,1788109977,1788125336,100.0,0.8902687549591064,102.60714285714286,97.45031590586005,92.65555361508908,108.33695558197341,92.65555361508908,108.33695558197341,92.65555361508908,108.33695558197341,-9.861450692746532,10.931174089068831,0.1901385493072535,0.09453441295546558
oos,frozen,fixed100,closed,ICX,short,1788140030,1788141140,100.0,0.25016350746154786,92.55555361508908,108.28695558197342,92.26986588274707,108.97465143450798,92.26986588274707,108.97465143450798,92.26986588274707,108.97465143450798,-0.18587360594796393,0.7373271889400941,0.19981412639405202,0.09963133640552997
oos,frozen,fixed100,closed,ICX,short,1788173397,1788175807,100.0,0.25839841812849046,92.16986588274708,108.92465143450798,92.44437384900762,109.06096428366999,92.44437384900762,109.06096428366999,92.44437384900762,109.06096428366999,0.37488284910965414,0.1862197392923574,0.20037488284910965,0.09990689013035382
oos,frozen,fixed100,closed,ICX,short,1788179771,1788189486,100.0,0.26127220392227174,92.34437384900762,109.01096428366999,92.90222897600667,108.86737214148103,92.90222897600667,108.86737214148103,92.90222897600667,108.86737214148103,0.6585136406396884,-0.09354536950420572,0.20065851364063972,0.1000467726847521
oos,frozen,fixed100,closed,ICX,short,1788192130,1788192607,100.0,0.25248286575078965,92.80222897600667,108.81737214148103,92.79490059010685,109.22843204931513,92.79490059010685,109.22843204931513,92.79490059010685,109.22843204931513,0.09276437847866043,0.46082949308755483,0.20009276437847867,0.09976958525345624
oos,frozen,fixed100,closed,ICX,short,1788194771,1788195248,100.0,0.2572660863399506,92.69490059010685,109.17843204931513,92.31428261257876,109.96605995629187,92.31428261257876,109.96605995629187,92.31428261257876,109.96605995629187,-0.2808988764044991,0.8372093023255796,0.19971910112359548,0.0995813953488372
oos,frozen,fixed100,closed,ICX,short,1788219059,1788232500,100.0,0.3410256624221802,92.21428261257877,109.91605995629187,91.28561901810873,111.33199402222593,91.28561901810873,111.33199402222593,91.28561901810873,111.33199402222593,-0.8294930875576019,1.4652014652014531,0.19917050691244242,0.09926739926739926
oos,frozen,fixed100,closed,ICX,short,1788251049,1788257155,100.0,0.2612582266330719,91.18561901810874,111.28199402222593,90.61439260301441,112.26343732119501,90.61439260301441,112.26343732119501,90.61439260301441,112.26343732119501,-0.4716981132075443,1.030927835051553,0.19952830188679246,0.09948453608247422
oos,frozen,fixed100,closed,ICX,short,1788261243,1788266736,100.0,0.26916747987270356,90.51439260301441,112.21343732119502,91.55828573278541,111.59443258185853,91.55828573278541,111.59443258185853,91.55828573278541,111.59443258185853,1.1450381679389343,-0.5687203791469126,0.2011450381679389,0.10028436018957346
oos,frozen,fixed100,closed,ICX,short,1788285394,1788289449,100.0,0.28252429962158204,91.45828573278541,111.54443258185853,90.8704927640354,112.56292772748961,90.8704927640354,112.56292772748961,90.8704927640354,112.56292772748961,-0.488281250000014,1.0679611650485508,0.19951171875,0.09946601941747571
oos,frozen,fixed100,closed,ICX,short,1788307078,1788310921,100.0,0.2861744284629822,90.77049276403541,112.51292772748961,89.28984123392682,114.42469243337197,89.28984123392682,114.42469243337197,89.28984123392682,114.42469243337197,-1.3820335636722556,1.9607843137254954,0.19861796643632773,0.09901960784313726
oos,frozen,fixed100,closed,LA,long,1788313714,1788319013,100.0,0.2032511502504349,89.18984123392683,114.37469243337198,91.98148229108723,111.92910715426264,91.98148229108723,111.92910715426264,91.98148229108723,111.92910715426264,2.8887523048555517,-2.3967836709448114,0.19711124769514446,0.0988016081645276
oos,frozen,fixed100,closed,ICX,short,1788335025,1788338017,100.0,0.23051777929067613,91.88148229108724,111.87910715426264,90.6036687862641,113.53389948653101,90.6036687862641,113.53389948653101,90.6036687862641,113.53389948653101,-1.1789924973204609,1.7039403620873315,0.19882100750267956,0.09914802981895635
oos,frozen,fixed100,closed,ICX,short,1788343666,1788349466,100.0,0.22965986728668214,90.5036687862641,113.48389948653102,91.3673343811194,113.00950924262858,91.3673343811194,113.00950924262858,91.3673343811194,113.00950924262858,0.9646302250803839,-0.4241781548250277,0.20096463022508038,0.10021208907741253
oos,frozen,fixed100,closed,LA,long,1788349466,1788350809,100.0,0.5037973940372467,91.26733438111941,112.95950924262858,92.89595141783396,111.9844541522804,92.89595141783396,111.9844541522804,92.89595141783396,111.9844541522804,1.7268901465679822,-0.9255178492728156,0.198273109853432,0.0995372410753636
oos,frozen,fixed100,closed,ICX,short,1788352531,1788364772,100.0,0.21660920679569245,92.79595141783396,111.93445415228041,91.8625833260717,113.2322779864773,91.8625833260717,113.2322779864773,91.8625833260717,113.2322779864773,-0.834202294056311,1.3471502590673565,0.1991657977059437,0.09932642487046633
oos,frozen,fixed100,closed,LA,long,1788364780,1788371361,100.0,0.22957940101623536,91.7625833260717,113.1822779864773,98.60094417688235,106.70178158575744,98.60094417688235,106.70178158575744,98.60094417688235,106.70178158575744,6.931429421389257,-6.433713257348533,0.19306857057861077,0.09678314337132574
oos,frozen,fixed100,closed,ICX,short,1788371439,1788372710,100.0,0.4454739212989807,98.50094417688236,106.65178158575745,91.86242486357764,113.84714899789802,91.86242486357764,113.84714899789802,91.86242486357764,113.84714899789802,-6.5450643776823965,7.24174653887114,0.19345493562231758,0.09637912673056444
oos,frozen,fixed100,closed,ICX,short,1788381010,1788384123,100.0,0.2683524310588837,91.76242486357765,113.79714899789802,91.31595087513834,114.66398748587054,91.31595087513834,114.66398748587054,91.31595087513834,114.66398748587054,-0.34682080924856085,0.9163802978235992,0.19965317919075143,0.09954180985108821
oos,frozen,fixed100,closed,LA,long,1788387355,1788422773,100.0,0.21047682762145997,91.21595087513835,114.61398748587054,89.4563108940867,116.74651059712332,89.4563108940867,116.74651059712332,89.4563108940867,116.74651059712332,-1.6579819990525966,2.183614918712139,0.2016579819990526,0.10109180745935607
oos,frozen,fixed100,closed,ICX,short,1788431981,1788465064,100.0,0.23981124609708787,89.3563108940867,116.69651059712332,91.4209912841192,115.03106388022341,91.4209912841192,115.03106388022341,91.4209912841192,115.03106388022341,2.166847237269759,-1.6146393972013005,0.20216684723726977,0.10080731969860064
oos,frozen,fixed100,closed,ICX,short,1788477336,1788478223,100.0,0.21748909801244737,91.3209912841192,114.98106388022342,92.26053342771961,114.4137422669866,92.26053342771961,114.4137422669866,92.26053342771961,114.4137422669866,1.0405827263267367,-0.5170630816959638,0.20104058272632674,0.10025853154084799
oos,frozen,fixed100,closed,LA,long,1788479756,1788509425,100.0,0.21255279779434205,92.16053342771961,114.3637422669866,89.47965712275283,117.42124386137438,89.47965712275283,117.42124386137438,89.47965712275283,117.42124386137438,-2.5782980069598334,3.1090561224489917,0.20257829800695987,0.1015545280612245
oos,frozen,fixed100,closed,ICX,short,1788519958,1788529528,100.0,0.27971012592315675,89.37965712275283,117.37124386137438,90.93009444053709,116.25791052804104,90.93009444053709,116.25791052804104,90.93009444053709,116.25791052804104,1.652089407191448,-1.062801932367157,0.20165208940719145,0.10053140096618358
oos,frozen,fixed100,closed,ICX,short,1788532808,1788549015,100.0,0.30314621031284333,90.8300944405371,116.20791052804104,107.86933614669823,99.70231842277789,107.86933614669823,99.70231842277789,107.86933614669823,99.70231842277789,17.156398104265392,-16.44736842105263,0.2171563981042654,0.10822368421052633
oos,frozen,fixed100,closed,ICX,short,1788549603,1788551116,100.0,0.26796306371688844,107.76933614669824,99.6523184227779,109.2175416931909,98.63174445349739,109.2175416931909,98.63174445349739,109.2175416931909,98.63174445349739,1.549755301794447,-0.9700889248180967,0.20154975530179445,0.10048504446240904
oos,frozen,fixed100,closed,ICX,short,1788562513,1788564805,100.0,0.22841365337371827,109.1175416931909,98.5817444534974,113.76772457541475,94.33586592855163,113.76772457541475,94.33586592855163,113.76772457541475,94.33586592855163,4.754937820043888,-4.1937816341286975,0.2047549378200439,0.10209689081706436
oos,frozen,fixed100,closed,ICX,short,1788564950,1788565065,100.0,0.2686998963356018,113.66772457541475,94.28586592855163,116.32504941617908,92.06543205871259,116.32504941617908,92.06543205871259,116.32504941617908,92.06543205871259,2.7600849256900193,-2.169349195241424,0.20276008492569,0.10108467459762072
oos,frozen,fixed100,closed,ICX,short,1788566288,1788566437,100.0,0.21653754711151124,116.22504941617909,92.01543205871259,113.99659580793166,94.61261659059862,113.99659580793166,94.61261659059862,113.99659580793166,94.61261659059862,-2.130584192439871,2.6458616010854796,0.19786941580756012,0.09867706919945726
oos,frozen,fixed100,closed,ICX,short,1788566581,1788567288,100.0,0.33418596982955934,113.89659580793166,94.56261659059862,113.58067361772993,95.36774479572684,113.58067361772993,95.36774479572684,113.58067361772993,95.36774479572684,-0.21613832853026305,0.8547008547008569,0.19978386167146975,0.09957264957264958
oos,frozen,fixed100,closed,LA,long,1788567451,1788581281,100.0,0.44260961636900903,113.48067361772993,95.31774479572684,114.96794449349368,94.4184772891344,114.96794449349368,94.4184772891344,114.96794449349368,94.4184772891344,1.5856851905731653,-0.8496923527688208,0.19841431480942684,0.09957515382361559
oos,frozen,fixed100,closed,ICX,short,1788581281,1788588860,100.0,0.6132536649703979,114.86794449349368,94.3684772891344,114.90276230725887,95.11410353167912,114.90276230725887,95.11410353167912,114.90276230725887,95.11410353167912,0.13495276653172011,0.7952286282306069,0.2001349527665317,0.0996023856858847
oos,frozen,fixed100,closed,ICX,short,1788589506,1788601954,100.0,0.26648266315460206,114.80276230725887,95.06410353167912,113.69502861526156,96.60219876977435,113.69502861526156,96.60219876977435,113.69502861526156,96.60219876977435,-1.0087424344317357,1.5873015873015799,0.1989912575655683,0.09920634920634921
oos,frozen,fixed100,closed,ICX,short,1788608905,1788609601,100.0,0.20193631649017335,113.59502861526157,96.55219876977435,113.49502861526157,97.02912437872762,113.49502861526157,97.02912437872762,113.49502861526157,97.02912437872762,0.0,0.5266622778143529,0.2,0.09973666886109284
oos,frozen,fixed100,closed,ICX,short,1788611796,1788613278,100.0,0.22848148345947267,113.39502861526158,96.97912437872762,114.98025128732635,95.80198720178925,114.98025128732635,95.80198720178925,114.98025128732635,95.80198720178925,1.6869095816464252,-1.1265738899933733,0.20168690958164642,0.10056328694499668
oos,frozen,fixed100,closed,ICX,short,1788613634,1788636916,100.0,0.21983493566513063,114.88025128732636,95.75198720178925,107.68316062426817,103.30578720178924,107.68316062426817,103.30578720178924,107.68316062426817,103.30578720178924,-7.104194857916107,7.599999999999992,0.19289580514208388,0.09620000000000001
oos,frozen,fixed100,closed,LA,long,1788652049,1788667672,100.0,0.21153442263603212,107.58316062426817,103.25578720178925,106.98624136598228,104.22147939619278,106.98624136598228,104.22147939619278,106.98624136598228,104.22147939619278,-0.4964228354504409,1.0162002945508044,0.20049642283545044,0.1005081001472754
oos,frozen,fixed100,closed,ICX,short,1788673125,1788679509,100.0,0.2828641951084137,106.88624136598229,104.17147939619278,104.3644231841641,107.12097972930404,104.3644231841641,107.12097972930404,104.3644231841641,107.12097972930404,-2.4242424242424305,2.9980013324450416,0.19757575757575757,0.09850099933377748
oos,frozen,fixed100,closed,ICX,short,1788686348,1788702198,100.0,0.31323437094688417,104.2644231841641,107.07097972930404,103.12162568938331,108.67583844742948,103.12162568938331,108.67583844742948,103.12162568938331,108.67583844742948,-1.0438413361169159,1.654031702274298,0.1989561586638831,0.09917298414886286
oos,frozen,fixed100,closed,LA,long,1788738277,1788746595,100.0,0.21689873635768891,103.02162568938331,108.62583844742949,107.84786317150062,104.15250703615659,107.84786317150062,104.15250703615659,107.84786317150062,104.15250703615659,4.921316165951357,-4.425544183364571,0.19507868383404864,0.0977872279083177
oos,frozen,fixed100,closed,ICX,short,1788767962,1788776834,100.0,0.22949094772338868,107.74786317150063,104.1025070361566,107.19100341540307,105.0378479452475,107.19100341540307,105.0378479452475,107.19100341540307,105.0378479452475,-0.4573170731707263,0.9848484848484842,0.19954268292682928,0.09950757575757577
oos,frozen,fixed100,closed,ICX,short,1788780625,1788782118,100.0,0.23100699931383134,107.09100341540308,104.98784794524751,105.38464813209526,107.06981141556714,105.38464813209526,107.06981141556714,105.38464813209526,107.06981141556714,-1.6079632465543652,2.130898021308986,0.19839203675344563,0.0989345509893455
oos,frozen,fixed100,closed,ICX,short,1788782887,1788785955,100.0,0.3131969466805458,105.28464813209527,107.01981141556715,106.7251261583096,106.0505158566085,106.7251261583096,106.0505158566085,106.7251261583096,106.0505158566085,1.542020046260592,-0.9188361408882106,0.2015420200462606,0.10045941807044412
oos,frozen,fixed100,closed,ICX,short,1788822186,1788822883,100.0,0.2497403144836426,106.62512615830961,106.0005158566085,106.12648290212447,106.9003576287604,106.12648290212447,106.9003576287604,106.12648290212447,106.9003576287604,-0.39904229848363687,0.9493670886075974,0.19960095770151637,0.0995253164556962
oos,frozen,fixed100,closed,ICX,short,1788827495,1788828267,100.0,0.24596447944641114,106.02648290212447,106.8503576287604,104.8933086777808,108.3784333385396,104.8933086777808,108.3784333385396,104.8933086777808,108.3784333385396,-1.0342084327764511,1.577287066246061,0.19896579156722355,0.09921135646687698
oos,frozen,fixed100,closed,ICX,short,1788828899,1788831459,100.0,0.4130136638879776,104.7933086777808,108.3284333385396,107.78790756578715,105.91690698134055,107.78790756578715,105.91690698134055,107.78790756578715,105.91690698134055,3.0976965845909428,-2.3603461841070015,0.20309769658459093,0.1011801730920535
oos,frozen,fixed100,closed,ICX,short,1788858976,1788861395,100.0,0.28144554495811464,107.68790756578716,105.86690698134055,106.67199400979501,107.31213115288051,106.67199400979501,107.31213115288051,106.67199400979501,107.31213115288051,-0.916830386378528,1.49447693307342,0.1990831696136215,0.0992527615334633
oos,frozen,fixed100,closed,ICX,long,1788871089,1788871766,100.0,0.3589823514223099,106.57199400979502,107.26213115288051,104.03695127475228,110.32315764294674,104.03695127475228,110.32315764294674,104.03695127475228,110.32315764294674,-2.4326101249178205,3.112582781456953,0.2024326101249178,0.10155629139072848
oos,frozen,fixed100,closed,ICX,short,1788882734,1788885302,100.0,0.24530564323067666,103.93695127475229,110.27315764294674,102.0661077539699,112.53293893091757,102.0661077539699,112.53293893091757,102.0661077539699,112.53293893091757,-1.772616136919307,2.308626974483587,0.1982273838630807,0.09884568651275821
oos,frozen,fixed100,closed,ICX,short,1788886304,1788886545,100.0,0.36026200354099275,101.96610775396991,112.48293893091757,101.0174427054262,113.93880888877429,101.0174427054262,113.93880888877429,101.0174427054262,113.93880888877429,-0.8495145631068035,1.5051173991571356,0.1991504854368932,0.09924744130042143
oos,frozen,fixed100,closed,ICX,short,1788894892,1788896232,100.0,0.27480262219905854,100.91744270542621,113.88880888877429,99.33696590130249,115.88848878634153,99.33696590130249,115.88848878634153,99.33696590130249,115.88848878634153,-1.4819587628866044,2.0486555697823357,0.19851804123711336,0.09897567221510885
oos,frozen,fixed100,closed,ICX,long,1788902709,1788904529,100.0,0.40197832584381105,99.2369659013025,115.83848878634153,99.58412607998788,116.04542966037752,99.58412607998788,116.04542966037752,99.58412607998788,116.04542966037752,0.44671346522016986,0.2570694087403606,0.19955328653477983,0.10012853470437016
oos,frozen,fixed100,closed,ICX,long,1788905019,1788907089,100.0,0.21379920542240144,99.48412607998789,115.99542966037752,98.48579274665455,117.36407482166786,98.48579274665455,117.36407482166786,98.48579274665455,117.36407482166786,-0.8974358974359053,1.4193548387096868,0.20089743589743592,0.10070967741935485
oos,frozen,fixed100,closed,ICX,long,1788909747,1788913126,100.0,0.34061498641967775,98.38579274665456,117.31407482166786,100.65843848656488,115.52413284874717,100.65843848656488,115.52413284874717,100.65843848656488,115.52413284874717,2.370275464445871,-1.7408123791102477,0.1976297245355541,0.09912959381044488
oos,frozen,fixed100,closed,ICX,long,1788914499,1788918098,100.0,0.30443252325057985,100.55843848656488,115.47413284874717,97.90383808360988,118.59822068658501,97.90383808360988,118.59822068658501,97.90383808360988,118.59822068658501,-2.552048354600404,3.175675675675675,0.2025520483546004,0.10158783783783784
oos,frozen,fixed100,closed,ICX,long,1788956791,1788961859,100.0,0.2658703148365021,97.80383808360989,118.54822068658501,97.63299590385051,119.13983980213422,97.63299590385051,119.13983980213422,97.63299590385051,119.13983980213422,-0.0707714083510233,0.64194008559201,0.200070771408351,0.100320970042796
oos,frozen,fixed100,closed,ICX,long,1788990648,1788994801,100.0,0.2736360251903534,97.53299590385052,119.08983980213422,97.35094672352265,119.70012056183695,97.35094672352265,119.70012056183695,97.35094672352265,119.70012056183695,-0.08196721311475075,0.6606110652353444,0.20008196721311475,0.10033030553261765
oos,frozen,fixed100,closed,RVN,long,1789038976,1789052425,100.0,0.2369681715965271,97.25094672352266,119.65012056183696,100.334631151445,116.94364215652135,100.334631151445,116.94364215652135,100.334631151445,116.94364215652135,3.1805039239983404,-2.657807308970092,0.1968194960760017,0.09867109634551496
oos,frozen,fixed100,closed,ICX,short,1789052595,1789069771,100.0,0.26489289551973344,100.234631151445,116.89364215652135,99.56563196511465,117.9759784540153,99.56563196511465,117.9759784540153,99.56563196511465,117.9759784540153,-0.5695687550854402,1.131770412287803,0.19943043124491455,0.09943411479385608
oos,frozen,fixed100,closed,ICX,short,1789075055,1789075567,100.0,0.3488240361213684,99.46563196511465,117.92597845401531,100.67044829164526,117.22683003552383,100.67044829164526,117.22683003552383,100.67044829164526,117.22683003552383,1.306122448979581,-0.6488240064882277,0.2013061224489796,0.10032441200324412
oos,frozen,fixed100,closed,ICX,short,1789085305,1789097732,100.0,0.35627562999725343,100.57044829164526,117.17683003552384,101.04790493904412,117.20890550722194,101.04790493904412,117.20890550722194,101.04790493904412,117.20890550722194,0.5780346820809299,0.08203445447087443,0.2005780346820809,0.09995898277276455
oos,frozen,fixed100,closed,ICX,long,1789111351,1789112611,100.0,0.4447469457983971,100.94790493904412,117.15890550722195,99.60699584813503,119.10790550722194,99.60699584813503,119.10790550722194,99.60699584813503,119.10790550722194,-1.23966942148761,1.999999999999991,0.20123966942148758,0.101
oos,frozen,fixed100,closed,ICX,long,1789113286,1789114831,100.0,0.25984945595264436,99.50699584813503,119.05790550722195,96.99688348858447,121.99028453948002,96.99688348858447,121.99028453948002,96.99688348858447,121.99028453948002,-2.4077046548956655,2.98387096774194,0.20240770465489566,0.10149193548387096
oos,frozen,fixed100,closed,ICX,long,1789120858,1789120904,100.0,0.34031875133514405,96.89688348858448,121.94028453948002,96.31640348858448,123.01784296010855,96.31640348858448,123.01784296010855,96.31640348858448,123.01784296010855,-0.4799999999999943,1.1281224818694702,0.20048,0.10056406124093473
oos,frozen,fixed100,closed,ICX,short,1789135705,1789141324,100.0,0.255618517100811,96.21640348858449,122.96784296010856,96.83453447899983,122.75903343629903,96.83453447899983,122.75903343629903,96.83453447899983,122.75903343629903,0.7188498402555895,-0.15873015873015225,0.2007188498402556,0.10007936507936507
oos,frozen,fixed100,closed,ICX,short,1789142433,1789143743,100.0,0.26314702332019807,96.73453447899983,122.70903343629904,96.79670980367517,123.06213577312418,96.79670980367517,123.06213577312418,96.79670980367517,123.06213577312418,0.1623376623376698,0.40290088638194765,0.20016233766233768,0.09979854955680903
oos,frozen,fixed100,closed,ICX,short,1789170478,1789183361,100.0,0.2639951229095459,96.69670980367518,123.01213577312419,97.56897257739779,122.55935799534642,97.56897257739779,122.55935799534642,97.56897257739779,122.55935799534642,0.9732360097323486,-0.40257648953300884,0.20097323600973235,0.10020128824476651
oos,frozen,fixed100,closed,ICX,short,1789186818,1789195276,100.0,0.26250694394111634,97.46897257739779,122.50935799534642,98.09757873623086,122.29850590531426,98.09757873623086,122.29850590531426,98.09757873623086,122.29850590531426,0.729335494327389,-0.16077170418007172,0.20072933549432737,0.10008038585209003
oos,frozen,fixed100,closed,ICX,short,1789217925,1789241845,100.0,0.7703681707382202,97.99757873623086,122.24850590531426,98.8924335080151,122.28098735626232,98.8924335080151,122.28098735626232,98.8924335080151,122.28098735626232,0.9958506224066416,0.08244023083264299,0.20099585062240666,0.0999587798845837
oos,frozen,fixed100,closed,ICX,short,1789283257,1789287301,100.0,0.20629229843616487,98.79243350801511,122.23098735626232,98.0957611530663,123.28323311897418,98.0957611530663,123.28323311897418,98.0957611530663,123.28323311897418,-0.5972696245733693,1.1016949152542366,0.1994027303754266,0.09944915254237288
oos,frozen,fixed100,open,ICX,short,1789293631,1789299899,100.0,-0.4896504759788513,97.99576115306631,123.23323311897418,,,97.99576115306631,123.23323311897418,96.05810319181946,124.9905552947064,-1.9376579612468494,1.7573221757322186,0.09999999999999999,0.05000000000000001
oos,frozen,fixed100_equalize,closed,HOME,long,1787968180,1787976646,100.0,0.2151418149471283,99.9,99.95,102.70714285714286,97.50031590586005,100.10372938150145,100.10372938150145,100.10372938150145,100.10372938150145,2.9042386185243236,-2.400884536408154,0.1970957613814757,0.09879955773179593
oos,frozen,fixed100_equalize,closed,ICX,short,1788109977,1788125336,100.0,0.8902687549591064,100.00372938150146,100.05372938150146,90.05214013944767,110.94036905761482,100.49625459853124,100.49625459853124,100.49625459853124,100.49625459853124,-9.861450692746532,10.931174089068831,0.1901385493072535,0.09453441295546558
oos,frozen,fixed100_equalize,closed,ICX,short,1788140030,1788141140,100.0,0.25016350746154786,100.39625459853124,100.44625459853124,100.11056686618923,101.1339504510658,100.62225865862752,100.62225865862752,100.62225865862752,100.62225865862752,-0.18587360594796393,0.7373271889400941,0.19981412639405202,0.09963133640552997
oos,frozen,fixed100_equalize,closed,ICX,short,1788173397,1788175807,100.0,0.25839841812849046,100.52225865862752,100.57225865862752,100.79676662488806,100.70857150778953,100.7526690663388,100.7526690663388,100.7526690663388,100.7526690663388,0.37488284910965414,0.1862197392923574,0.20037488284910965,0.09990689013035382
oos,frozen,fixed100_equalize,closed,ICX,short,1788179771,1788189486,100.0,0.26127220392227174,100.6526690663388,100.7026690663388,101.21052419333785,100.55907692414984,100.88480055874385,100.88480055874385,100.88480055874385,100.88480055874385,0.6585136406396884,-0.09354536950420572,0.20065851364063972,0.1000467726847521
oos,frozen,fixed100_equalize,closed,ICX,short,1788192130,1788192607,100.0,0.25248286575078965,100.78480055874385,100.83480055874385,100.77747217284403,101.24586046657795,101.011666319711,101.011666319711,101.011666319711,101.011666319711,0.09276437847866043,0.46082949308755483,0.20009276437847867,0.09976958525345624
oos,frozen,fixed100_equalize,closed,ICX,short,1788194771,1788195248,100.0,0.2572660863399506,100.911666319711,100.961666319711,100.53104834218291,101.74929422668774,101.14017128443533,101.14017128443533,101.14017128443533,101.14017128443533,-0.2808988764044991,0.8372093023255796,0.19971910112359548,0.0995813953488372
oos,frozen,fixed100_equalize,closed,ICX,short,1788219059,1788232500,100.0,0.3410256624221802,101.04017128443533,101.09017128443533,100.1115076899653,102.50610535036938,101.30880652016734,101.30880652016734,101.30880652016734,101.30880652016734,-0.8294930875576019,1.4652014652014531,0.19917050691244242,0.09926739926739926
oos,frozen,fixed100_equalize,closed,ICX,short,1788251049,1788257155,100.0,0.2612582266330719,101.20880652016734,101.25880652016734,100.63758010507301,102.24024981913642,101.43891496210472,101.43891496210472,101.43891496210472,101.43891496210472,-0.4716981132075443,1.030927835051553,0.19952830188679246,0.09948453608247422
oos,frozen,fixed100_equalize,closed,ICX,short,1788261243,1788266736,100.0,0.26916747987270356,101.33891496210472,101.38891496210472,102.38280809187572,100.76991022276823,101.57635915732197,101.57635915732197,101.57635915732197,101.57635915732197,1.1450381679389343,-0.5687203791469126,0.2011450381679389,0.10028436018957346
oos,frozen,fixed100_equalize,closed,ICX,short,1788285394,1788289449,100.0,0.28252429962158204,101.47635915732198,101.52635915732198,100.88856618857197,102.54485430295306,101.71671024576251,101.71671024576251,101.71671024576251,101.71671024576251,-0.488281250000014,1.0679611650485508,0.19951171875,0.09946601941747571
oos,frozen,fixed100_equalize,closed,ICX,short,1788307078,1788310921,100.0,0.2861744284629822,101.61671024576252,101.66671024576252,100.13605871565393,103.57847495164488,101.8572668336494,101.8572668336494,101.8572668336494,101.8572668336494,-1.3820335636722556,1.9607843137254954,0.19861796643632773,0.09901960784313726
oos,frozen,fixed100_equalize,closed,LA,long,1788313714,1788319013,100.0,0.2032511502504349,101.75726683364941,101.80726683364941,104.54890789080982,99.36168155454007,101.95529472267495,101.95529472267495,101.95529472267495,101.95529472267495,2.8887523048555517,-2.3967836709448114,0.19711124769514446,0.0988016081645276
oos,frozen,fixed100_equalize,closed,ICX,short,1788335025,1788338017,100.0,0.23051777929067613,101.85529472267496,101.90529472267495,100.57748121785181,103.56008705494332,102.06878413639757,102.06878413639757,102.06878413639757,102.06878413639757,-1.1789924973204609,1.7039403620873315,0.19882100750267956,0.09914802981895635
oos,frozen,fixed100_equalize,closed,ICX,short,1788343666,1788349466,100.0,0.22965986728668214,101.96878413639757,102.01878413639757,102.83244973125288,101.54439389249514,102.18842181187401,102.18842181187401,102.18842181187401,102.18842181187401,0.9646302250803839,-0.4241781548250277,0.20096463022508038,0.10021208907741253
oos,frozen,fixed100_equalize,closed,LA,long,1788349466,1788350809,100.0,0.5037973940372467,102.08842181187401,102.13842181187401,103.71703884858856,101.16336672152583,102.4402027850572,102.4402027850572,102.4402027850572,102.4402027850572,1.7268901465679822,-0.9255178492728156,0.198273109853432,0.0995372410753636
oos,frozen,fixed100_equalize,closed,ICX,short,1788352531,1788364772,100.0,0.21660920679569245,102.3402027850572,102.3902027850572,101.40683469329494,103.68802661925409,102.54743065627451,102.54743065627451,102.54743065627451,102.54743065627451,-0.834202294056311,1.3471502590673565,0.1991657977059437,0.09932642487046633
oos,frozen,fixed100_equalize,closed,LA,long,1788364780,1788371361,100.0,0.22957940101623536,102.44743065627452,102.49743065627452,109.28579150708516,96.01693425555466,102.65136288131991,102.65136288131991,102.65136288131991,102.65136288131991,6.931429421389257,-6.433713257348533,0.19306857057861077,0.09678314337132574
oos,frozen,fixed100_equalize,closed,ICX,short,1788371439,1788372710,100.0,0.4454739212989807,102.55136288131992,102.60136288131991,95.9128435680152,109.79673029346048,102.85478693073784,102.85478693073784,102.85478693073784,102.85478693073784,-6.5450643776823965,7.24174653887114,0.19345493562231758,0.09637912673056444
oos,frozen,fixed100_equalize,closed,ICX,short,1788381010,1788384123,100.0,0.2683524310588837,102.75478693073785,102.80478693073785,102.30831294229854,103.67162541871036,102.98996918050446,102.98996918050446,102.98996918050446,102.98996918050446,-0.34682080924856085,0.9163802978235992,0.19965317919075143,0.09954180985108821
oos,frozen,fixed100_equalize,closed,LA,long,1788387355,1788422773,100.0,0.21047682762145997,102.88996918050447,102.93996918050446,101.13032919945282,105.07249229175724,103.10141074560502,103.10141074560502,103.10141074560502,103.10141074560502,-1.6579819990525966,2.183614918712139,0.2016579819990526,0.10109180745935607
oos,frozen,fixed100_equalize,closed,ICX,short,1788431981,1788465064,100.0,0.23981124609708787,103.00141074560503,103.05141074560503,105.06609113563752,101.38596402870512,103.22602758217133,103.22602758217133,103.22602758217133,103.22602758217133,2.166847237269759,-1.6146393972013005,0.20216684723726977,0.10080731969860064
oos,frozen,fixed100_equalize,closed,ICX,short,1788477336,1788478223,100.0,0.21748909801244737,103.12602758217133,103.17602758217133,104.06556972577174,102.60870596893452,103.33713784735312,103.33713784735312,103.33713784735312,103.33713784735312,1.0405827263267367,-0.5170630816959638,0.20104058272632674,0.10025853154084799
oos,frozen,fixed100_equalize,closed,LA,long,1788479756,1788509425,100.0,0.21255279779434205,103.23713784735313,103.28713784735312,100.55626154238634,106.3446394417409,103.45045049206362,103.45045049206362,103.45045049206362,103.45045049206362,-2.5782980069598334,3.1090561224489917,0.20257829800695987,0.1015545280612245
oos,frozen,fixed100_equalize,closed,ICX,short,1788519958,1788529528,100.0,0.27971012592315675,103.35045049206363,103.40045049206363,104.90088780984789,102.28711715873028,103.59400248428909,103.59400248428909,103.59400248428909,103.59400248428909,1.652089407191448,-1.062801932367157,0.20165208940719145,0.10053140096618358
oos,frozen,fixed100_equalize,closed,ICX,short,1788532808,1788549015,100.0,0.30314621031284333,103.4940024842891,103.5440024842891,120.53324419045023,87.03841037902595,103.78582728473809,103.78582728473809,103.78582728473809,103.78582728473809,17.156398104265392,-16.44736842105263,0.2171563981042654,0.10822368421052633
oos,frozen,fixed100_equalize,closed,ICX,short,1788549603,1788551116,100.0,0.26796306371688844,103.6858272847381,103.7358272847381,105.13403283123075,102.71525331545759,103.92464307334417,103.92464307334417,103.92464307334417,103.92464307334417,1.549755301794447,-0.9700889248180967,0.20154975530179445,0.10048504446240904
oos,frozen,fixed100_equalize,closed,ICX,short,1788562513,1788564805,100.0,0.22841365337371827,103.82464307334418,103.87464307334417,108.47482595556802,99.62876454839841,104.05179525198321,104.05179525198321,104.05179525198321,104.05179525198321,4.754937820043888,-4.1937816341286975,0.2047549378200439,0.10209689081706436
oos,frozen,fixed100_equalize,closed,ICX,short,1788564950,1788565065,100.0,0.2686998963356018,103.95179525198321,104.00179525198321,106.60912009274755,101.78136138214417,104.19524073744586,104.19524073744586,104.19524073744586,104.19524073744586,2.7600849256900193,-2.169349195241424,0.20276008492569,0.10108467459762072
oos,frozen,fixed100_equalize,closed,ICX,short,1788566288,1788566437,100.0,0.21653754711151124,104.09524073744586,104.14524073744586,101.86678712919843,106.74242526933189,104.30460619926515,104.30460619926515,104.30460619926515,104.30460619926515,-2.130584192439871,2.6458616010854796,0.19786941580756012,0.09867706919945726
oos,frozen,fixed100_equalize,closed,ICX,short,1788566581,1788567288,100.0,0.33418596982955934,104.20460619926516,104.25460619926515,103.88868400906343,105.05973440439337,104.4742092067284,104.4742092067284,104.4742092067284,104.4742092067284,-0.21613832853026305,0.8547008547008569,0.19978386167146975,0.09957264957264958
oos,frozen,fixed100_equalize,closed,LA,long,1788567451,1788581281,100.0,0.44260961636900903,104.37420920672841,104.4242092067284,105.86148008249215,103.52494170013597,104.69321089131407,104.69321089131407,104.69321089131407,104.69321089131407,1.5856851905731653,-0.8496923527688208,0.19841431480942684,0.09957515382361559
oos,frozen,fixed100_equalize,closed,ICX,short,1788581281,1788588860,100.0,0.6132536649703979,104.59321089131407,104.64321089131407,104.62802870507926,105.38883713385879,105.00843291946902,105.00843291946902,105.00843291946902,105.00843291946902,0.13495276653172011,0.7952286282306069,0.2001349527665317,0.0996023856858847
oos,frozen,fixed100_equalize,closed,ICX,short,1788589506,1788601954,100.0,0.26648266315460206,104.90843291946902,104.95843291946902,103.80069922747171,106.49652815756424,105.14861369251798,105.14861369251798,105.14861369251798,105.14861369251798,-1.0087424344317357,1.5873015873015799,0.1989912575655683,0.09920634920634921
oos,frozen,fixed100_equalize,closed,ICX,short,1788608905,1788609601,100.0,0.20193631649017335,105.04861369251799,105.09861369251799,104.948613692518,105.57553930147125,105.26207649699462,105.26207649699462,105.26207649699462,105.26207649699462,0.0,0.5266622778143529,0.2,0.09973666886109284
oos,frozen,fixed100_equalize,closed,ICX,short,1788611796,1788613278,100.0,0.22848148345947267,105.16207649699463,105.21207649699463,106.7472991690594,104.03493932005625,105.39111924455783,105.39111924455783,105.39111924455783,105.39111924455783,1.6869095816464252,-1.1265738899933733,0.20168690958164642,0.10056328694499668
oos,frozen,fixed100_equalize,closed,ICX,short,1788613634,1788636916,100.0,0.21983493566513063,105.29111924455783,105.34111924455783,98.09402858149964,112.89491924455783,105.49447391302874,105.49447391302874,105.49447391302874,105.49447391302874,-7.104194857916107,7.599999999999992,0.19289580514208388,0.09620000000000001
oos,frozen,fixed100_equalize,closed,LA,long,1788652049,1788667672,100.0,0.21153442263603212,105.39447391302875,105.44447391302874,104.79755465474285,106.41016610743227,105.60386038108757,105.60386038108757,105.60386038108757,105.60386038108757,-0.4964228354504409,1.0162002945508044,0.20049642283545044,0.1005081001472754
oos,frozen,fixed100_equalize,closed,ICX,short,1788673125,1788679509,100.0,0.2828641951084137,105.50386038108758,105.55386038108757,102.98204219926939,108.50336071419883,105.74270145673411,105.74270145673411,105.74270145673411,105.74270145673411,-2.4242424242424305,2.9980013324450416,0.19757575757575757,0.09850099933377748
oos,frozen,fixed100_equalize,closed,ICX,short,1788686348,1788702198,100.0,0.31323437094688417,105.64270145673412,105.69270145673411,104.49990396195332,107.29756017485956,105.89873206840645,105.89873206840645,105.89873206840645,105.89873206840645,-1.0438413361169159,1.654031702274298,0.1989561586638831,0.09917298414886286
oos,frozen,fixed100_equalize,closed,LA,long,1788738277,1788746595,100.0,0.21689873635768891,105.79873206840645,105.84873206840645,110.62496955052376,101.37540065713355,106.00018510382866,106.00018510382866,106.00018510382866,106.00018510382866,4.921316165951357,-4.425544183364571,0.19507868383404864,0.0977872279083177
oos,frozen,fixed100_equalize,closed,ICX,short,1788767962,1788776834,100.0,0.22949094772338868,105.90018510382866,105.95018510382866,105.34332534773111,106.88552601291957,106.11442568032534,106.11442568032534,106.11442568032534,106.11442568032534,-0.4573170731707263,0.9848484848484842,0.19954268292682928,0.09950757575757577
oos,frozen,fixed100_equalize,closed,ICX,short,1788780625,1788782118,100.0,0.23100699931383134,106.01442568032535,106.06442568032534,104.30807039701753,108.14638915064498,106.22722977383125,106.22722977383125,106.22722977383125,106.22722977383125,-1.6079632465543652,2.130898021308986,0.19839203675344563,0.0989345509893455
oos,frozen,fixed100_equalize,closed,ICX,short,1788782887,1788785955,100.0,0.3131969466805458,106.12722977383126,106.17722977383126,107.5677078000456,105.20793421487261,106.38782100745911,106.38782100745911,106.38782100745911,106.38782100745911,1.542020046260592,-0.9188361408882106,0.2015420200462606,0.10045941807044412
oos,frozen,fixed100_equalize,closed,ICX,short,1788822186,1788822883,100.0,0.2497403144836426,106.28782100745912,106.33782100745911,105.78917775127397,107.23766277961101,106.51342026544249,106.51342026544249,106.51342026544249,106.51342026544249,-0.39904229848363687,0.9493670886075974,0.19960095770151637,0.0995253164556962
oos,frozen,fixed100_equalize,closed,ICX,short,1788827495,1788828267,100.0,0.24596447944641114,106.4134202654425,106.4634202654425,105.28024604109882,107.99149597522168,106.63587100816025,106.63587100816025,106.63587100816025,106.63587100816025,-1.0342084327764511,1.577287066246061,0.19896579156722355,0.09921135646687698
oos,frozen,fixed100_equalize,closed,ICX,short,1788828899,1788831459,100.0,0.4130136638879776,106.53587100816026,106.58587100816025,109.53046989616661,104.1743446509612,106.8524072735639,106.8524072735639,106.8524072735639,106.8524072735639,3.0976965845909428,-2.3603461841070015,0.20309769658459093,0.1011801730920535
oos,frozen,fixed100_equalize,closed,ICX,short,1788858976,1788861395,100.0,0.28144554495811464,106.7524072735639,106.8024072735639,105.73649371757176,108.24763144510386,106.99206258133782,106.99206258133782,106.99206258133782,106.99206258133782,-0.916830386378528,1.49447693307342,0.1990831696136215,0.0992527615334633
oos,frozen,fixed100_equalize,closed,ICX,long,1788871089,1788871766,100.0,0.3589823514223099,106.89206258133783,106.94206258133782,104.35701984629509,110.00308907140405,107.18005445884957,107.18005445884957,107.18005445884957,107.18005445884957,-2.4326101249178205,3.112582781456953,0.2024326101249178,0.10155629139072848
oos,frozen,fixed100_equalize,closed,ICX,short,1788882734,1788885302,100.0,0.24530564323067666,107.08005445884957,107.13005445884957,105.20921093806719,109.3898357468204,107.29952334244379,107.29952334244379,107.29952334244379,107.29952334244379,-1.772616136919307,2.308626974483587,0.1982273838630807,0.09884568651275821
oos,frozen,fixed100_equalize,closed,ICX,short,1788886304,1788886545,100.0,0.36026200354099275,107.1995233424438,107.2495233424438,106.2508582939001,108.70539330030051,107.4781257971003,107.4781257971003,107.4781257971003,107.4781257971003,-0.8495145631068035,1.5051173991571356,0.1991504854368932,0.09924744130042143
oos,frozen,fixed100_equalize,closed,ICX,short,1788894892,1788896232,100.0,0.27480262219905854,107.37812579710031,107.42812579710031,105.79764899297659,109.42780569466754,107.61272734382206,107.61272734382206,107.61272734382206,107.61272734382206,-1.4819587628866044,2.0486555697823357,0.19851804123711336,0.09897567221510885
oos,frozen,fixed100_equalize,closed,ICX,long,1788902709,1788904529,100.0,0.40197832584381105,107.51272734382206,107.56272734382206,107.85988752250745,107.76966821785805,107.81477787018275,107.81477787018275,107.81477787018275,107.81477787018275,0.44671346522016986,0.2570694087403606,0.19955328653477983,0.10012853470437016
oos,frozen,fixed100_equalize,closed,ICX,long,1788905019,1788907089,100.0,0.21379920542240144,107.71477787018276,107.76477787018275,106.71644453684942,109.13342303147309,107.92493378416125,107.92493378416125,107.92493378416125,107.92493378416125,-0.8974358974359053,1.4193548387096868,0.20089743589743592,0.10070967741935485
oos,frozen,fixed100_equalize,closed,ICX,long,1788909747,1788913126,100.0,0.34061498641967775,107.82493378416126,107.87493378416126,110.09757952407158,106.08499181124057,108.09128566765608,108.09128566765608,108.09128566765608,108.09128566765608,2.370275464445871,-1.7408123791102477,0.1976297245355541,0.09912959381044488
oos,frozen,fixed100_equalize,closed,ICX,long,1788914499,1788918098,100.0,0.30443252325057985,107.99128566765609,108.04128566765608,105.33668526470109,111.16537350549392,108.2510293850975,108.2510293850975,108.2510293850975,108.2510293850975,-2.552048354600404,3.175675675675675,0.2025520483546004,0.10158783783783784
oos,frozen,fixed100_equalize,closed,ICX,long,1788956791,1788961859,100.0,0.2658703148365021,108.1510293850975,108.2010293850975,107.98018720533813,108.7926485006467,108.38641785299242,108.38641785299242,108.38641785299242,108.38641785299242,-0.0707714083510233,0.64194008559201,0.200070771408351,0.100320970042796
oos,frozen,fixed100_equalize,closed,ICX,long,1788990648,1788994801,100.0,0.2736360251903534,108.28641785299243,108.33641785299243,108.10436867266456,108.94669861269516,108.52553364267986,108.52553364267986,108.52553364267986,108.52553364267986,-0.08196721311475075,0.6606110652353444,0.20008196721311475,0.10033030553261765
oos,frozen,fixed100_equalize,closed,RVN,long,1789038976,1789052425,100.0,0.2369681715965271,108.42553364267987,108.47553364267986,111.5092180706022,105.76905523736426,108.63913665398323,108.63913665398323,108.63913665398323,108.63913665398323,3.1805039239983404,-2.657807308970092,0.1968194960760017,0.09867109634551496
oos,frozen,fixed100_equalize,closed,ICX,short,1789052595,1789069771,100.0,0.26489289551973344,108.53913665398323,108.58913665398323,107.87013746765288,109.67147295147718,108.77080520956503,108.77080520956503,108.77080520956503,108.77080520956503,-0.5695687550854402,1.131770412287803,0.19943043124491455,0.09943411479385608
oos,frozen,fixed100_equalize,closed,ICX,short,1789075055,1789075567,100.0,0.3488240361213684,108.67080520956503,108.72080520956503,109.87562153609564,108.02165679107355,108.9486391635846,108.9486391635846,108.9486391635846,108.9486391635846,1.306122448979581,-0.6488240064882277,0.2013061224489796,0.10032441200324412
oos,frozen,fixed100_equalize,closed,ICX,short,1789085305,1789097732,100.0,0.35627562999725343,108.84863916358461,108.8986391635846,109.32609581098346,108.93071463528271,109.12840522313309,109.12840522313309,109.12840522313309,109.12840522313309,0.5780346820809299,0.08203445447087443,0.2005780346820809,0.09995898277276455
oos,frozen,fixed100_equalize,closed,ICX,long,1789111351,1789112611,100.0,0.4447469457983971,109.02840522313309,109.07840522313309,107.687496132224,111.02740522313309,109.35745067767854,109.35745067767854,109.35745067767854,109.35745067767854,-1.23966942148761,1.999999999999991,0.20123966942148758,0.101
oos,frozen,fixed100_equalize,closed,ICX,long,1789113286,1789114831,100.0,0.25984945595264436,109.25745067767855,109.30745067767855,106.74733831812799,112.23982970993661,109.49358401403231,109.49358401403231,109.49358401403231,109.49358401403231,-2.4077046548956655,2.98387096774194,0.20240770465489566,0.10149193548387096
oos,frozen,fixed100_equalize,closed,ICX,long,1789120858,1789120904,100.0,0.34031875133514405,109.39358401403231,109.44358401403231,108.81310401403232,110.52114243466085,109.66712322434658,109.66712322434658,109.66712322434658,109.66712322434658,-0.4799999999999943,1.1281224818694702,0.20048,0.10056406124093473
oos,frozen,fixed100_equalize,closed,ICX,short,1789135705,1789141324,100.0,0.255618517100811,109.56712322434659,109.61712322434659,110.18525421476193,109.40831370053706,109.7967839576495,109.7967839576495,109.7967839576495,109.7967839576495,0.7188498402555895,-0.15873015873015225,0.2007188498402556,0.10007936507936507
oos,frozen,fixed100_equalize,closed,ICX,short,1789142433,1789143743,100.0,0.26314702332019807,109.6967839576495,109.7467839576495,109.75895928232484,110.09988629447464,109.92942278839973,109.92942278839973,109.92942278839973,109.92942278839973,0.1623376623376698,0.40290088638194765,0.20016233766233768,0.09979854955680903
oos,frozen,fixed100_equalize,closed,ICX,short,1789170478,1789183361,100.0,0.2639951229095459,109.82942278839974,109.87942278839974,110.70168556212235,109.42664501062197,110.06416528637216,110.06416528637216,110.06416528637216,110.06416528637216,0.9732360097323486,-0.40257648953300884,0.20097323600973235,0.10020128824476651
oos,frozen,fixed100_equalize,closed,ICX,short,1789186818,1789195276,100.0,0.26250694394111634,109.96416528637216,110.01416528637216,110.59277144520523,109.80331319634,110.19804232077261,110.19804232077261,110.19804232077261,110.19804232077261,0.729335494327389,-0.16077170418007172,0.20072933549432737,0.10008038585209003
oos,frozen,fixed100_equalize,closed,ICX,short,1789217925,1789241845,100.0,0.7703681707382202,110.09804232077262,110.14804232077262,110.99289709255686,110.18052377172067,110.58671043213877,110.58671043213877,110.58671043213877,110.58671043213877,0.9958506224066416,0.08244023083264299,0.20099585062240666,0.0999587798845837
oos,frozen,fixed100_equalize,closed,ICX,short,1789283257,1789287301,100.0,0.20629229843616487,110.48671043213878,110.53671043213878,109.79003807718998,111.58895619485064,110.68949713602031,110.68949713602031,110.68949713602031,110.68949713602031,-0.5972696245733693,1.1016949152542366,0.1994027303754266,0.09944915254237288
oos,frozen,fixed100_equalize,open,ICX,short,1789293631,1789299899,100.0,-0.4896504759788513,110.58949713602031,110.63949713602031,,,110.58949713602031,110.63949713602031,108.65183917477346,112.39681931175252,-1.9376579612468494,1.7573221757322186,0.09999999999999999,0.05000000000000001
oos,frozen,balance_equalize,closed,HOME,long,1787968180,1787976646,100.0,0.2151418149471283,99.9,99.95,102.70714285714286,97.50031590586005,100.10372938150145,100.10372938150145,100.10372938150145,100.10372938150145,2.9042386185243236,-2.400884536408154,0.1970957613814757,0.09879955773179593
oos,frozen,balance_equalize,closed,ICX,short,1788109977,1788125336,100.10372938150145,0.8902687549591064,100.00362565211995,100.05367751681071,90.04171368809583,110.9516098369264,100.49666176251111,100.49666176251111,100.49666176251111,100.49666176251111,-9.871679914557188,10.942512928342268,0.1903357788484457,0.09463247291733032
oos,frozen,balance_equalize,closed,ICX,short,1788140030,1788141140,100.49666176251111,0.25016350746154786,100.3961651007486,100.44641343162985,100.10905846667985,101.13752480650633,100.6232916365931,100.6232916365931,100.6232916365931,100.6232916365931,-0.18679676907530804,0.7409892111521575,0.2008065267559469,0.10012616715693504
oos,frozen,balance_equalize,closed,ICX,short,1788173397,1788175807,100.6232916365931,0.25839841812849046,100.5226683449565,100.5729799907748,100.79888729641253,100.71014246652523,100.75451488146888,100.75451488146888,100.75451488146888,100.75451488146888,0.3772194625551766,0.18738043135305213,0.20162380273574138,0.10052960142091656
oos,frozen,balance_equalize,closed,ICX,short,1788179771,1788189486,100.75451488146888,0.26127220392227174,100.6537603665874,100.70413762402815,101.2158245935367,100.55946205775776,100.88764332564722,100.88764332564722,100.88764332564722,100.88764332564722,0.6634822240548174,-0.09425118323804,0.2021725119869926,0.1008016404730879
oos,frozen,balance_equalize,closed,ICX,short,1788192130,1788192607,100.88764332564722,0.25248286575078965,100.78675568232157,100.8371995039844,100.77936224649343,101.2519081576548,101.01563520207412,101.01563520207412,101.01563520207412,101.01563520207412,0.09358779529280438,0.46492001532556043,0.20186887444658724,0.10065518331798445
oos,frozen,balance_equalize,closed,ICX,short,1788194771,1788195248,101.01563520207412,0.2572660863399506,100.91461956687205,100.96512738447309,100.53013589917876,101.76075471773446,101.1454453084566,101.1454453084566,101.1454453084566,101.1454453084566,-0.2837517842754939,0.8457122947150374,0.20174751861987272,0.10059277905471661
oos,frozen,balance_equalize,closed,ICX,short,1788219059,1788232500,101.1454453084566,0.3410256624221802,101.04429986314814,101.09487258580238,100.1049989351039,102.52702540206552,101.3160121685847,101.3160121685847,101.3160121685847,101.3160121685847,-0.8389944772130021,1.4819845466440407,0.2014518961397002,0.1004044530351346
oos,frozen,balance_equalize,closed,ICX,short,1788251049,1788257155,101.3160121685847,0.2612582266330719,101.21469615641612,101.26535416250042,100.63595233218898,102.25971337471168,101.44783285345034,101.44783285345034,101.44783285345034,101.44783285345034,-0.47790571777634006,1.0444949708101585,0.2021541186193931,0.10079376468317963
oos,frozen,balance_equalize,closed,ICX,short,1788261243,1788266736,101.44783285345034,0.26916747987270356,101.34638502059688,101.39710893702362,102.40539197805562,100.76914204370661,101.5872670108811,101.5872670108811,101.5872670108811,101.5872670108811,1.1616164067189,-0.576954499640469,0.20405728211361956,0.10173631010327058
oos,frozen,balance_equalize,closed,ICX,short,1788285394,1788289449,101.5872670108811,0.28252429962158204,101.48567974387022,101.53647337737567,100.88855693123496,102.57113476046078,101.72984584584788,101.72984584584788,101.72984584584788,101.72984584584788,-0.4960315772015821,1.084912560310388,0.20267850244456065,0.10104481073072591
oos,frozen,balance_equalize,closed,ICX,short,1788307078,1788310921,101.72984584584788,0.2861744284629822,101.62811600000202,101.67898092292495,100.12185148090838,103.6238162111544,101.8728338460314,101.8728338460314,101.8728338460314,101.8728338460314,-1.4059406138616635,1.9947028597225123,0.20205375107783408,0.10073249441598661
oos,frozen,balance_equalize,closed,LA,long,1788313714,1788319013,101.8728338460314,0.2032511502504349,101.77096101218537,101.82189742910838,104.61488486792399,99.33051040115832,101.97269763454116,101.97269763454116,101.97269763454116,101.97269763454116,2.9428538357488985,-2.4416714467504197,0.20080281385631393,0.1006519981226562
oos,frozen,balance_equalize,closed,ICX,short,1788335025,1788338017,101.97269763454116,0.23051777929067613,101.87072493690663,101.92171128572389,100.5677040353,103.60914766718749,102.08842585124374,102.08842585124374,102.08842585124374,102.08842585124374,-1.2022504544265193,1.7375539533042201,0.20274314481465583,0.10110392065788906
oos,frozen,balance_equalize,closed,ICX,short,1788343666,1788349466,102.08842585124374,0.22965986728668214,101.98633742539249,102.03738163831812,102.86804003579905,101.55308410592625,102.21056207086265,102.21056207086265,102.21056207086265,102.21056207086265,0.9847758120698732,-0.43303680106572223,0.20516162751455735,0.10230494425177661
oos,frozen,balance_equalize,closed,LA,long,1788349466,1788350809,102.21056207086265,0.5037973940372467,102.10835150879178,102.15945678982722,103.77297013599956,101.16284750148179,102.46790881874068,102.46790881874068,102.46790881874068,102.46790881874068,1.7650641251534787,-0.9459769958079042,0.20265606001657183,0.1017375735729587
oos,frozen,balance_equalize,closed,ICX,short,1788352531,1788364772,102.46790881874068,0.21660920679569245,102.36544090992194,102.41667486433131,101.40903814471177,103.74652780738407,102.57778297604793,102.57778297604793,102.57778297604793,102.57778297604793,-0.8547896460374635,1.3803966991125678,0.2040810279914439,0.10177771046918441
oos,frozen,balance_equalize,closed,LA,long,1788364780,1788371361,102.57778297604793,0.22957940101623536,102.47520519307189,102.5264940845599,109.48984414573546,95.87894455085889,102.68439434829718,102.68439434829718,102.68439434829718,102.68439434829718,7.110106629010607,-6.599560422424202,0.19804545932308526,0.09927800276483582
oos,frozen,balance_equalize,closed,ICX,short,1788371439,1788372710,102.68439434829718,0.4454739212989807,102.58170995394887,102.63305215112302,95.76498660338719,110.02157159941432,102.89327910140075,102.89327910140075,102.89327910140075,102.89327910140075,-6.720759715929315,7.436143573678603,0.19864802898066503,0.09896632256145789
oos,frozen,balance_equalize,closed,ICX,short,1788381010,1788384123,102.89327910140075,0.2683524310588837,102.79038582229936,102.84183246185005,102.33099409525934,103.73375100663796,103.03237255094865,103.03237255094865,103.03237255094865,103.03237255094865,-0.3568553032418584,0.9428937374698834,0.20542970289955964,0.10242183223266582
oos,frozen,balance_equalize,closed,LA,long,1788387355,1788422773,103.03237255094865,0.21047682762145997,102.92934017839771,102.98085636467317,101.11634135756513,105.17804552139422,103.14719343947968,103.14719343947968,103.14719343947968,103.14719343947968,-1.708258190091537,2.2498302581255856,0.20777300329198883,0.10415728768001145
oos,frozen,balance_equalize,closed,ICX,short,1788431981,1788465064,103.14719343947968,0.23981124609708787,103.0440462460402,103.09561984275994,105.17370612185401,101.37775829604774,103.27573220895087,103.27573220895087,103.27573220895087,103.27573220895087,2.23504211136466,-1.6654552223812742,0.20852942899032403,0.1039799210506703
oos,frozen,balance_equalize,closed,ICX,short,1788477336,1788478223,103.27573220895087,0.21748909801244737,103.17245647674191,103.2240943428464,104.14277550495692,102.63818879279646,103.39048214887669,103.39048214887669,103.39048214887669,103.39048214887669,1.0746694298538007,-0.5340006836036725,0.20762613384775558,0.10354273255075272
oos,frozen,balance_equalize,closed,LA,long,1788479756,1788509425,103.39048214887669,0.21255279779434205,103.2870916667278,103.33878690780224,100.51532072920764,106.49995254794935,103.5076366385785,103.5076366385785,103.5076366385785,103.5076366385785,-2.6657147406306496,3.214468115279182,0.20944667903838401,0.10499771620651628
oos,frozen,balance_equalize,closed,ICX,short,1788519958,1788529528,103.5076366385785,0.27971012592315675,103.40412900193992,103.45588282025922,105.00895002714097,102.30349779901637,103.65622391307866,103.65622391307866,103.65622391307866,103.65622391307866,1.7100387005401698,-1.1000811623423874,0.20872531197769717,0.10405767721974969
oos,frozen,balance_equalize,closed,ICX,short,1788532808,1788549015,103.65622391307866,0.30314621031284333,103.55256768916558,103.60439580112212,121.21480222519465,86.49532229031112,103.85506225775288,103.85506225775288,103.85506225775288,103.85506225775288,17.78367443437652,-17.0487210383353,0.22509612226053383,0.1121805844322463
oos,frozen,balance_equalize,closed,ICX,short,1788549603,1788551116,103.85506225775288,0.26796306371688844,103.75120719549513,103.803134726624,105.2552419674253,102.7432169954413,103.9992294814333,103.9992294814333,103.9992294814333,103.9992294814333,1.6094993335214487,-1.0074864568253998,0.2093196238490272,0.10435880548616555
oos,frozen,balance_equalize,closed,ICX,short,1788562513,1788564805,103.9992294814333,0.22841365337371827,103.89523025195187,103.94722986669258,108.73138461894217,99.53154891603134,104.13146676748676,104.13146676748676,104.13146676748676,104.13146676748676,4.945098695166905,-4.3615005856277085,0.21294355765803352,0.10617997977424717
oos,frozen,balance_equalize,closed,ICX,short,1788564950,1788565065,104.13146676748676,0.2686998963356018,104.02733530071927,104.07940103410301,106.79444663418396,101.76723067683756,104.28083865551076,104.28083865551076,104.28083865551076,104.28083865551076,2.874116917149314,-2.258975136313565,0.21113705045212283,0.10526095433564353
oos,frozen,balance_equalize,closed,ICX,short,1788566288,1788566437,104.28083865551076,0.21653754711151124,104.17655781685525,104.228698236183,101.85270770512584,106.93706404746496,104.3948858762954,104.3948858762954,104.3948858762954,104.3948858762954,-2.221791064138039,2.759126667276063,0.20633988624688349,0.10290127532187274
oos,frozen,balance_equalize,closed,ICX,short,1788566581,1788567288,104.3948858762954,0.33418596982955934,104.29049099041912,104.34268843335725,103.96068438050013,105.18320110425871,104.57194274237942,104.57194274237942,104.57194274237942,104.57194274237942,-0.22563736140410054,0.892263981848681,0.2085641343911867,0.10394875388537106
oos,frozen,balance_equalize,closed,LA,long,1788567451,1788581281,104.57194274237942,0.44260961636900903,104.46737079963704,104.51965677100823,106.02263884826478,103.57927526891356,104.80095705858918,104.80095705858918,104.80095705858918,104.80095705858918,1.6581818095605605,-0.888539800623788,0.2074857036751983,0.10412767284206753
oos,frozen,balance_equalize,closed,ICX,short,1788581281,1788588860,104.80095705858918,0.6132536649703979,104.69615610153059,104.74855658005988,104.73264550358338,105.52998001832675,105.13131276095507,105.13131276095507,105.13131276095507,105.13131276095507,0.1414317909022861,0.8334072131895661,0.20974334590808066,0.1043842534519944
oos,frozen,balance_equalize,closed,ICX,short,1788589506,1788601954,105.13131276095507,0.26648266315460206,105.02618144819411,105.07874710457459,103.86160647590195,106.69576681989784,105.27868664789989,105.27868664789989,105.27868664789989,105.27868664789989,-1.0605041636949002,1.6687509962056284,0.20920212135821525,0.10429693726285225
oos,frozen,balance_equalize,closed,ICX,short,1788608905,1788609601,105.27868664789989,0.20193631649017335,105.17340796125198,105.22604730457594,105.06812927460408,105.72814832196943,105.39813879828675,105.39813879828675,105.39813879828675,105.39813879828675,0.0,0.5544631291528646,0.2105573732957998,0.10500145508332345
oos,frozen,balance_equalize,closed,ICX,short,1788611796,1788613278,105.39813879828675,0.22848148345947267,105.29274065948846,105.34543972888761,106.9635358516532,104.10475905329187,105.53414745247254,105.53414745247254,105.53414745247254,105.53414745247254,1.7779713022652976,-1.1873879122404738,0.2125742488988388,0.10599183275440699
oos,frozen,balance_equalize,closed,ICX,short,1788613634,1788636916,105.53414745247254,0.21983493566513063,105.42861330502006,105.48138037874631,97.8332250323801,113.45321880901118,105.64322192069564,105.64322192069564,105.64322192069564,105.64322192069564,-7.497351476664156,8.020595206387904,0.20357094342828091,0.10152384984927859
oos,frozen,balance_equalize,closed,LA,long,1788652049,1788667672,105.64322192069564,0.21153442263603212,105.53757869877494,105.59040030973529,104.9069739620566,106.61058865773984,105.75878130989821,105.75878130989821,105.75878130989821,105.75878130989821,-0.524437077719919,1.073546732331069,0.2118108809191112,0.10617999528686117
oos,frozen,balance_equalize,closed,ICX,short,1788673125,1788679509,105.75878130989821,0.2828641951084137,105.65302252858831,105.70590191924326,102.98597835264596,108.82525752627312,105.90561793945955,105.90561793945955,105.90561793945955,105.90561793945955,-2.563849243876327,3.170649672848386,0.2089537133759201,0.10417345647347402
oos,frozen,balance_equalize,closed,ICX,short,1788686348,1788702198,105.90561793945955,0.31323437094688417,105.79971232152009,105.85266513048981,104.58942557287583,107.55230067297585,106.07086312292583,106.07086312292583,106.07086312292583,106.07086312292583,-1.1054866173221307,1.7517124952081569,0.21070574926159694,0.10502976169185547
oos,frozen,balance_equalize,closed,LA,long,1788738277,1788746595,106.07086312292583,0.21689873635768891,105.9647922598029,106.01782769136436,111.08402401344689,101.27292645307824,106.17847523326256,106.17847523326256,106.17847523326256,106.17847523326256,5.220082534232685,-4.69421291318124,0.20692164371161897,0.10372375666633521
oos,frozen,balance_equalize,closed,ICX,short,1788767962,1788776834,106.17847523326256,0.22949094772338868,106.0722967580293,106.12538599564593,105.48103155981724,107.11851671115159,106.29977413548441,106.29977413548441,106.29977413548441,106.29977413548441,-0.4855722952740608,1.0456971045700092,0.21187137817125107,0.10565562668097755
oos,frozen,balance_equalize,closed,ICX,short,1788780625,1788782118,106.29977413548441,0.23100699931383134,106.19347436134893,106.24662424841667,104.37962254924382,108.45974671494973,106.41968463209678,106.41968463209678,106.41968463209678,106.41968463209678,-1.7092612992688927,2.265139783708958,0.21089028697169993,0.10516720424362994
oos,frozen,balance_equalize,closed,ICX,short,1788782887,1788785955,106.41968463209678,0.3131969466805458,106.31326494746467,106.36647478978072,107.84621712015662,105.33495351278401,106.59058531647031,106.59058531647031,106.59058531647031,106.59058531647031,1.641012870194235,-0.9778225234189621,0.2144803821343878,0.10690859589380626
oos,frozen,balance_equalize,closed,ICX,short,1788822186,1788822883,106.59058531647031,0.2497403144836426,106.48399473115384,106.53729002381208,105.95248796574498,107.49643663567089,106.72446230070793,106.72446230070793,106.72446230070793,106.72446230070793,-0.42534152161400507,1.0119359365487715,0.2127558291113266,0.10608461734819592
oos,frozen,balance_equalize,closed,ICX,short,1788827495,1788828267,106.72446230070793,0.24596447944641114,106.61773783840722,106.67110006955757,105.40836374054622,108.30193065436713,106.85514719745667,106.85514719745667,106.85514719745667,106.85514719745667,-1.103753388949246,1.6833511403897192,0.2123451712124666,0.10588278673051307
oos,frozen,balance_equalize,closed,ICX,short,1788828899,1788831459,106.85514719745667,0.4130136638879776,106.74829205025922,106.80171962385795,109.94817510001181,104.22487958516743,107.08652734258962,107.08652734258962,107.08652734258962,107.08652734258962,3.3100482451952398,-2.5221513893970884,0.21702034264010855,0.10811622289215522
oos,frozen,balance_equalize,closed,ICX,short,1788858976,1788861395,107.08652734258962,0.28144554495811464,106.97944081524703,107.03298407891832,105.89153426733242,108.58062445653617,107.23607936193429,107.23607936193429,107.23607936193429,107.23607936193429,-0.9818018223944125,1.6003834495643625,0.2131912528627848,0.10628633561780744
oos,frozen,balance_equalize,closed,ICX,long,1788871089,1788871766,107.23607936193429,0.3589823514223099,107.12884328257235,107.18246132225332,104.41036284336296,110.46498611843056,107.43767448089676,107.43767448089676,107.43767448089676,107.43767448089676,-2.608635724123323,3.33781174172908,0.2170807944479919,0.10890498523279882
oos,frozen,balance_equalize,closed,ICX,short,1788882734,1788885302,107.43767448089676,0.24530564323067666,107.33023680641587,107.38395564365631,105.32024603451075,109.81181210780662,107.56602907115868,107.56602907115868,107.56602907115868,107.56602907115868,-1.904457554979212,2.4803351338238517,0.2129708914068143,0.10619750691398483
oos,frozen,balance_equalize,closed,ICX,short,1788886304,1788886545,107.56602907115868,0.36026200354099275,107.45846304208752,107.5122460566231,106.43802172018309,109.07826755872952,107.7581446394563,107.7581446394563,107.7581446394563,107.7581446394563,-0.9137890819151909,1.618995019132432,0.21421826906040217,0.10675653156159248
oos,frozen,balance_equalize,closed,ICX,short,1788894892,1788896232,107.7581446394563,0.27480262219905854,107.65038649481684,107.70426556713657,105.94729401423615,109.85908352348319,107.90318876885968,107.90318876885968,107.90318876885968,107.90318876885968,-1.5969312672084446,2.207593232050327,0.2139193580117042,0.10665434802343116
oos,frozen,balance_equalize,closed,ICX,long,1788902709,1788904529,107.90318876885968,0.40197832584381105,107.79528558009082,107.84923717447525,108.16988248302803,108.07253297642623,108.12120772972713,108.12120772972713,108.12120772972713,108.12120772972713,0.4820180736324342,0.27738608938010273,0.2153243594640869,0.10804188181354973
oos,frozen,balance_equalize,closed,ICX,long,1788905019,1788907089,108.12120772972713,0.21379920542240144,108.01308652199741,108.06714712586226,106.93367646482896,109.54694280378384,108.2403096343064,108.2403096343064,108.2403096343064,108.2403096343064,-0.9703185309078163,1.534623593583234,0.2172127339903621,0.10888851952651876
oos,frozen,balance_equalize,closed,ICX,long,1788909747,1788913126,108.2403096343064,0.34061498641967775,108.13206932467209,108.18618947948924,110.59198811044189,106.24875074572547,108.42036942808369,108.42036942808369,108.42036942808369,108.42036942808369,2.5655935019022054,-1.884260709301268,0.21391502576671062,0.10729817927965576
oos,frozen,balance_equalize,closed,ICX,long,1788914499,1788918098,108.42036942808369,0.30443252325057985,108.3119490586556,108.36615924336965,105.43382149493239,111.75330681841126,108.59356415667182,108.59356415667182,108.59356415667182,108.59356415667182,-2.766940254041089,3.44307929940536,0.21960767911020848,0.11014190907778637
oos,frozen,balance_equalize,closed,ICX,long,1788956791,1788961859,108.59356415667182,0.2658703148365021,108.48497059251514,108.53926737459348,108.29944698043148,109.18172765840055,108.74058731941602,108.74058731941602,108.74058731941602,108.74058731941602,-0.07685319473224868,0.6971056186947534,0.21726398150807588,0.10894211696601919
oos,frozen,balance_equalize,closed,ICX,long,1788990648,1788994801,108.74058731941602,0.2736360251903534,108.6318467320966,108.68621702575632,108.43388538419791,109.34983990815446,108.89186264617618,108.89186264617618,108.89186264617618,108.89186264617618,-0.08913162895033737,0.718352352233964,0.2175703062677824,0.10909976349553299
oos,frozen,balance_equalize,closed,RVN,long,1789038976,1789052425,108.89186264617618,0.2369681715965271,108.78297078353,108.83741671485309,112.14085219522472,105.8902819671884,109.01556708120657,109.01556708120657,109.01556708120657,109.01556708120657,3.4633099643765157,-2.894135884283744,0.21432041532797586,0.1074447947040343
oos,frozen,balance_equalize,closed,ICX,short,1789052595,1789069771,109.01556708120657,0.26489289551973344,108.90655151412537,108.96105929766597,108.17723825737868,110.14097435010473,109.15910630374171,109.15910630374171,109.15910630374171,109.15910630374171,-0.6209186082737613,1.233805933012858,0.2174102155541394,0.10839866411470014
oos,frozen,balance_equalize,closed,ICX,short,1789075055,1789075567,109.15910630374171,0.3488240361213684,109.04994719743797,109.10452675058984,110.36511393208035,108.3413425852278,109.35322825865407,109.35322825865407,109.35322825865407,109.35322825865407,1.4257515925386552,-0.7082504869666805,0.21974396420002207,0.10951323154722506
oos,frozen,balance_equalize,closed,ICX,short,1789085305,1789097732,109.35322825865407,0.35627562999725343,109.24387503039542,109.29855164452475,109.7659892878616,109.33362720830583,109.5498082480837,109.5498082480837,109.5498082480837,109.5498082480837,0.6320995853101448,0.08970732424827696,0.21933855610261827,0.10930837459652995
oos,frozen,balance_equalize,closed,ICX,long,1789111351,1789112611,109.5498082480837,0.4447469457983971,109.44025843983562,109.49503334395966,107.97129510196358,111.6301591067148,109.80072710433919,109.80072710433919,109.80072710433919,109.80072710433919,-1.3580554741498054,2.190996164961664,0.2204576719703172,0.11064530633056453
oos,frozen,balance_equalize,closed,ICX,long,1789113286,1789114831,109.80072710433919,0.25984945595264436,109.69092637723485,109.74582674078702,106.93480475531244,112.96560023966157,109.950202497487,109.950202497487,109.950202497487,109.950202497487,-2.6436772176004615,3.2763120184359322,0.22224513142627889,0.11143888311355715
oos,frozen,balance_equalize,closed,ICX,long,1789120858,1789120904,109.950202497487,0.34031875133514405,109.84025229498951,109.89522739623825,109.2020133595321,111.08000506174805,110.14100921064008,110.14100921064008,110.14100921064008,110.14100921064008,-0.5277609719879314,1.2403729532351586,0.2204281659669619,0.1105703889741046
oos,frozen,balance_equalize,closed,ICX,short,1789135705,1789141324,110.14100921064008,0.255618517100811,110.03086820142944,110.08593870603475,110.71168391251662,109.85595378918302,110.28381885084983,110.28381885084983,110.28381885084983,110.28381885084983,0.7917484687665803,-0.1748269987470406,0.22107376689004674,0.1102284227100136
oos,frozen,balance_equalize,closed,ICX,short,1789142433,1789143743,110.28381885084983,0.26314702332019807,110.17353503199898,110.2286769414244,110.24210435443385,110.61809168292675,110.4300980186803,110.4300980186803,110.4300980186803,110.4300980186803,0.17903217345918002,0.4443344836859354,0.22074666987515884,0.11006165160900686
oos,frozen,balance_equalize,closed,ICX,short,1789170478,1789183361,110.4300980186803,0.2639951229095459,110.31966792066162,110.37488296967096,111.28290855666395,109.87488002586416,110.57889429126405,110.57889429126405,110.57889429126405,110.57889429126405,1.0747454795005253,-0.4445656119914638,0.22193494151686113,0.11065238082467602
oos,frozen,balance_equalize,closed,ICX,short,1789186818,1789195276,110.57889429126405,0.26250694394111634,110.46831539697278,110.52360484411842,111.16342113685717,110.29044693437083,110.726934035614,110.726934035614,110.726934035614,110.726934035614,0.8064911253009515,-0.17777957281554524,0.22196427970782903,0.11066778407767183
oos,frozen,balance_equalize,closed,ICX,short,1789217925,1789241845,110.726934035614,0.7703681707382202,110.61620710157838,110.67157056859618,111.60705235444645,110.70753628336125,111.15729431890385,111.15729431890385,111.15729431890385,111.15729431890385,1.1026748617654536,0.0912835400128685,0.22255654293299348,0.11068129226560758
oos,frozen,balance_equalize,closed,ICX,short,1789283257,1789287301,111.15729431890385,0.20629229843616487,111.04613702458495,111.1017156717444,110.27173488455608,112.27136359116022,111.27154923785815,111.27154923785815,111.27154923785815,111.27154923785815,-0.6639087544644323,1.22461425944555,0.2216506798833433,0.11054498718918108
oos,frozen,balance_equalize,open,ICX,short,1789293631,1789299899,111.27154923785815,-0.4896504759788513,111.1602776886203,111.21591346323922,,,111.1602776886203,111.21591346323922,109.00421565621023,113.17131307327689,-2.1560620324100666,1.9553996100376756,0.11127154923785816,0.05563577461892908
