base_coin,filter_decision,filter_reason,vol_filter_decision,vol_filter_reason,vol_cutoff,vol_quantile,std_spread,std_spread_long,std_spread_short,std_status,n_ticks,days_with_ticks,vol_window_start,vol_window_end,market_cap_usd,median_rel_vol,p99_max_clean,had_entry_tail,status,in_plot_set,gecko_id,okx_symbol,bybit_symbol,okx_tick_size,okx_lot_size,okx_min_size,bybit_tick_size,bybit_qty_step,bybit_min_order_qty,bybit_min_notional_value,take,gecko_name,map_method,n_candidates,candidate_ids,ticker_volume_usd,ticker_mcap_usd,map_note,n_hist_days,n_days_both,n_days_volume,n_days_mcap,mean_rel_vol,volume_cv,median_volume_usd,mean_volume_usd,hist_start,hist_end,paprika_id,paprika_name,window_start,window_end,spread_n_ticks,spread_days_with_ticks,p99_long,p99_short,p95_long,p95_short,p99_max,p95_max,spread_window_start,spread_window_end,spread_joined,had_soft_tail,log_cap,log_median_rel_vol,log_fitted,log_residual,fitted_median_rel_vol,cap_cutoff_usd,mean_spread_long,mean_spread_short,std_present,std_usable,vol_min_ticks
0G,kept,kept_cap_le_cutoff,kept,kept_std_ge_cutoff,0.0469718977007977,0.2,0.0789449440931931,0.0789449440931931,0.0767515979394184,ok,3199226.0,25.0,2026-08-03T13:35:00Z,2026-08-27T11:40:00Z,40960185.911034614,0.0749882043294284,0.06526648995345649,False,ok,True,zero-gravity,0G-USDT-SWAP,0GUSDT,0.0001,1.0,1.0,0.0001,0.1,0.1,5,yes,0G,markets_max_mcap,1,zero-gravity,31637666.0,40964907.0,,30,30,30,30,0.3252851955804902,2.5851461459874603,2629230.851785,11745482.846889,2026-08-05,2026-09-03,zero-gravity,0G,2026-08-05,2026-09-03,3504550.0,29.0,0.06523621546961243,0.06526648995345649,0.000829164822357603,0.0009340048637434023,0.06526648995345649,0.0009340048637434023,2026-07-22T11:05:00Z,2026-08-27T11:40:00Z,True,False,17.528111077528845,-2.5904244534225533,-3.222804289819412,0.6323798363968587,0.039843169654903254,200000000.0,-0.09652027299413,-0.0911327367957787,True,True,10000
1INCH,kept,kept_cap_le_cutoff,kept,kept_std_ge_cutoff,0.0469718977007977,0.2,0.0598771185294304,0.0598771185294304,0.0560987539580552,ok,3433435.0,25.0,2026-08-03T13:35:00Z,2026-08-27T11:40:00Z,128854050.03921598,0.006154156248154603,0.12324510509885499,False,ok,True,1inch,1INCH-USDT-SWAP,1INCHUSDT,1e-05,1.0,1.0,1e-05,0.1,0.1,5,yes,1INCH,markets_max_mcap,1,1inch,23838903.0,128608328.0,,30,30,30,30,0.007896854276770835,0.7407031609348211,769570.3118355,970192.2440057666,2026-08-05,2026-09-03,1inch,1INCH,2026-08-05,2026-09-03,3846828.0,29.0,0.03679900442043278,0.12324510509885499,0.011535147547797883,0.08240959845984644,0.12324510509885499,0.08240959845984644,2026-07-22T11:05:00Z,2026-08-27T11:40:00Z,True,False,18.674190926770574,-5.090627612714219,-3.5833710155452083,-1.507256597169011,0.027781887051445416,200000000.0,-0.0842582278749037,0.0061293061639239,True,True,10000
2Z,kept,kept_cap_le_cutoff,kept,kept_std_ge_cutoff,0.0469718977007977,0.2,0.2681097486049677,0.2637788344185888,0.2681097486049677,ok,4561750.0,25.0,2026-08-03T13:35:00Z,2026-08-27T11:40:00Z,190103405.61754853,0.010953151572816445,1.1407686764705887,True,ok,True,doublezero,2Z-USDT-SWAP,2ZUSDT,1e-05,1.0,1.0,1e-05,1.0,1.0,5,yes,DoubleZero,markets_max_mcap,1,doublezero,3505111.0,190083977.0,,30,30,30,30,0.022673377465917324,1.5667026607633427,2001668.82507,4041274.298453667,2026-08-05,2026-09-03,doublezero,DoubleZero,2026-08-05,2026-09-03,4729085.0,29.0,1.1407686764705887,0.13874608322147602,0.5835341095890408,0.09168080224049215,1.1407686764705887,0.5835341095890408,2026-07-22T11:05:00Z,2026-08-27T11:40:00Z,True,True,19.063078722172193,-4.514128049261299,-3.7057185109273645,-0.8084095383339349,0.02458254819115246,200000000.0,0.0137115267150428,-0.1173905888889239,True,True,10000
A,kept,kept_cap_le_cutoff,kept,kept_std_ge_cutoff,0.0469718977007977,0.2,0.0828771182575526,0.0676429052705575,0.0828771182575526,ok,2890358.0,25.0,2026-08-03T13:35:00Z,2026-08-27T11:40:00Z,131971282.72074094,0.005292708581308891,0.21513118335053324,False,ok,True,vaulta,A-USDT-SWAP,AUSDT,1e-05,1.0,1.0,1e-05,1.0,1.0,5,yes,Vaulta,markets_max_mcap,1,vaulta,5289674.0,132020263.0,,30,30,30,30,0.0061586861238353404,0.5710308179037097,615007.1314,713845.267696,2026-08-05,2026-09-03,vaulta,Vaulta,2026-08-05,2026-09-03,3130466.0,29.0,-0.027629658197217168,0.21513118335053324,-0.07666949255916092,0.15878248415407162,0.21513118335053324,0.15878248415407162,2026-07-22T11:05:00Z,2026-08-27T11:40:00Z,True,True,18.69809490173619,-5.241425144997988,-3.5908914147485325,-1.6505337302494558,0.027573739826313868,200000000.0,-0.180225471918497,0.0395927833768461,True,True,10000
AAVE,dropped,dropped_large_cap,dropped,dropped_low_vol,0.0469718977007977,0.2,0.0296001882262082,0.0276496446669262,0.0296001882262082,ok,17248102.0,25.0,2026-08-03T13:35:00Z,2026-08-27T11:40:00Z,2076731240.0967832,0.03062681769335921,0.09133888343934489,False,ok,True,aave,AAVE-USDT-SWAP,AAVEUSDT,0.01,0.1,0.1,0.01,0.01,0.01,5,no,Aave,markets_max_mcap,1,aave,292157180.0,2073337995.0,,30,30,30,30,0.04252551358655445,0.9281735731072249,49539050.14040001,73077514.14919,2026-08-05,2026-09-03,aave,Aave,2026-08-05,2026-09-03,19004992.0,29.0,0.011914925478435388,0.09133888343934489,0.0008635969204433253,0.06644213860986076,0.09133888343934489,0.06644213860986076,2026-07-22T11:05:00Z,2026-08-27T11:40:00Z,True,False,21.454060975343886,-3.485879258626035,-4.457942400794194,0.9720631421681594,0.011586178489654389,200000000.0,-0.0325403852997779,0.0129623795404253,True,True,10000
ACH,held_out,held_out_no_metrics,held_out,held_out_no_std,0.0469718977007977,0.2,0.0819674138820515,0.0740455423970127,0.0819674138820515,ok,2618955.0,25.0,2026-08-03T13:35:00Z,2026-08-27T11:40:00Z,,,0.13969851092896202,False,missing_market_cap,False,alchemy-pay,ACH-USDT-SWAP,ACHUSDT,1e-06,1.0,1.0,1e-06,10.0,10.0,5,no,Alchemy Pay,unique_symbol_not_in_top_markets,1,alchemy-pay,,,in coins/list but not in cached /markets pages,30,0,30,0,,0.39867737615535703,618378.232605,615987.8792006668,2026-08-05,2026-09-03,alchemy-pay,Alchemy Pay,2026-08-05,2026-09-03,2736808.0,29.0,0.13969851092896202,-0.02052465508298679,0.0951781869220613,-0.048191049049265286,0.13969851092896202,0.0951781869220613,2026-07-22T11:05:00Z,2026-08-27T11:40:00Z,True,False,,,,,,200000000.0,-0.003838004562405,-0.1543593334891889,True,True,10000
ACT,kept,kept_cap_le_cutoff,kept,kept_std_ge_cutoff,0.0469718977007977,0.2,0.1122028312823682,0.1122028312823682,0.0923853511969759,ok,8245337.0,25.0,2026-08-03T13:35:00Z,2026-08-27T11:40:00Z,10105873.91342953,0.20794800959357668,0.11612451358695607,False,ok,True,act-i-the-ai-prophecy,ACT-USDT-SWAP,ACTUSDT,1e-06,1.0,1.0,1e-06,1.0,1.0,5,yes,Act I The AI Prophecy,markets_max_mcap,3,"act-i-the-ai-prophecy,achain,acet-token",6261026.0,10082101.0,close mcap runner-up achain cap=9086677 vs 10082101,30,30,30,30,0.45393032163078195,1.648718773184354,2032410.689117,4405570.551040233,2026-08-05,2026-09-03,act-i-the-ai-prophecy,Act I The AI Prophecy,2026-08-05,2026-09-03,8603780.0,29.0,0.11612451358695607,0.06068390393013084,0.07136313492480822,0.010522071529033967,0.11612451358695607,0.07136313492480822,2026-07-22T11:05:00Z,2026-08-27T11:40:00Z,True,False,16.128627388349027,-1.570467184401531,-2.7825145038607086,1.2120473194591777,0.0618827072731173,200000000.0,-0.0342563504208115,-0.0834137823945638,True,True,10000
ACU,kept,kept_cap_le_cutoff,kept,kept_std_ge_cutoff,0.0469718977007977,0.2,0.1355399137837739,0.1355399137837739,0.1335890346830761,ok,8272684.0,25.0,2026-08-03T13:35:00Z,2026-08-27T11:40:00Z,47148846.79725316,0.08214965328794085,0.24418046204620364,False,ok,True,acurast,ACU-USDT-SWAP,ACUUSDT,1e-05,1.0,1.0,1e-05,1.0,1.0,5,yes,Acurast,markets_max_mcap,1,acurast,2003637.0,47167156.0,,30,30,30,30,0.2089623643522456,1.611253616700494,3258948.129905,7619562.487167668,2026-08-05,2026-09-03,acurast,Acurast,2026-08-05,2026-09-03,8444133.0,29.0,0.24418046204620364,0.22821445859872566,0.05045053566762516,0.1273290338770393,0.24418046204620364,0.1273290338770393,2026-07-22T11:05:00Z,2026-08-27T11:40:00Z,True,True,17.66882010857397,-2.4992126549832276,-3.267072579360981,0.7678599243777535,0.038117850886819266,200000000.0,-0.1217515965205569,-0.0437081807208212,True,True,10000
ADA,dropped,dropped_large_cap,dropped,dropped_low_vol,0.0469718977007977,0.2,0.0443217655912011,0.0396238669095477,0.0443217655912011,ok,25125591.0,25.0,2026-08-03T13:35:00Z,2026-08-27T11:40:00Z,8339095479.002177,0.012628410389207147,0.05300493176382393,False,ok,True,cardano,ADA-USDT-SWAP,ADAUSDT,0.0001,0.1,0.1,0.0001,1.0,1.0,5,no,Cardano,markets_max_mcap,3,"cardano,ada-the-dog,binance-peg-cardano",661950103.0,8302994700.0,,30,30,30,30,0.016374743635399525,0.6164879868016244,94387112.0515,122059372.70706333,2026-08-05,2026-09-03,cardano,Cardano,2026-08-05,2026-09-03,27830157.0,29.0,0.05300493176382393,0.044642081903049025,0.0009023756834761746,0.0008343759409550273,0.05300493176382393,0.0009023756834761746,2026-07-22T11:05:00Z,2026-08-27T11:40:00Z,True,False,22.84422059168018,-4.37180621046102,-4.895298752038168,0.5234925415771485,0.007481673724711103,200000000.0,-0.0425442972555353,-0.0583376503590869,True,True,10000
AERO,dropped,dropped_large_cap,dropped,dropped_low_vol,0.0469718977007977,0.2,0.0452947222535806,0.0452947222535806,0.043986643403528,ok,6701708.0,25.0,2026-08-03T13:35:00Z,2026-08-27T11:40:00Z,504470397.58912736,0.01277799014840198,0.07763979935794499,False,ok,True,aerodrome-finance,AERO-USDT-SWAP,AEROUSDT,0.0001,1.0,1.0,0.0001,1.0,1.0,5,yes,Aerodrome Finance,markets_max_mcap,1,aerodrome-finance,35099605.0,503112513.0,,30,30,30,30,0.015530247946877344,0.8326133260401485,6025038.0497,7099528.20544,2026-08-05,2026-09-03,aerodrome-finance,Aerodrome Finance,2026-08-05,2026-09-03,7522325.0,29.0,0.07123668626320846,0.07763979935794499,0.04605870421385517,0.04389702063849152,0.07763979935794499,0.04605870421385517,2026-07-22T11:05:00Z,2026-08-27T11:40:00Z,True,False,20.039019719305227,-4.360031107783502,-4.012758068485806,-0.34727303929769615,0.018083450997334483,200000000.0,-0.0569883902036234,-0.0146966998007178,True,True,10000
AEVO,kept,kept_cap_le_cutoff,kept,kept_std_ge_cutoff,0.0469718977007977,0.2,0.0802448000647755,0.0729364108144079,0.0802448000647755,ok,2675567.0,25.0,2026-08-03T13:35:00Z,2026-08-27T11:40:00Z,21434576.028890975,0.030868482542301824,0.11825477678571372,False,ok,True,aevo-exchange,AEVO-USDT-SWAP,AEVOUSDT,1e-05,1.0,1.0,1e-05,0.1,0.1,5,yes,Aevo,markets_max_mcap,1,aevo-exchange,14602589.0,21360007.0,,30,30,30,30,0.04578410640692159,1.1504879787852582,642198.210572,914092.0580384,2026-08-05,2026-09-03,aevo-exchange,Aevo,2026-08-05,2026-09-03,2793894.0,29.0,0.09919752714932131,0.11825477678571372,0.04968170453197328,0.053145600765085094,0.11825477678571372,0.053145600765085094,2026-07-22T11:05:00Z,2026-08-27T11:40:00Z,True,False,16.880515878433993,-3.478019598064304,-3.0190651867474365,-0.45895441131686754,0.04884685971742723,200000000.0,-0.0687568929700995,-0.0638720534622141,True,True,10000
AGLD,kept,kept_cap_le_cutoff,kept,kept_std_ge_cutoff,0.0469718977007977,0.2,0.0850076063509963,0.0850076063509963,0.083001109436856,ok,2252808.0,25.0,2026-08-03T13:35:00Z,2026-08-27T11:40:00Z,15516950.347797714,0.050311777008899064,0.12094106896551769,False,ok,True,adventure-gold,AGLD-USDT-SWAP,AGLDUSDT,0.0001,1.0,1.0,1e-05,0.1,0.1,5,yes,Adventure Gold,markets_max_mcap,2,"adventure-gold,spdr-gold-shares-astock",4422901.0,15484908.0,,30,30,30,30,0.07002800171486433,0.7162308422496045,781647.795445,1043389.3694142998,2026-08-05,2026-09-03,adventure-gold,Adventure Gold,2026-08-05,2026-09-03,2564528.0,29.0,0.12094106896551769,0.11323148863407748,0.06094236820913086,0.04740380639097773,0.12094106896551769,0.06094236820913086,2026-07-22T11:05:00Z,2026-08-27T11:40:00Z,True,False,16.557443555202134,-2.989516093916064,-2.9174238134719097,-0.07209228044415417,0.05407280966462652,200000000.0,-0.0842889360474445,-0.0996445034641481,True,True,10000
AIXBT,kept,kept_cap_le_cutoff,kept,kept_std_ge_cutoff,0.0469718977007977,0.2,0.0651589234007904,0.0651589234007904,0.0618239293889848,ok,2790440.0,25.0,2026-08-03T13:35:00Z,2026-08-27T11:40:00Z,21162455.668814372,0.060783496149449195,0.10307697368420957,False,ok,True,aixbt,AIXBT-USDT-SWAP,AIXBTUSDT,1e-05,1.0,1.0,1e-06,10.0,10.0,5,yes,aixbt,markets_max_mcap,1,aixbt,3374182.0,21179455.0,,30,30,30,30,0.08007029613780066,0.5893752263628076,1209359.4249,1549660.6495083333,2026-08-05,2026-09-03,aixbt,aixbt,2026-08-05,2026-09-03,3023146.0,29.0,0.0341873062470649,0.10307697368420957,-0.005231602178037404,0.055205290182375966,0.10307697368420957,0.055205290182375966,2026-07-22T11:05:00Z,2026-08-27T11:40:00Z,True,False,16.86773921062225,-2.800436971768229,-3.01504553551492,0.21460856374669124,0.04904360221049023,200000000.0,-0.1189723764507776,-0.0433500012629752,True,True,10000
ALGO,dropped,dropped_large_cap,dropped,dropped_low_vol,0.0469718977007977,0.2,0.0447456076691187,0.0447456076691187,0.0408956274604518,ok,6594015.0,25.0,2026-08-03T13:35:00Z,2026-08-27T11:40:00Z,856620730.7782018,0.008358414960725957,0.10156011533665879,False,ok,True,algorand,ALGO-USDT-SWAP,ALGOUSDT,1e-05,1.0,1.0,1e-05,0.1,0.1,5,no,Algorand,markets_max_mcap,2,"algorand,dear-algorithm",35763280.0,855958775.0,,30,30,30,30,0.009128125769369232,0.4306221377610242,6747711.6404025,7097625.786776434,2026-08-05,2026-09-03,algorand,Algorand,2026-08-05,2026-09-03,7689516.0,29.0,0.0481525237731363,0.10156011533665879,0.025048697059596427,0.07584260483462302,0.10156011533665879,0.07584260483462302,2026-07-22T11:05:00Z,2026-08-27T11:40:00Z,True,False,20.56850582408805,-4.784486467860787,-4.1793390194074735,-0.6051474484533133,0.015308622925981537,200000000.0,-0.0479167029032867,0.0092404938945146,True,True,10000
ALLO,kept,kept_cap_le_cutoff,dropped,dropped_low_vol,0.0469718977007977,0.2,0.0437329047190488,0.0436787087713583,0.0437329047190488,ok,9771599.0,25.0,2026-08-03T13:35:00Z,2026-08-27T11:40:00Z,62021601.983479105,0.22674391117209947,0.14543229311678282,False,ok,True,allora,ALLO-USDT-SWAP,ALLOUSDT,1e-05,1.0,1.0,1e-05,1.0,1.0,5,yes,Allora,markets_max_mcap,1,allora,5427958.0,62024548.0,,30,30,30,30,0.2970233128738145,1.1425374100321823,15769642.22085,20598795.362936668,2026-08-05,2026-09-03,allora,Allora,2026-08-05,2026-09-03,10855310.0,29.0,0.06290785648742941,0.14543229311678282,0.019748072254230205,0.08291150488510965,0.14543229311678282,0.08291150488510965,2026-07-22T11:05:00Z,2026-08-27T11:40:00Z,True,False,17.942993301413903,-1.4839340429511796,-3.3533298593310352,1.8693958163798556,0.034967722428267886,200000000.0,-0.0604405529854611,0.0083442276338384,True,True,10000
ANIME,kept,kept_cap_le_cutoff,kept,kept_std_ge_cutoff,0.0469718977007977,0.2,0.0572180639223511,0.0572180639223511,0.0555930646112256,ok,2750023.0,25.0,2026-08-03T13:35:00Z,2026-08-27T11:40:00Z,15481974.06514622,0.03611853011578293,0.14922739696312426,False,ok,True,anime,ANIME-USDT-SWAP,ANIMEUSDT,1e-06,1.0,1.0,1e-06,1.0,1.0,5,yes,Animecoin,markets_max_mcap,4,"anime,a-new-internet-money-era,anime-bitcoin,animefication",4446681.0,15485533.0,,30,30,30,30,0.12273816831472846,2.6333951690284922,519303.511882,1796610.1381066,2026-08-05,2026-09-03,anime,Animecoin,2026-08-05,2026-09-03,2962652.0,29.0,0.14922739696312426,0.0006897470278482644,0.1136170651698501,-0.03661765904619058,0.14922739696312426,0.1136170651698501,2026-07-22T11:05:00Z,2026-08-27T11:40:00Z,True,False,16.55518694158367,-3.320949245730306,-2.916713863127546,-0.40423538260276004,0.05411121230483945,200000000.0,0.0219726483581069,-0.1232601225868878,True,True,10000
APE,kept,kept_cap_le_cutoff,dropped,dropped_low_vol,0.0469718977007977,0.2,0.0400037983107592,0.0368299172646758,0.0400037983107592,ok,5225808.0,25.0,2026-08-03T13:35:00Z,2026-08-27T11:40:00Z,142731814.41942573,0.01874922887336481,0.09136222385321174,False,ok,True,apecoin,APE-USDT-SWAP,APEUSDT,1e-05,1.0,1.0,1e-05,0.1,0.1,5,yes,ApeCoin,markets_max_mcap,4,"apecoin,ape-3,ape-lol,apetos",27955621.0,142699931.0,,30,30,30,30,0.021346022409463,0.4923060015463467,2578924.1251335,2862686.350370033,2026-08-05,2026-09-03,apecoin,ApeCoin,2026-08-05,2026-09-03,5664595.0,29.0,0.09136222385321174,0.02370235842541484,0.06516885135135105,-0.0061715224913496194,0.09136222385321174,0.06516885135135105,2026-07-22T11:05:00Z,2026-08-27T11:40:00Z,True,False,18.776478003775033,-3.976602654165322,-3.615551422926039,-0.36105123123928307,0.026902086699090395,200000000.0,0.0110505613573876,-0.0691183266453307,True,True,10000
API3,kept,kept_cap_le_cutoff,kept,kept_std_ge_cutoff,0.0469718977007977,0.2,0.0690980083020281,0.0690980083020281,0.0674793147987071,ok,2412323.0,25.0,2026-08-03T13:35:00Z,2026-08-27T11:40:00Z,33136201.338146195,0.02471977414960376,0.1348621186856301,False,ok,True,api3,API3-USDT-SWAP,API3USDT,0.0001,1.0,1.0,0.0001,0.1,0.1,5,yes,Api3,markets_max_mcap,1,api3,12219656.0,33071446.0,,30,30,30,30,0.025777713901433682,0.5081744471390984,764770.599565,771037.0862483333,2026-08-05,2026-09-03,api3,Api3,2026-08-05,2026-09-03,2612229.0,29.0,0.1348621186856301,0.0005521764501843506,0.10445939283268735,-0.05163371985715986,0.1348621186856301,0.10445939283268735,2026-07-22T11:05:00Z,2026-08-27T11:40:00Z,True,False,17.31613693871403,-3.7001517827772736,-3.156115375236741,-0.5440364075405326,0.04259086968859897,200000000.0,0.0081037586728879,-0.1533574018164361,True,True,10000
APR,kept,kept_cap_le_cutoff,kept,kept_std_ge_cutoff,0.0469718977007977,0.2,0.1624830832624065,0.1624830832624065,0.1554476227963016,ok,13854871.0,25.0,2026-08-03T13:35:00Z,2026-08-27T11:40:00Z,76438358.99953209,0.17982398504718788,0.42229505741127393,False,ok,True,apriori,APR-USDT-SWAP,APRUSDT,0.0001,1.0,1.0,1e-05,1.0,1.0,5,yes,Capricorn,markets_max_mcap,1,apriori,14246656.0,73920770.0,,30,30,30,30,0.6998473538739185,2.0319897223431327,10705461.353550002,84758463.30728833,2026-08-05,2026-09-03,apriori,Capricorn,2026-08-05,2026-09-03,14799168.0,29.0,0.42229505741127393,0.26707704747116195,0.2468162813522352,0.13553716699649893,0.42229505741127393,0.2468162813522352,2026-07-22T11:05:00Z,2026-08-27T11:40:00Z,True,True,18.151995209281893,-1.7157767673587123,-3.4190836841105785,1.7033069167518662,0.032742423600381265,200000000.0,-0.0399292428165474,-0.0730694319734796,True,True,10000
APT,dropped,dropped_large_cap,dropped,dropped_low_vol,0.0469718977007977,0.2,0.0315625240414365,0.0311904253570736,0.0315625240414365,ok,11602470.0,25.0,2026-08-03T13:35:00Z,2026-08-27T11:40:00Z,529530862.16252786,0.040502378315118576,0.053052838530411456,False,ok,True,aptos,APT-USDT-SWAP,APTUSDT,0.0001,1.0,1.0,0.0001,0.01,0.01,5,yes,Aptos,markets_max_mcap,1,aptos,123730864.0,528046325.0,,30,30,30,30,0.04291644959312172,0.5236799534523042,19235710.250823,21096734.845633466,2026-08-05,2026-09-03,aptos,Aptos,2026-08-05,2026-09-03,12654529.0,29.0,0.053052838530411456,0.0469287161108351,0.03532703260272241,0.02906954174699675,0.053052838530411456,0.03532703260272241,2026-07-22T11:05:00Z,2026-08-27T11:40:00Z,True,False,20.087502006788842,-3.206394582763732,-4.02801101937333,0.8216164366095979,0.01780971793292554,200000000.0,-0.0096854322372471,-0.0265785035134125,True,True,10000
AR,kept,kept_cap_le_cutoff,kept,kept_std_ge_cutoff,0.0469718977007977,0.2,0.0564081515933204,0.0564081515933204,0.055426543689916,ok,3350079.0,25.0,2026-08-03T13:35:00Z,2026-08-27T11:40:00Z,171526797.5805958,0.012937865174975844,0.09469237274862997,False,ok,True,arweave,AR-USDT-SWAP,ARUSDT,0.001,1.0,1.0,0.0001,0.1,0.1,5,yes,Arweave,markets_max_mcap,1,arweave,40027813.0,170898585.0,,30,30,30,30,0.02291892793658277,1.0333045559824778,1760592.3378950001,3120983.7538759997,2026-08-05,2026-09-03,arweave,Arweave,2026-08-05,2026-09-03,3598685.0,29.0,0.09469237274862997,0.0456391601255883,0.05536616322974165,0.0006469124560341531,0.09469237274862997,0.05536616322974165,2026-07-22T11:05:00Z,2026-08-27T11:40:00Z,True,False,18.960250066478128,-4.347596982269808,-3.6733677181628597,-0.6742292641069483,0.025390816685091615,200000000.0,-0.0455653279966744,-0.0827815483677219,True,True,10000
ARB,dropped,dropped_large_cap,dropped,dropped_low_vol,0.0469718977007977,0.2,0.0286573168771201,0.0286573168771201,0.0283234243683763,ok,10989935.0,25.0,2026-08-03T13:35:00Z,2026-08-27T11:40:00Z,947576840.8925734,0.030246920107245258,0.05145936889103406,False,ok,True,arbitrum,ARB-USDT-SWAP,ARBUSDT,1e-05,0.1,0.1,1e-05,0.1,0.1,5,no,Arbitrum,markets_max_mcap,2,"arbitrum,arbitrage-loop",457706511.0,954064027.0,,30,30,30,30,0.08925884502811128,1.755696612042675,16927993.95277,57245917.48602213,2026-08-05,2026-09-03,arbitrum,Arbitrum,2026-08-05,2026-09-03,12041443.0,29.0,0.040105156540242014,0.05145936889103406,0.024271525735294883,0.030810357164615082,0.05145936889103406,0.030810357164615082,2026-07-22T11:05:00Z,2026-08-27T11:40:00Z,True,False,20.669418590199903,-3.4983609143252687,-4.211087056583904,0.7127261422586351,0.014830238264377663,200000000.0,-0.0178523017418277,-0.0129192188003215,True,True,10000
ARKM,kept,kept_cap_le_cutoff,kept,kept_std_ge_cutoff,0.0469718977007977,0.2,0.0529276437399744,0.0529276437399744,0.0427172502254689,ok,4505762.0,25.0,2026-08-03T13:35:00Z,2026-08-27T11:40:00Z,76821042.16207315,0.01586344356972439,0.1248061512027492,False,ok,True,arkham,ARKM-USDT-SWAP,ARKMUSDT,1e-05,1.0,1.0,1e-05,1.0,1.0,5,yes,Arkham,markets_max_mcap,1,arkham,6663375.0,76519174.0,,30,30,30,30,0.018261778969687024,0.49289398744621815,1062758.986015,1273773.2655056666,2026-08-05,2026-09-03,arkham,Arkham,2026-08-05,2026-09-03,4717975.0,29.0,0.1248061512027492,-0.030107980602701336,0.09594185787193904,-0.0621877084188908,0.1248061512027492,0.09594185787193904,2026-07-22T11:05:00Z,2026-08-27T11:40:00Z,True,False,18.156989147075784,-4.143737963409766,-3.420654820537079,-0.7230831428726869,0.03269102117665473,200000000.0,0.0183426293563162,-0.1310290127681934,True,True,10000
ARX,kept,kept_cap_le_cutoff,kept,kept_std_ge_cutoff,0.0469718977007977,0.2,0.1053615824277902,0.1005390739148638,0.1053615824277902,ok,3101836.0,25.0,2026-08-03T13:35:00Z,2026-08-27T11:40:00Z,42337798.32710998,0.05209522777568932,0.1452599933020762,False,ok,True,arcs,ARX-USDT-SWAP,ARXUSDT,0.0001,1.0,1.0,0.0001,1.0,1.0,5,yes,ARCS,markets_max_mcap,4,"arcs,arcium,alpharadarx,auriax",29487.0,42317549.0,close mcap runner-up arcium cap=26922912 vs 42317549,30,30,30,30,0.05940870274431236,0.618691752071736,2322604.0237499997,2641668.226376666,2026-08-05,2026-09-03,arcs,ARCS,2026-08-05,2026-09-03,3552484.0,29.0,0.1452599933020762,0.11999500000000093,0.0748858954610812,0.06561194479695445,0.1452599933020762,0.0748858954610812,2026-07-22T11:05:00Z,2026-08-27T11:40:00Z,True,False,17.561190822486882,-2.954681931813712,-3.233211466365842,0.2785295345521299,0.03943066498178348,200000000.0,-0.0982645621803012,-0.1235691505118048,True,True,10000
ASTER,dropped,dropped_large_cap,dropped,dropped_low_vol,0.0469718977007977,0.2,0.0402499942748439,0.0402499942748439,0.0401913151206281,ok,7043674.0,25.0,2026-08-03T13:35:00Z,2026-08-27T11:40:00Z,1972788811.2872837,0.007966900902226305,0.12207830309859133,False,ok,True,aster-2,ASTER-USDT-SWAP,ASTERUSDT,0.0001,1.0,1.0,0.0001,1.0,1.0,5,no,Aster,markets_max_mcap,1,aster-2,138734767.0,1966783933.0,,30,30,30,30,0.012503912973264279,1.0657658191307242,14780610.4205,22315283.650229994,2026-08-05,2026-09-03,aster-2,Aster,2026-08-05,2026-09-03,7550807.0,29.0,0.033681427904921235,0.12207830309859133,0.01642432561147862,0.08106488960525472,0.12207830309859133,0.08106488960525472,2026-07-22T11:05:00Z,2026-08-27T11:40:00Z,True,False,21.402714018869666,-4.832459707191918,-4.441788200033973,-0.3906715071579452,0.011774863870549804,200000000.0,-0.0409294702913022,0.00877596704845,True,True,10000
AT,kept,kept_cap_le_cutoff,kept,kept_std_ge_cutoff,0.0469718977007977,0.2,0.1457909267270727,0.1204627827541962,0.1457909267270727,ok,1802520.0,25.0,2026-08-03T13:35:00Z,2026-08-27T11:40:00Z,33211009.24480069,0.018164137822516815,0.28374608108108096,False,ok,True,apro,AT-USDT-SWAP,ATUSDT,0.0001,1.0,1.0,1e-05,1.0,1.0,5,yes,Apro,markets_max_mcap,1,apro,1916541.0,33188678.0,,30,30,30,30,0.024512858174827932,0.8586625436736872,612923.7147049999,834639.6487109999,2026-08-05,2026-09-03,apro,Apro,2026-08-05,2026-09-03,1912438.0,29.0,0.08423838235294055,0.28374608108108096,-0.023485754189943725,0.18683522336769698,0.28374608108108096,0.18683522336769698,2026-07-22T11:05:00Z,2026-08-27T11:40:00Z,True,True,17.318391982677397,-4.008306078100873,-3.156824831753908,-0.8514812463469648,0.04256066403459259,200000000.0,-0.2117608458210918,-0.0412930574595384,True,True,10000
ATH,kept,kept_cap_le_cutoff,kept,kept_std_ge_cutoff,0.0469718977007977,0.2,0.0674264939958406,0.0611074120275987,0.0674264939958406,ok,3581802.0,25.0,2026-08-03T13:35:00Z,2026-08-27T11:40:00Z,97078038.8696123,0.015034624843442767,0.1544249951472013,False,ok,True,aethir,ATH-USDT-SWAP,ATHUSDT,1e-06,1.0,1.0,1e-06,10.0,10.0,5,yes,Aethir,markets_max_mcap,4,"aethir,ath,athenadao-token,high-af",7056802.0,96398814.0,,30,30,30,30,0.01928599128239759,0.970110009123846,1226442.0589299998,1714753.2777726664,2026-08-05,2026-09-03,aethir,Aethir,2026-08-05,2026-09-03,3883235.0,29.0,0.0004702470219433193,0.1544249951472013,-0.0515811114850246,0.12239129993541804,0.1544249951472013,0.12239129993541804,2026-07-22T11:05:00Z,2026-08-27T11:40:00Z,True,True,18.391025737440344,-4.197399415068269,-3.49428477498014,-0.7031146400881294,0.03037046238507948,200000000.0,-0.149824302096116,0.0224830974892619,True,True,10000
ATOM,dropped,dropped_large_cap,kept,kept_std_ge_cutoff,0.0469718977007977,0.2,0.0536648654267626,0.0516813741869583,0.0536648654267626,ok,5719875.0,25.0,2026-08-03T13:35:00Z,2026-08-27T11:40:00Z,805262786.3451107,0.011128599084597346,0.06961680989978786,False,ok,True,cosmos,ATOM-USDT-SWAP,ATOMUSDT,0.001,1.0,1.0,0.0001,0.1,0.1,5,no,Cosmos Hub,markets_max_mcap,1,cosmos,30634550.0,803816041.0,,30,30,30,30,0.01217365506285985,0.4360522231572133,8699305.843765,9423570.296959667,2026-08-05,2026-09-03,cosmos,Cosmos Hub,2026-08-05,2026-09-03,6332670.0,29.0,0.06961680989978786,0.007133208470733533,0.05818269307723087,0.0005217633317234969,0.06961680989978786,0.05818269307723087,2026-07-22T11:05:00Z,2026-08-27T11:40:00Z,True,False,20.506679224776757,-4.498236990026719,-4.15988783152455,-0.33834915850216873,0.015609308694149214,200000000.0,-0.039617842237654,-0.0873250516026548,True,True,10000
AUCTION,kept,kept_cap_le_cutoff,kept,kept_std_ge_cutoff,0.0469718977007977,0.2,0.0760851418909696,0.055331344442137,0.0760851418909696,ok,1859592.0,25.0,2026-08-03T13:35:00Z,2026-08-27T11:40:00Z,25726605.498663533,0.026747946828384828,0.12565854865771775,False,ok,True,auction,AUCTION-USDT-SWAP,AUCTIONUSDT,0.001,1.0,1.0,0.001,0.1,0.1,5,yes,Bounce,markets_max_mcap,2,"auction,house-3",7994266.0,25793447.0,,30,30,30,30,0.19698861949319196,2.948400680528545,596192.3139500001,4663912.157043335,2026-08-05,2026-09-03,auction,Bounce,2026-08-05,2026-09-03,2015303.0,29.0,0.12565854865771775,0.00019169621489610776,0.09104825682284376,-0.036217645835499114,0.12565854865771775,0.09104825682284376,2026-07-22T11:05:00Z,2026-08-27T11:40:00Z,True,False,17.06303624779191,-3.6212975626649384,-3.0764876883307153,-0.5448098743342231,0.04612096369902432,200000000.0,-0.0021030822700266,-0.1567103302162334,True,True,10000
AVAX,dropped,dropped_large_cap,dropped,dropped_low_vol,0.0469718977007977,0.2,0.0265091983515902,0.0259877920943664,0.0265091983515902,ok,16222857.0,25.0,2026-08-03T13:35:00Z,2026-08-27T11:40:00Z,3248912207.416345,0.01293062050280851,0.05264741383585457,False,ok,True,avalanche-2,AVAX-USDT-SWAP,AVAXUSDT,0.001,0.1,0.1,0.001,0.1,0.1,5,no,Avalanche,markets_max_mcap,4,"avalanche-2,avalanche-wormhole,beam-bridged-avax-beam,binance-peg-avalanche",266935933.0,3247554709.0,,30,30,30,30,0.015167828784663728,0.5426577515867052,38246167.1595,44951455.877723336,2026-08-05,2026-09-03,avalanche-2,Avalanche,2026-08-05,2026-09-03,17731979.0,29.0,0.03270542840154269,0.05264741383585457,0.01593655639141662,0.029516474075320667,0.05264741383585457,0.029516474075320667,2026-07-22T11:05:00Z,2026-08-27T11:40:00Z,True,False,21.901586071851344,-4.348157097960149,-4.598737703001607,0.25058060504145807,0.010064532158358975,200000000.0,-0.0182861864127573,-0.0112015806226883,True,True,10000
AVNT,kept,kept_cap_le_cutoff,kept,kept_std_ge_cutoff,0.0469718977007977,0.2,0.0807321882059261,0.0807321882059261,0.0728740725049433,ok,6848207.0,25.0,2026-08-03T13:35:00Z,2026-08-27T11:40:00Z,38050306.0,0.07624481532566388,0.14549514798206284,False,ok,True,avantis,AVNT-USDT-SWAP,AVNTUSDT,1e-05,1.0,1.0,1e-05,1.0,1.0,5,yes,Avantis,markets_max_mcap,1,avantis,7132461.0,38050306.0,,30,30,30,30,0.15299476331570983,1.5017818896412343,2901138.5540549997,5821497.560560334,2026-08-05,2026-09-03,avantis,Avantis,2026-08-05,2026-09-03,7083374.0,29.0,0.1054025541907515,0.14549514798206284,0.054991564735748594,0.10016453411349065,0.14549514798206284,0.10016453411349065,2026-07-22T11:05:00Z,2026-08-27T11:40:00Z,True,False,17.454419684289565,-2.573805861535429,-3.1996203341883636,0.6258144726529347,0.040777682931852535,200000000.0,-0.0692631072475457,-0.013290520068597,True,True,10000
AXS,kept,kept_cap_le_cutoff,dropped,dropped_low_vol,0.0469718977007977,0.2,0.0457832226800049,0.0457832226800049,0.0395287143161611,ok,5245005.0,25.0,2026-08-03T13:35:00Z,2026-08-27T11:40:00Z,167001789.0,0.02114630437794292,0.0796137346192221,False,ok,True,axie-infinity,AXS-USDT-SWAP,AXSUSDT,0.0001,1.0,1.0,0.0001,0.1,0.1,5,yes,Axie Infinity,markets_max_mcap,1,axie-infinity,25737664.0,167001789.0,,30,30,30,30,0.027173775111664623,0.5173763450846245,3531470.661855,4538069.057531667,2026-08-05,2026-09-03,axie-infinity,Axie Infinity,2026-08-05,2026-09-03,5610901.0,29.0,0.056308134424235,0.0796137346192221,0.03228229001584773,0.0448455103907986,0.0796137346192221,0.0448455103907986,2026-07-22T11:05:00Z,2026-08-27T11:40:00Z,True,False,18.9335150828985,-3.856290122661005,-3.6649566589351643,-0.1913334637258406,0.025605281019808728,200000000.0,-0.0350482766519919,-0.0175345383823954,True,True,10000
AZTEC,kept,kept_cap_le_cutoff,kept,kept_std_ge_cutoff,0.0469718977007977,0.2,0.1682528522127774,0.1682528522127774,0.1558994436745631,ok,1808915.0,25.0,2026-08-03T13:35:00Z,2026-08-27T11:40:00Z,42689687.0,0.01002740002181323,0.2939447912713478,False,ok,True,aztec,AZTEC-USDT-SWAP,AZTECUSDT,1e-05,1.0,1.0,1e-06,10.0,10.0,5,yes,Aztec,markets_max_mcap,1,aztec,3196564.0,42689687.0,,30,30,30,30,0.014619814547777466,0.9465442715617177,428066.568355,624115.3070426665,2026-08-05,2026-09-03,aztec,Aztec,2026-08-05,2026-09-03,1995620.0,29.0,0.2939447912713478,0.21630970223325166,0.21581609047807274,0.042857243460765075,0.2939447912713478,0.21581609047807274,2026-07-22T11:05:00Z,2026-08-27T11:40:00Z,True,True,17.569467926779414,-4.602433930769847,-3.2358155156345063,-1.366618415135341,0.03932811916260497,200000000.0,-0.0242760480233742,-0.206169186025963,True,True,10000
BABY,kept,kept_cap_le_cutoff,kept,kept_std_ge_cutoff,0.0469718977007977,0.2,0.0730108028933725,0.0730108028933725,0.0726450813713262,ok,4652977.0,25.0,2026-08-03T13:35:00Z,2026-08-27T11:40:00Z,52834428.97290455,0.02771036437790768,0.2046523684210529,False,ok,True,babylon,BABY-USDT-SWAP,BABYUSDT,1e-05,1.0,1.0,1e-06,10.0,10.0,5,yes,Babylon,markets_max_mcap,9,"babylon,a-fund-baby,baby,baby-2,baby-samo-coin,babyswap,dancing-baby,deer-seized-by-us-government,niche-baby",5050796.0,52636104.0,,30,30,30,30,0.03869587969726703,0.6465769393770896,1306852.7859200002,1924895.3265343332,2026-08-05,2026-09-03,babylon,Babylon,2026-08-05,2026-09-03,4854851.0,29.0,0.2046523684210529,-0.020162229617303976,0.15623716488522912,-0.06884707989669164,0.2046523684210529,0.15623716488522912,2026-07-22T11:05:00Z,2026-08-27T11:40:00Z,True,True,17.782673600055976,-3.5859487705037867,-3.302891881710008,-0.28305688879377877,0.03677665972205669,200000000.0,0.0450316341403096,-0.182336833781723,True,True,10000
BAND,kept,kept_cap_le_cutoff,kept,kept_std_ge_cutoff,0.0469718977007977,0.2,0.0764097949166123,0.0720664542840699,0.0764097949166123,ok,1709944.0,25.0,2026-08-03T13:35:00Z,2026-08-27T11:40:00Z,33332136.431378286,0.012517102816636705,0.17438897393233496,False,ok,True,band-protocol,BAND-USDT-SWAP,BANDUSDT,0.0001,1.0,1.0,0.0001,0.1,0.1,5,yes,Band,markets_max_mcap,1,band-protocol,1927739.0,33332477.0,,30,30,30,30,0.026169162212889185,2.8313627445749474,402064.9965,820782.7029390001,2026-08-05,2026-09-03,band-protocol,Band,2026-08-05,2026-09-03,1806605.0,29.0,0.17438897393233496,0.0004416731323216282,0.11648091115233995,-0.06194419034090853,0.17438897393233496,0.11648091115233995,2026-07-22T11:05:00Z,2026-08-27T11:40:00Z,True,True,17.322032547580932,-4.380659344510307,-3.1579701852543023,-1.2226891592560047,0.042511944934683216,200000000.0,-0.0121645742865303,-0.1730413996828387,True,True,10000
BARD,kept,kept_cap_le_cutoff,kept,kept_std_ge_cutoff,0.0469718977007977,0.2,0.0788318733817046,0.0788318733817046,0.0751219363266888,ok,3494460.0,25.0,2026-08-03T13:35:00Z,2026-08-27T11:40:00Z,42823666.3189357,0.03779864044686851,1.9922,True,ok,True,lombard-protocol,BARD-USDT-SWAP,BARDUSDT,0.0001,1.0,1.0,0.0001,0.1,0.1,5,yes,Lombard,markets_max_mcap,1,lombard-protocol,3301402.0,42798000.0,,30,30,30,30,0.046124952331127136,0.5540330640555382,1453248.431045,1851338.7141812334,2026-08-05,2026-09-03,lombard-protocol,Lombard,2026-08-05,2026-09-03,4275421.0,29.0,1.9922,0.025539976553341132,1.0820676328502423,-0.02633031907072451,1.9922,1.0820676328502423,2026-07-22T11:05:00Z,2026-08-27T11:40:00Z,True,True,17.572601459107748,-3.2754821440174844,-3.236801352260402,-0.03868079175708239,0.03928936716701368,200000000.0,-0.0067882732456424,-0.1415369963524173,True,True,10000
BASED,kept,kept_cap_le_cutoff,kept,kept_std_ge_cutoff,0.0469718977007977,0.2,0.1203090750475117,0.1203090750475117,0.1023602178500128,ok,6055274.0,25.0,2026-08-03T13:35:00Z,2026-08-27T11:40:00Z,16453097.974759338,0.4351760401843859,0.17716154338549048,False,ok,True,based-one,BASED-USDT-SWAP,BASEDUSDT,1e-05,1.0,1.0,1e-05,1.0,1.0,5,yes,Based,markets_max_mcap,9,"based-one,based,based-2,basedchad,based-coin,based-meme,basedmilio,devbased,make-america-based-again",8246428.0,16462440.0,,30,30,30,30,0.5982976029708933,1.170108208171272,7862875.51353,10868650.446648,2026-08-05,2026-09-03,based-one,Based,2026-08-05,2026-09-03,6761162.0,29.0,0.17716154338549048,0.03975940466101751,0.1355584432717682,9.020156818637718e-05,0.17716154338549048,0.1355584432717682,2026-07-22T11:05:00Z,2026-08-27T11:40:00Z,True,True,16.616024344177493,-0.8320046396793491,-2.935853841087572,2.103849201408223,0.053085373477063776,200000000.0,0.0247935778741239,-0.1166413001122226,True,True,10000
BAT,kept,kept_cap_le_cutoff,kept,kept_std_ge_cutoff,0.0469718977007977,0.2,0.0489294093385944,0.0489294093385944,0.0452171322136699,ok,3931806.0,25.0,2026-08-03T13:35:00Z,2026-08-27T11:40:00Z,107834968.92402641,0.010475431399632577,0.11944427441392237,False,ok,True,basic-attention-token,BAT-USDT-SWAP,BATUSDT,1e-05,1.0,1.0,1e-05,0.1,0.1,5,yes,Basic Attention,markets_max_mcap,3,"basic-attention-token,batic,bitbat-token",16616431.0,108040547.0,,30,30,30,30,0.01144477356383489,0.5331789358244963,984171.7635325,1120274.7559537666,2026-08-05,2026-09-03,basic-attention-token,Basic Attention,2026-08-05,2026-09-03,4192597.0,29.0,0.11944427441392237,-0.01729396801784979,0.08948218035045519,-0.05163589342568266,0.11944427441392237,0.08948218035045519,2026-07-22T11:05:00Z,2026-08-27T11:40:00Z,True,False,18.496112550887403,-4.558722630286155,-3.527346003887212,-1.0313766263989432,0.029382794298652187,200000000.0,0.0165070585324785,-0.1200110373001468,True,True,10000
BCH,dropped,dropped_large_cap,dropped,dropped_low_vol,0.0469718977007977,0.2,0.0447964894960633,0.0399247843574883,0.0447964894960633,ok,13271195.0,25.0,2026-08-03T13:35:00Z,2026-08-27T11:40:00Z,5203431961.690883,0.005697800090553913,0.07246588941386864,False,ok,True,bitcoin-cash,BCH-USDT-SWAP,BCHUSDT,0.1,0.1,0.1,0.1,0.01,0.01,5,no,Bitcoin Cash,markets_max_mcap,2,"bitcoin-cash,binance-peg-bitcoin-cash",163557132.0,5187622291.0,,30,30,30,30,0.010584067152962487,1.3075825700806225,26674866.752499998,49941862.073099986,2026-08-05,2026-09-03,bitcoin-cash,Bitcoin Cash,2026-08-05,2026-09-03,14797525.0,29.0,0.03588082120838436,0.07246588941386864,0.00080719181162501,0.0377160287528573,0.07246588941386864,0.0377160287528573,2026-07-22T11:05:00Z,2026-08-27T11:40:00Z,True,False,22.372584237467297,-5.167675127664756,-4.746917837667931,-0.4207572899968248,0.00867840226879767,200000000.0,-0.0524794645563803,-0.0317514403235554,True,True,10000
BEAT,kept,kept_cap_le_cutoff,kept,kept_std_ge_cutoff,0.0469718977007977,0.2,0.1316436873347383,0.1267798266652482,0.1316436873347383,ok,34497743.0,25.0,2026-08-03T13:35:00Z,2026-08-27T11:40:00Z,40666680.28119891,0.9097708840248743,0.42404876809297326,False,ok,True,audiera,BEAT-USDT-SWAP,BEATUSDT,0.0001,0.1,0.1,0.0001,1.0,1.0,5,yes,Audiera,markets_max_mcap,2,"audiera,beat-matchmaker",5453334.0,40772069.0,,30,30,30,30,1.2482951715918367,0.922648745674784,168920179.43809998,186939799.6272073,2026-08-05,2026-09-03,audiera,Audiera,2026-08-05,2026-09-03,36338342.0,29.0,0.23056711255774814,0.42404876809297326,0.08941225181468825,0.2257436338389229,0.42404876809297326,0.2257436338389229,2026-07-22T11:05:00Z,2026-08-27T11:40:00Z,True,True,17.520919648812946,-0.09456248696892984,-3.2205418035649878,3.125979316596058,0.03993341633101572,200000000.0,-0.0822927618158762,-0.0926901414971333,True,True,10000
BERA,kept,kept_cap_le_cutoff,kept,kept_std_ge_cutoff,0.0469718977007977,0.2,0.0966729573465669,0.0966729573465669,0.0962431221196077,ok,4366599.0,25.0,2026-08-03T13:35:00Z,2026-08-27T11:40:00Z,59340330.6249276,0.07253104456760967,0.07097044922359454,False,ok,True,berachain-bera,BERA-USDT-SWAP,BERAUSDT,0.0001,1.0,1.0,0.0001,1.0,1.0,5,yes,Berachain,markets_max_mcap,1,berachain-bera,9999609.0,59360826.0,,30,30,30,30,0.08809797510504153,0.9552022575207294,3493972.07777,4583936.024997999,2026-08-05,2026-09-03,berachain-bera,Berachain,2026-08-05,2026-09-03,4859532.0,29.0,0.07097044922359454,0.05817801455721806,0.05207251814049887,0.05165229240336526,0.07097044922359454,0.05207251814049887,2026-07-22T11:05:00Z,2026-08-27T11:40:00Z,True,False,17.898799744515635,-2.6237406078408174,-3.3394261805258214,0.715685572685004,0.03545729797330308,200000000.0,-0.0755064048715372,-0.0767937941796829,True,True,10000
BICO,kept,kept_cap_le_cutoff,kept,kept_std_ge_cutoff,0.0469718977007977,0.2,0.263972823826884,0.263972823826884,0.2593141326663936,ok,22617119.0,25.0,2026-08-03T13:35:00Z,2026-08-27T11:40:00Z,22211496.0,1.9561392294363242,0.8257640890688254,True,ok,True,biconomy,BICO-USDT-SWAP,BICOUSDT,1e-05,1.0,1.0,1e-05,0.1,0.1,5,yes,Biconomy,markets_max_mcap,1,biconomy,14299203.0,22211496.0,,30,30,30,30,4.888432963197425,1.4888632284181451,43448778.670067996,108579409.20832776,2026-08-05,2026-09-03,biconomy,Biconomy,2026-08-05,2026-09-03,22844536.0,29.0,0.8257640890688254,0.21899551170858508,0.5403156077348074,0.07500217364494156,0.8257640890688254,0.5403156077348074,2026-07-22T11:05:00Z,2026-08-27T11:40:00Z,True,True,16.916120550648603,0.6709727497728175,-3.030266727451128,3.7012394772239454,0.0483027527375806,200000000.0,0.1335684098839301,-0.2201687806629955,True,True,10000
BIGTIME,kept,kept_cap_le_cutoff,kept,kept_std_ge_cutoff,0.0469718977007977,0.2,0.0681111598546441,0.0681111598546441,0.0661897438184848,ok,4162669.0,25.0,2026-08-03T13:35:00Z,2026-08-27T11:40:00Z,19130394.546458334,0.04322975328057094,0.18291718072289118,False,ok,True,big-time,BIGTIME-USDT-SWAP,BIGTIMEUSDT,1e-06,1.0,1.0,1e-06,1.0,1.0,5,yes,Big Time,markets_max_mcap,1,big-time,11233261.0,19100708.0,,30,30,30,30,0.06912319757507905,0.7480669131874416,1007020.3497899999,1212191.4816016,2026-08-05,2026-09-03,big-time,Big Time,2026-08-05,2026-09-03,4394149.0,29.0,0.18291718072289118,-0.039326372413792776,0.14600018338108958,-0.07714098360655727,0.18291718072289118,0.14600018338108958,2026-07-22T11:05:00Z,2026-08-27T11:40:00Z,True,True,16.766788965691905,-3.1412262874534895,-2.983285707175006,-0.15794058027848346,0.05062621736264568,200000000.0,0.038255805186263,-0.1836153390257267,True,True,10000
BIO,kept,kept_cap_le_cutoff,kept,kept_std_ge_cutoff,0.0469718977007977,0.2,0.0591671878691181,0.0591219951950169,0.0591671878691181,ok,4259152.0,25.0,2026-08-03T13:35:00Z,2026-08-27T11:40:00Z,60045081.60897742,0.06008752126505418,0.08146287958115185,False,ok,True,bio-protocol,BIO-USDT-SWAP,BIOUSDT,1e-05,1.0,1.0,1e-05,1.0,1.0,5,yes,Bio Protocol,markets_max_mcap,2,"bio-protocol,bio-unit-000",19721475.0,60374507.0,,30,30,30,30,0.10397122007916319,0.8858753065500329,3745818.09148,5868358.214883001,2026-08-05,2026-09-03,bio-protocol,Bio Protocol,2026-08-05,2026-09-03,4728758.0,29.0,0.062431727532311285,0.08146287958115185,0.03171325832300431,0.041937504965870766,0.08146287958115185,0.041937504965870766,2026-07-22T11:05:00Z,2026-08-27T11:40:00Z,True,False,17.910606198206274,-2.8119530918606572,-3.3431405939259733,0.5311875020653161,0.035325839207821126,200000000.0,-0.0576886619511384,-0.0374317273884613,True,True,10000
BLEND,kept,kept_cap_le_cutoff,kept,kept_std_ge_cutoff,0.0469718977007977,0.2,0.2244837420590827,0.2035516728492387,0.2244837420590827,ok,2086929.0,25.0,2026-08-03T13:35:00Z,2026-08-27T11:40:00Z,12594867.0,0.06931880045894886,1.093529230769229,True,ok,True,fluent-network,BLEND-USDT-SWAP,BLENDUSDT,1e-05,1.0,1.0,1e-05,1.0,1.0,5,yes,Fluent,markets_max_mcap,1,fluent-network,6355888.0,12594867.0,,30,30,30,30,0.08057440594045177,0.7103138297343932,873061.07238,1014823.9264240001,2026-08-05,2026-09-03,fluent-network,Fluent,2026-08-05,2026-09-03,2471121.0,29.0,1.093529230769229,0.4903382920110188,0.21043566800370317,0.35389186507936593,1.093529230769229,0.35389186507936593,2026-07-22T11:05:00Z,2026-08-27T11:40:00Z,True,True,16.348799907967162,-2.669039118685077,-2.8517827006150913,0.18274358193001428,0.05774129362908777,200000000.0,-0.1930385403712392,-0.0081291268630278,True,True,10000
BLUR,kept,kept_cap_le_cutoff,kept,kept_std_ge_cutoff,0.0469718977007977,0.2,0.0698755395509353,0.0698755395509353,0.0689884118171273,ok,3776721.0,25.0,2026-08-03T13:35:00Z,2026-08-27T11:40:00Z,48277839.0,0.024375694751540142,0.09726011328527259,False,ok,True,blur,BLUR-USDT-SWAP,BLURUSDT,1e-05,1.0,1.0,1e-06,1.0,1.0,5,yes,Blur,markets_max_mcap,1,blur,10223170.0,48277839.0,,30,30,30,30,0.03017326627359467,0.6402994368416052,1176805.8667279999,1456700.0912607335,2026-08-05,2026-09-03,blur,Blur,2026-08-05,2026-09-03,4174044.0,29.0,0.09726011328527259,0.08336681944796145,0.05347376409651247,0.03961411737523145,0.09726011328527259,0.05347376409651247,2026-07-22T11:05:00Z,2026-08-27T11:40:00Z,True,False,17.69248319345698,-3.7141687598771305,-3.2745171924413725,-0.43965156743575795,0.03783513190795751,200000000.0,-0.0553339355835418,-0.0705386326829742,True,True,10000
BNB,dropped,dropped_large_cap,dropped,dropped_low_vol,0.0469718977007977,0.2,0.0197264824873412,0.019047820845712,0.0197264824873412,ok,15423975.0,25.0,2026-08-03T13:35:00Z,2026-08-27T11:40:00Z,96059566341.0,0.0006566378538300547,0.03203694910501474,False,ok,True,binancecoin,BNB-USDT-SWAP,BNBUSDT,0.1,1.0,1.0,0.1,0.01,0.01,5,no,BNB,markets_max_mcap,2,"binancecoin,anubis-bridged-bnb-anubis",1124424433.0,96059566341.0,,30,30,30,30,0.000817993625599601,0.6076242153150916,63076347.482,78576112.94479999,2026-08-05,2026-09-03,binancecoin,BNB,2026-08-05,2026-09-03,16741521.0,29.0,0.03203694910501474,0.029034662185292298,0.016316794395812594,0.015574834991168792,0.03203694910501474,0.016316794395812594,2026-07-22T11:05:00Z,2026-08-27T11:40:00Z,True,False,25.288234318713187,-7.328377903279152,-5.664206806540855,-1.664171096738297,0.0034678973956155774,200000000.0,-0.0159640443225879,-0.0153435379300858,True,True,10000
BOME,kept,kept_cap_le_cutoff,kept,kept_std_ge_cutoff,0.0469718977007977,0.2,0.0657081518801077,0.0654959795536216,0.0657081518801077,ok,10253523.0,25.0,2026-08-03T13:35:00Z,2026-08-27T11:40:00Z,63855300.0,0.1756214816981519,0.10449946100449221,False,ok,True,book-of-meme,BOME-USDT-SWAP,BOMEUSDT,1e-07,1.0,1.0,1e-07,100.0,100.0,5,yes,BOOK OF MEME,markets_max_mcap,1,book-of-meme,47687638.0,63855300.0,,30,30,30,30,0.5258327139231044,1.956563706628549,11214362.400279999,33577205.69737401,2026-08-05,2026-09-03,book-of-meme,BOOK OF MEME,2026-08-05,2026-09-03,10545683.0,29.0,0.08925738575440408,0.10449946100449221,0.04720083496924536,0.06118488422701936,0.10449946100449221,0.06118488422701936,2026-07-22T11:05:00Z,2026-08-27T11:40:00Z,True,False,17.972130144045696,-1.7394242721302249,-3.3624965643845135,1.6230722922542886,0.034648648293889195,200000000.0,-0.0457407596278694,-0.0263034069558305,True,True,10000
BOT,held_out,held_out_no_metrics,held_out,held_out_no_std,0.0469718977007977,0.2,0.1574147142981449,0.1487444091174239,0.1574147142981449,ok,2412179.0,25.0,2026-08-03T13:35:00Z,2026-08-27T11:40:00Z,,,0.3086508585858598,False,unmatched_coingecko,False,,BOT-USDT-SWAP,BOTUSDT,0.01,0.1,0.1,0.01,0.01,0.01,5,no,,unmatched,4,"bot,hyperbot,robostrategy-backpack-securities,wasabot",,,"4 coins/list hits, none in top markets; not guessing",30,0,30,0,,0.9644165663823099,610732.0798,910560.0324333333,2026-08-05,2026-09-03,,,2026-08-05,2026-09-03,2683914.0,29.0,0.3086508585858598,0.1474978993288591,0.17741862129144867,0.0352564497910313,0.3086508585858598,0.17741862129144867,2026-07-22T11:05:00Z,2026-08-27T11:40:00Z,True,True,,,,,,200000000.0,-0.0710227526207934,-0.2329542414517661,True,True,10000
BRETT,kept,kept_cap_le_cutoff,kept,kept_std_ge_cutoff,0.0469718977007977,0.2,0.0759753706979867,0.0759753706979867,0.0747695760436233,ok,4535412.0,25.0,2026-08-03T13:35:00Z,2026-08-27T11:40:00Z,51233667.0,0.014716284587242213,0.16047406313645635,False,ok,True,based-brett,BRETT-USDT-SWAP,BRETTUSDT,1e-06,1.0,1.0,1e-06,10.0,10.0,5,yes,Brett,markets_max_mcap,5,"based-brett,brett,bretter-brett,brett-eth,brett-memecoin",3212441.0,51233667.0,,30,30,30,30,0.021867417552283868,0.7638719918396034,753969.22402,1120347.9890236668,2026-08-05,2026-09-03,based-brett,Brett,2026-08-05,2026-09-03,4852948.0,29.0,-0.03791459893048141,0.16047406313645635,-0.07790461251333052,0.11258810895128353,0.16047406313645635,0.11258810895128353,2026-07-22T11:05:00Z,2026-08-27T11:40:00Z,True,True,17.75190743250656,-4.218800603299103,-3.2932125768136133,-0.9255880264854897,0.037134360579695234,200000000.0,-0.1848387426771776,8.165595176725136e-05,True,True,10000
BREV,kept,kept_cap_le_cutoff,kept,kept_std_ge_cutoff,0.0469718977007977,0.2,0.0764849889351978,0.0712342820965809,0.0764849889351978,ok,2359693.0,25.0,2026-08-03T13:35:00Z,2026-08-27T11:40:00Z,19277843.0,0.018477831584425706,0.19910893617021314,False,ok,True,brevis,BREV-USDT-SWAP,BREVUSDT,1e-05,1.0,1.0,1e-05,1.0,1.0,5,yes,Brevis,markets_max_mcap,1,brevis,2966556.0,19277843.0,,30,30,30,30,0.024767414211641834,0.7525060737550436,356212.736265,477462.322688,2026-08-05,2026-09-03,brevis,Brevis,2026-08-05,2026-09-03,2579181.0,29.0,0.19910893617021314,-0.013318213613128542,0.12844654856444704,-0.05698312389656283,0.19910893617021314,0.12844654856444704,2026-07-22T11:05:00Z,2026-08-27T11:40:00Z,True,True,16.774466963294547,-3.9911835581584025,-2.9857012722488943,-1.0054822859095083,0.050504074022146794,200000000.0,0.0066167235749035,-0.1745506414797192,True,True,10000
BSB,kept,kept_cap_le_cutoff,kept,kept_std_ge_cutoff,0.0469718977007977,0.2,0.1139287211117634,0.1102685752270998,0.1139287211117634,ok,7198042.0,25.0,2026-08-03T13:35:00Z,2026-08-27T11:40:00Z,25569799.0,0.2688498897191175,0.1074731437308876,False,ok,True,block-street,BSB-USDT-SWAP,BSBUSDT,0.0001,1.0,1.0,0.0001,1.0,1.0,5,yes,Block Street,markets_max_mcap,2,"block-street,based-street-bets",10927562.0,25569799.0,,30,30,30,30,0.3677472931373323,0.9104597547512846,6874437.64129,9403224.368315665,2026-08-05,2026-09-03,block-street,Block Street,2026-08-05,2026-09-03,7768842.0,29.0,0.1074731437308876,0.0896239724072312,0.04954359791122723,0.03432760403530928,0.1074731437308876,0.04954359791122723,2026-07-22T11:05:00Z,2026-08-27T11:40:00Z,True,False,17.056922486462128,-1.3136020859213733,-3.0745642456438835,1.7609621597225102,0.04620976009937811,200000000.0,-0.0623763467200116,-0.0848863041954896,True,True,10000
BSP,held_out,held_out_no_metrics,held_out,held_out_no_std,0.0469718977007977,0.2,0.149749908853062,0.149749908853062,0.1470213993551181,ok,3546403.0,25.0,2026-08-03T13:35:00Z,2026-08-27T11:40:00Z,,,0.18996626506024272,False,missing_market_cap,False,bespincoin,BSP-USDT-SWAP,BSPUSDT,0.01,0.1,0.1,0.01,0.01,0.01,5,no,Bespincoin,unique_symbol_not_in_top_markets,1,bespincoin,,,in coins/list but not in cached /markets pages,30,0,30,0,,2.1651641527437198,929358.6629,2957139.8312233333,2026-08-05,2026-09-03,bespincoin,Bespincoin,2026-08-05,2026-09-03,3687581.0,29.0,0.1773105990783413,0.18996626506024272,0.07332616832424362,0.06647276029055736,0.18996626506024272,0.07332616832424362,2026-07-22T11:05:00Z,2026-08-27T11:40:00Z,True,True,,,,,,200000000.0,-0.1507157444238536,-0.1964516131594003,True,True,10000
BTC,dropped,dropped_large_cap,dropped,dropped_low_vol,0.0469718977007977,0.2,0.0097129485876794,0.0097129485876794,0.0097040874103233,ok,46390074.0,25.0,2026-08-03T13:35:00Z,2026-08-27T11:40:00Z,1630227220823.0,0.005346244323258758,0.026632716968888623,False,ok,True,bitcoin,BTC-USDT-SWAP,BTCUSDT,0.1,0.01,0.01,0.1,0.001,0.001,5,no,Bitcoin,markets_max_mcap,11,"bitcoin,batcat,big-tom-coin,bitcoin-ai-2,bitcoin-base,bitcoin-second-chance,bobby-the-cat,bobby-the-cat-2,mezo-wrapped-btc,near-intents-bridged-btc,osmosis-allbtc",35149848370.0,1630227220823.0,,30,30,30,30,0.006188059296744643,0.5603381113244258,8715593024.946865,10087942709.619947,2026-08-05,2026-09-03,bitcoin,Bitcoin,2026-08-05,2026-09-03,50870516.0,29.0,0.01615606202073115,0.026632716968888623,0.009837620405237144,0.01983376376094598,0.026632716968888623,0.01983376376094598,2026-07-22T11:05:00Z,2026-08-27T11:40:00Z,True,False,28.119740520309957,-5.231360960241113,-6.555023376309107,1.323662416067994,0.001422949603305884,200000000.0,-0.0049974115381683,0.0046960689351785,True,True,10000
CAP,kept,kept_cap_le_cutoff,kept,kept_std_ge_cutoff,0.0469718977007977,0.2,0.235643621594228,0.235643621594228,0.2323278999959762,ok,15800366.0,25.0,2026-08-03T13:35:00Z,2026-08-27T11:40:00Z,76572716.0,0.5660037383256721,0.8503162559694357,True,ok,True,cap-4,CAP-USDT-SWAP,CAPUSDT,1e-05,1.0,1.0,1e-05,10.0,10.0,5,yes,Cap,markets_max_mcap,7,"cap-4,based-brians,cap-2,cap-3,capcat,capminal,catwifcap-2",57541653.0,76572716.0,,30,30,30,30,0.9863359419008548,1.164806586610426,43340443.50975,75526421.95976666,2026-08-05,2026-09-03,cap-4,Cap,2026-08-05,2026-09-03,16719089.0,29.0,0.8503162559694357,0.10930882841592625,0.576668075385494,0.0276067459445898,0.8503162559694357,0.576668075385494,2026-07-22T11:05:00Z,2026-08-27T11:40:00Z,True,True,18.153751383271253,-0.5691545959850908,-3.4196361917788423,2.8504815957937515,0.03272433815689769,200000000.0,0.131980645479828,-0.2112531799759418,True,True,10000
CBRS,held_out,held_out_no_metrics,held_out,held_out_no_std,0.0469718977007977,0.2,0.055720795722041,0.0529476736006608,0.055720795722041,ok,6969541.0,25.0,2026-08-03T13:35:00Z,2026-08-27T11:40:00Z,,,0.07930658598726151,False,missing_market_cap,False,cerebras-systems-robinhood-tokenized-stock,CBRS-USDT-SWAP,CBRSUSDT,0.01,0.01,0.01,0.01,0.01,0.01,5,no,Cerebras Systems • Robinhood Token,unique_symbol_not_in_top_markets,1,cerebras-systems-robinhood-tokenized-stock,,,in coins/list but not in cached /markets pages,30,0,30,0,,0.9432735489719398,7860915.4658,9744751.231256666,2026-08-05,2026-09-03,cerebras-systems-robinhood-tokenized-stock,Cerebras Systems • Robinhood Token,2026-08-05,2026-09-03,8182267.0,29.0,0.04629411056376539,0.07930658598726151,0.004554757445780443,0.04532617074004415,0.07930658598726151,0.04532617074004415,2026-07-22T11:05:00Z,2026-08-27T11:40:00Z,True,False,,,,,,200000000.0,-0.0690732493571424,-0.0374917229435797,True,True,10000
CELO,kept,kept_cap_le_cutoff,kept,kept_std_ge_cutoff,0.0469718977007977,0.2,0.0519097922625851,0.0519097922625851,0.048775031420223,ok,3645845.0,25.0,2026-08-03T13:35:00Z,2026-08-27T11:40:00Z,46884951.0,0.010273647773909373,0.08670698124267275,False,ok,True,celo,CELO-USDT-SWAP,CELOUSDT,1e-05,1.0,1.0,1e-05,0.1,0.1,5,yes,Celo,markets_max_mcap,1,celo,16884357.0,46884951.0,,30,30,30,30,0.015828374723622227,0.7940148343243751,481679.47247100004,742112.5733266666,2026-08-05,2026-09-03,celo,Celo,2026-08-05,2026-09-03,3929790.0,29.0,0.08670698124267275,0.0007226636574945957,0.051807718564192605,-0.03115409460367954,0.08670698124267275,0.051807718564192605,2026-07-22T11:05:00Z,2026-08-27T11:40:00Z,True,False,17.66320730772494,-4.578173130772811,-3.265306743214725,-1.3128663875580857,0.03818522022983754,200000000.0,-0.0280164545137422,-0.1015694140677519,True,True,10000
CFX,dropped,dropped_large_cap,kept,kept_std_ge_cutoff,0.0469718977007977,0.2,0.0521710394032585,0.0491142396170137,0.0521710394032585,ok,3805552.0,25.0,2026-08-03T13:35:00Z,2026-08-27T11:40:00Z,255619507.0,0.01026414020920164,0.11948783521809364,False,ok,True,conflux-token,CFX-USDT-SWAP,CFXUSDT,1e-05,1.0,1.0,1e-05,1.0,1.0,5,yes,Conflux,markets_max_mcap,4,"conflux-token,cf-industries-xstock,chain-fox-2,cosmic-force-token-v2",4622949.0,255619507.0,,30,30,30,30,0.013635503025473976,0.7234089281944877,2623714.460055,3485500.5610686666,2026-08-05,2026-09-03,conflux-token,Conflux,2026-08-05,2026-09-03,4169404.0,29.0,0.04722098188522007,0.11948783521809364,0.02187282357576548,0.08040129884797816,0.11948783521809364,0.08040129884797816,2026-07-22T11:05:00Z,2026-08-27T11:40:00Z,True,False,19.3592005960219,-4.579098991473556,-3.7988810375527287,-0.7802179539208272,0.022395817919978248,200000000.0,-0.0635698803521203,-0.0051577787264657,True,True,10000
CHIP,kept,kept_cap_le_cutoff,kept,kept_std_ge_cutoff,0.0469718977007977,0.2,0.0669387798214479,0.0630843373033126,0.0669387798214479,ok,5897904.0,25.0,2026-08-03T13:35:00Z,2026-08-27T11:40:00Z,110339949.0,0.16358037450107937,0.1449837862291055,False,ok,True,chip-2,CHIP-USDT-SWAP,CHIPUSDT,1e-05,1.0,1.0,1e-05,10.0,10.0,5,yes,USD.AI,markets_max_mcap,3,"chip-2,algo-casino-chips,chip-the-wooly-mouse",94275737.0,110339949.0,,30,30,30,30,0.22405102760584625,0.995549049417887,18049450.17985,24721778.959426664,2026-08-05,2026-09-03,chip-2,USD.AI,2026-08-05,2026-09-03,6179874.0,29.0,0.1449837862291055,0.04428077049180287,0.09975944262593173,0.0008018113438842287,0.1449837862291055,0.09975944262593173,2026-07-22T11:05:00Z,2026-08-27T11:40:00Z,True,False,18.51907660360073,-1.810450822271649,-3.534570695344546,1.7241198730728968,0.02917127766692027,200000000.0,-0.0087681185665103,-0.0901155661813801,True,True,10000
CHZ,kept,kept_cap_le_cutoff,kept,kept_std_ge_cutoff,0.0469718977007977,0.2,0.0745996413797275,0.0731721224418872,0.0745996413797275,ok,3985517.0,25.0,2026-08-03T13:35:00Z,2026-08-27T11:40:00Z,145542052.0,0.01707358578605172,0.08215420394238124,False,ok,True,chiliz,CHZ-USDT-SWAP,CHZUSDT,1e-05,1.0,1.0,1e-05,1.0,1.0,5,yes,Chiliz,markets_max_mcap,1,chiliz,22763801.0,145542052.0,,30,30,30,30,0.020579365846626015,0.6686572855409948,2484924.7103,2995163.1341766664,2026-08-05,2026-09-03,chiliz,Chiliz,2026-08-05,2026-09-03,4349995.0,29.0,0.08215420394238124,0.07344668362942446,0.0009575992226909253,0.06704394189072,0.08215420394238124,0.06704394189072,2026-07-22T11:05:00Z,2026-08-27T11:40:00Z,True,False,18.795975620000533,-4.070222700612645,-3.621685543202683,-0.4485371574099615,0.02673757115849993,200000000.0,-0.0803971452620432,-0.079058912473821,True,True,10000
COAI,kept,kept_cap_le_cutoff,kept,kept_std_ge_cutoff,0.0469718977007977,0.2,0.1769207283672203,0.1537851614271718,0.1769207283672203,ok,2937412.0,25.0,2026-08-03T13:35:00Z,2026-08-27T11:40:00Z,59969717.0,0.019724529149353832,0.2779218013100443,False,ok,True,chainopera-ai,COAI-USDT-SWAP,COAIUSDT,0.0001,1.0,1.0,0.0001,1.0,1.0,5,yes,ChainOpera AI,markets_max_mcap,1,chainopera-ai,5228135.0,59969717.0,,30,30,30,30,0.02792236979341868,0.8833510883565923,1182874.431045,1674496.6144806666,2026-08-05,2026-09-03,chainopera-ai,ChainOpera AI,2026-08-05,2026-09-03,3236264.0,29.0,-0.025688702518139064,0.2779218013100443,-0.06827802995567735,0.20150881828978623,0.2779218013100443,0.20150881828978623,2026-07-22T11:05:00Z,2026-08-27T11:40:00Z,True,True,17.90935027610738,-3.9258922832903025,-3.3427454698695946,-0.5831468134207078,0.035339800054655486,200000000.0,-0.2089951953179957,0.0477847973560709,True,True,10000
COMP,dropped,dropped_large_cap,kept,kept_std_ge_cutoff,0.0469718977007977,0.2,0.0581076683601163,0.0556581877069265,0.0581076683601163,ok,2868118.0,25.0,2026-08-03T13:35:00Z,2026-08-27T11:40:00Z,200963968.0,0.007061700936607701,0.14881883467279067,False,ok,True,compound-governance-token,COMP-USDT-SWAP,COMPUSDT,0.01,1.0,1.0,0.001,0.01,0.01,5,yes,Compound,override,1,compound-governance-token,31614797.0,200963968.0,,30,30,30,30,0.013197584685348504,1.100930320245385,1419147.44105,2652238.9863836668,2026-08-05,2026-09-03,compound-governance-token,Compound,2026-08-05,2026-09-03,3094960.0,29.0,0.14881883467279067,0.00029738790406657543,0.10082264725114495,-0.05094695164044627,0.14881883467279067,0.10082264725114495,2026-07-22T11:05:00Z,2026-08-27T11:40:00Z,True,False,19.118636186272102,-4.953069330629848,-3.7231973741439077,-1.2298719564859404,0.024156606525945444,200000000.0,0.0061456495969154,-0.136602235856249,True,True,10000
CORE,kept,kept_cap_le_cutoff,kept,kept_std_ge_cutoff,0.0469718977007977,0.2,0.1145557786067222,0.1145557786067222,0.1065695984598581,ok,3511807.0,25.0,2026-08-03T13:35:00Z,2026-08-27T11:40:00Z,32605527.0,0.07679774953991696,0.1988831604696671,False,ok,True,coredaoorg,CORE-USDT-SWAP,COREUSDT,1e-05,1.0,1.0,1e-05,0.1,0.1,5,yes,Core,markets_max_mcap,4,"coredaoorg,core-2,cvault-finance,warpcore",3317525.0,32605527.0,,30,30,30,30,0.10269596691587289,0.7735823531692838,2504031.096163,3348456.1220666002,2026-08-05,2026-09-03,coredaoorg,Core,2026-08-05,2026-09-03,4005042.0,29.0,0.11532507377049171,0.1988831604696671,0.03971161315941527,0.10639581160696181,0.1988831604696671,0.10639581160696181,2026-07-22T11:05:00Z,2026-08-27T11:40:00Z,True,True,17.299992371843977,-2.5665799421235125,-3.1510361535590823,0.5844562114355698,0.04280774847865562,200000000.0,-0.1171201299231811,-0.052158962626802,True,True,10000
CRO,dropped,dropped_large_cap,kept,kept_std_ge_cutoff,0.0469718977007977,0.2,0.0580867308160102,0.0487704379919639,0.0580867308160102,ok,4646878.0,25.0,2026-08-03T13:35:00Z,2026-08-27T11:40:00Z,2797693235.0,0.0008085434753213748,0.069201576779509,False,ok,True,crypto-com-chain,CRO-USDT-SWAP,CROUSDT,1e-05,1.0,1.0,1e-05,1.0,1.0,5,no,Cronos,markets_max_mcap,2,"crypto-com-chain,cronos-zkevm-bridged-cro-cronos-zkevm",7549361.0,2797693235.0,,30,30,30,30,0.0010549085267906435,0.8555485409115209,2262056.61111,2951310.448946001,2026-08-05,2026-09-03,crypto-com-chain,Cronos,2026-08-05,2026-09-03,4879196.0,29.0,0.069201576779509,0.06074435199193141,0.03491966416426388,0.02093211346226106,0.069201576779509,0.03491966416426388,2026-07-22T11:05:00Z,2026-08-27T11:40:00Z,True,False,21.75206106993821,-7.120276107577265,-4.551695832062482,-2.5685802755147833,0.010549299366090326,200000000.0,-0.0444361605409875,-0.0529076561615865,True,True,10000
CRV,dropped,dropped_large_cap,dropped,dropped_low_vol,0.0469718977007977,0.2,0.0429460264861552,0.0429460264861552,0.042411743827182,ok,10044318.0,25.0,2026-08-03T13:35:00Z,2026-08-27T11:40:00Z,582219224.0,0.03277260106002615,0.05985134106678284,False,ok,True,curve-dao-token,CRV-USDT-SWAP,CRVUSDT,0.0001,1.0,1.0,0.0001,0.1,0.1,5,yes,Curve DAO,markets_max_mcap,2,"curve-dao-token,bridged-curve-dao-token-stargate",72686714.0,582219224.0,,30,30,30,30,0.052349696827212626,0.8369905301699746,19080838.35763,30478999.863374997,2026-08-05,2026-09-03,curve-dao-token,Curve DAO,2026-08-05,2026-09-03,10701047.0,29.0,0.05985134106678284,0.047999363091272514,0.030247967828609664,0.031155516403898055,0.05985134106678284,0.031155516403898055,2026-07-22T11:05:00Z,2026-08-27T11:40:00Z,True,False,20.182357608311563,-3.4181624462133007,-4.057853419691621,0.63969097347832,0.017286085288644174,200000000.0,-0.0388650917412624,-0.0368797203495045,True,True,10000
DASH,dropped,dropped_large_cap,kept,kept_std_ge_cutoff,0.0469718977007977,0.2,0.0724818633782265,0.0724818633782265,0.0717731549752153,ok,6718151.0,25.0,2026-08-03T13:35:00Z,2026-08-27T11:40:00Z,591031819.0,0.017746695522157668,0.2183903738783647,False,ok,True,dash,DASH-USDT-SWAP,DASHUSDT,0.01,1.0,1.0,0.01,0.01,0.01,5,yes,Dash,markets_max_mcap,2,"dash,dash-2",98076514.0,591031819.0,,30,30,30,30,0.03092464709631254,1.1381352888595693,10488861.7357,18277450.42526667,2026-08-05,2026-09-03,dash,Dash,2026-08-05,2026-09-03,7249065.0,29.0,0.2183903738783647,0.02694008258359166,0.16902799171842697,0.0006031368687575777,0.2183903738783647,0.16902799171842697,2026-07-22T11:05:00Z,2026-08-27T11:40:00Z,True,True,20.197380413176592,-4.031555948157847,-4.062579725249637,0.031023777091789384,0.017204578731838494,200000000.0,0.0516010300195533,-0.112373860354593,True,True,10000
DATA,held_out,held_out_no_metrics,held_out,held_out_no_std,0.0469718977007977,0.2,0.1083698773082815,0.1008754865973527,0.1083698773082815,ok,2021153.0,25.0,2026-08-03T13:35:00Z,2026-08-27T11:40:00Z,,,0.1998392773437508,False,missing_market_cap,False,streamr,DATA-USDT-SWAP,DATAUSDT,0.0001,1.0,1.0,0.0001,1.0,1.0,5,no,Streamr,override,6,"story-2,data-ai,data-bot,data-center-coin,data-hedge,streamr",,,override id not in top markets pages,30,0,30,0,,0.6008010666029104,1407534.6501000002,1706750.1327133337,2026-08-05,2026-09-03,streamr,Streamr,2026-08-05,2026-09-03,2216017.0,29.0,0.1998392773437508,0.10790372043010808,0.10422255315882481,0.09516792224198883,0.1998392773437508,0.10422255315882481,2026-07-22T11:05:00Z,2026-08-27T11:40:00Z,True,True,,,,,,200000000.0,-0.0744771430289052,-0.0670718085095644,True,True,10000
DOGE,dropped,dropped_large_cap,dropped,dropped_low_vol,0.0469718977007977,0.2,0.0243487496186218,0.0236467954536528,0.0243487496186218,ok,28924772.0,25.0,2026-08-03T13:35:00Z,2026-08-27T11:40:00Z,13896986978.0,0.02004811347070113,0.05566034617407893,False,ok,True,dogecoin,DOGE-USDT-SWAP,DOGEUSDT,1e-05,0.01,0.01,1e-05,1.0,1.0,5,no,Dogecoin,markets_max_mcap,7,"dogecoin,binance-peg-dogecoin,department-of-gov-efficiency,department-of-government-efficiency,department-of-government-efficiency-2,department-of-government-efficiency-4,doonlygoodeveryday",981638257.0,13896986978.0,,30,30,30,30,0.028264186139894773,0.8925296783286465,278608371.8358,392787026.7298857,2026-08-05,2026-09-03,dogecoin,Dogecoin,2026-08-05,2026-09-03,32287547.0,29.0,0.025764856605667637,0.05566034617407893,0.013375567783607361,0.03294802167257206,0.05566034617407893,0.03294802167257206,2026-07-22T11:05:00Z,2026-08-27T11:40:00Z,True,False,23.354937889413648,-3.9096202208932684,-5.055974872412432,1.1463546515191636,0.006371152672875915,200000000.0,-0.0203979459227764,-0.0056057449992525,True,True,10000
DOOD,kept,kept_cap_le_cutoff,kept,kept_std_ge_cutoff,0.0469718977007977,0.2,0.1002457064531527,0.1002457064531527,0.0908449764332713,ok,1748698.0,25.0,2026-08-03T13:35:00Z,2026-08-27T11:40:00Z,10769752.0,0.04733099229299802,0.27189774104683195,False,ok,True,doodles,DOOD-USDT-SWAP,DOODUSDT,1e-06,1.0,1.0,1e-06,10.0,10.0,5,yes,Doodles,markets_max_mcap,1,doodles,7414347.0,10769752.0,,30,30,30,30,0.055980098266156304,0.4546249136577307,509743.0489095,602891.7752621333,2026-08-05,2026-09-03,doodles,Doodles,2026-08-05,2026-09-03,1882913.0,29.0,0.27189774104683195,-0.013451428571428371,0.21657126042177613,-0.08812170676096905,0.27189774104683195,0.21657126042177613,2026-07-22T11:05:00Z,2026-08-27T11:40:00Z,True,True,16.1922520219408,-3.050589969870736,-2.8025313690249174,-0.24805860084581877,0.060656324582239095,200000000.0,0.0597564898353157,-0.2744662127733928,True,True,10000
DOT,dropped,dropped_large_cap,dropped,dropped_low_vol,0.0469718977007977,0.2,0.0219523883519895,0.0219523883519895,0.0219063892384626,ok,13313078.0,25.0,2026-08-03T13:35:00Z,2026-08-27T11:40:00Z,1522617209.0,0.01187022684639183,0.04311524127601099,False,ok,True,polkadot,DOT-USDT-SWAP,DOTUSDT,0.0001,1.0,1.0,0.0001,0.1,0.1,5,no,Polkadot,override,5,"polkadot,binance-peg-polkadot,dot,pippin-s-friend,xcdot",127742883.0,1522617209.0,,30,30,30,30,0.014552702409150516,0.5616356258830071,18073811.67105,22158195.125628334,2026-08-05,2026-09-03,polkadot,Polkadot,2026-08-05,2026-09-03,14952232.0,29.0,0.03387158013868482,0.04311524127601099,0.01381765017266267,0.023919009328085907,0.04311524127601099,0.023919009328085907,2026-07-22T11:05:00Z,2026-08-27T11:40:00Z,True,False,21.143696539150028,-4.433721959642427,-4.360299039719316,-0.0734229199231109,0.01277456697537487,200000000.0,-0.0144858644111488,-0.0096725767725051,True,True,10000
DYDX,kept,kept_cap_le_cutoff,kept,kept_std_ge_cutoff,0.0469718977007977,0.2,0.0506035105213321,0.0490514792081718,0.0506035105213321,ok,5667281.0,25.0,2026-08-03T13:35:00Z,2026-08-27T11:40:00Z,98102680.0,0.027155231599279447,0.06882808480763881,False,ok,True,dydx-chain,DYDX-USDT-SWAP,DYDXUSDT,1e-05,1.0,1.0,1e-05,0.1,0.1,5,yes,dYdX,markets_max_mcap,2,"dydx-chain,dydx-wormhole",2482071.0,98102680.0,,30,30,30,30,0.033380262767371896,0.5286721072600029,2664000.99591,3274693.2365834,2026-08-05,2026-09-03,dydx-chain,dYdX,2026-08-05,2026-09-03,6109420.0,29.0,0.06882808480763881,0.06528465882806454,0.04206938661075615,0.025039589526939247,0.06882808480763881,0.04206938661075615,2026-07-22T11:05:00Z,2026-08-27T11:40:00Z,True,False,18.401525243224615,-3.6061855587421774,-3.497588011159433,-0.10859754758274454,0.03027030708432301,200000000.0,-0.0284458855482213,-0.0527296237828181,True,True,10000
EDEN,kept,kept_cap_le_cutoff,kept,kept_std_ge_cutoff,0.0469718977007977,0.2,0.2118266540719404,0.2080235656889404,0.2118266540719404,ok,9336841.0,25.0,2026-08-03T13:35:00Z,2026-08-27T11:40:00Z,25982469.0,0.2770977221737473,1.041599528301894,True,ok,True,openeden,EDEN-USDT-SWAP,EDENUSDT,1e-05,1.0,1.0,1e-05,1.0,1.0,5,yes,OpenEden,markets_max_mcap,3,"openeden,eden,edenlayer",4614661.0,25982469.0,,30,30,30,30,0.8251739262564308,1.7015732556364145,7199682.97635,21440055.958566003,2026-08-05,2026-09-03,openeden,OpenEden,2026-08-05,2026-09-03,9615046.0,29.0,1.041599528301894,0.09164686559679122,0.31486832288868954,0.04367831394396265,1.041599528301894,0.31486832288868954,2026-07-22T11:05:00Z,2026-08-27T11:40:00Z,True,True,17.072932599333253,-1.2833850473788662,-3.0796011669197103,1.7962161195408441,0.04597759037674689,200000000.0,0.0434897888187283,-0.1573475587849537,True,True,10000
EDGE,dropped,dropped_large_cap,kept,kept_std_ge_cutoff,0.0469718977007977,0.2,0.0953685451550255,0.0953685451550255,0.0924376417273248,ok,4033321.0,25.0,2026-08-03T13:35:00Z,2026-08-27T11:40:00Z,220756362.0,0.011387127594990897,0.1906702871972321,False,ok,True,edgex,EDGE-USDT-SWAP,EDGEUSDT,0.0001,1.0,1.0,0.0001,1.0,1.0,5,yes,edgeX,markets_max_mcap,4,"edgex,definitive,edge,edge-2",45615748.0,220756362.0,,30,30,30,30,0.03868909692662296,2.420652157431166,2513780.8614999996,8540864.286586666,2026-08-05,2026-09-03,edgex,edgeX,2026-08-05,2026-09-03,4416675.0,29.0,0.10180405269275508,0.1906702871972321,0.05650729838709741,0.1098744660719108,0.1906702871972321,0.1098744660719108,2026-07-22T11:05:00Z,2026-08-27T11:40:00Z,True,True,19.21257021696511,-4.47527171989539,-3.752749840233956,-0.7225218796614339,0.023453164646940715,200000000.0,-0.0951224850608716,-0.0365839828846439,True,True,10000
EGLD,kept,kept_cap_le_cutoff,dropped,dropped_low_vol,0.0469718977007977,0.2,0.0454424154558019,0.0454424154558019,0.0452731431782001,ok,3929818.0,25.0,2026-08-03T13:35:00Z,2026-08-27T11:40:00Z,144332789.0,0.015621291117432781,0.08675048927038612,False,ok,True,elrond-erd-2,EGLD-USDT-SWAP,EGLDUSDT,0.001,1.0,1.0,0.001,0.01,0.01,5,yes,MultiversX,markets_max_mcap,1,elrond-erd-2,44501732.0,144332789.0,,30,30,30,30,0.03444936538271056,2.0685257633799417,2254664.5147599997,4972172.984966666,2026-08-05,2026-09-03,elrond-erd-2,MultiversX,2026-08-05,2026-09-03,4174377.0,29.0,0.034374143876338144,0.08675048927038612,0.0006798978279058439,0.056601421239637385,0.08675048927038612,0.056601421239637385,2026-07-22T11:05:00Z,2026-08-27T11:40:00Z,True,False,18.787632225928956,-4.159120480020332,-3.6190606385908284,-0.5400598414295033,0.026807846925585504,200000000.0,-0.0695211205358277,-0.0173639023120765,True,True,10000
EIGEN,kept,kept_cap_le_cutoff,kept,kept_std_ge_cutoff,0.0469718977007977,0.2,0.0566062843265884,0.0566062843265884,0.0515133504321278,ok,6352148.0,25.0,2026-08-03T13:35:00Z,2026-08-27T11:40:00Z,192648787.0,0.019724543127800746,0.06775632592988995,False,ok,True,eigenlayer,EIGEN-USDT-SWAP,EIGENUSDT,0.0001,1.0,1.0,1e-05,1.0,1.0,5,yes,EigenCloud (prev. EigenLayer),markets_max_mcap,1,eigenlayer,22797947.0,192648787.0,,30,30,30,30,0.02462118507284796,0.6459514976600677,3799909.3077,4743241.438786668,2026-08-05,2026-09-03,eigenlayer,EigenCloud (prev. EigenLayer),2026-08-05,2026-09-03,7005362.0,29.0,0.06775632592988995,0.05033441377347801,0.04288771098821918,0.0008813631234125699,0.06775632592988995,0.04288771098821918,2026-07-22T11:05:00Z,2026-08-27T11:40:00Z,True,False,19.076379332624196,-3.9258915746071263,-3.7099029990884693,-0.21598857551865702,0.02447989772888243,200000000.0,-0.0490908791735066,-0.0677915502861794,True,True,10000
ENA,dropped,dropped_large_cap,dropped,dropped_low_vol,0.0469718977007977,0.2,0.0373936106399915,0.036134414154918,0.0373936106399915,ok,20755127.0,25.0,2026-08-03T13:35:00Z,2026-08-27T11:40:00Z,1685299997.0,0.08159832388073932,0.11368564549483055,False,ok,True,ethena,ENA-USDT-SWAP,ENAUSDT,1e-05,1.0,1.0,1e-05,1.0,1.0,5,no,Ethena,markets_max_mcap,1,ethena,809491587.0,1685299997.0,,30,30,30,30,0.1174213098699956,1.069537950807571,137517654.991415,197890133.17163965,2026-08-05,2026-09-03,ethena,Ethena,2026-08-05,2026-09-03,22317819.0,29.0,0.039551942407440935,0.11368564549483055,0.019405101300359794,0.06987185477061669,0.11368564549483055,0.06987185477061669,2026-07-22T11:05:00Z,2026-08-27T11:40:00Z,True,False,21.24520942466615,-2.5059465579002524,-4.3922358796993075,1.886289321799055,0.012373033655236681,200000000.0,-0.031795110342269,0.0114786803366317,True,True,10000
ENJ,kept,kept_cap_le_cutoff,kept,kept_std_ge_cutoff,0.0469718977007977,0.2,0.0717650763866959,0.0710188991238538,0.0717650763866959,ok,2076955.0,25.0,2026-08-03T13:35:00Z,2026-08-27T11:40:00Z,52413896.0,0.011665256153034303,0.09756618279569945,False,ok,True,enjincoin,ENJ-USDT-SWAP,ENJUSDT,1e-05,1.0,1.0,1e-06,0.1,0.1,5,yes,Enjin Coin,markets_max_mcap,1,enjincoin,2948070.0,52413896.0,,30,30,30,30,0.014924373903406899,0.8066760243089961,611421.5228185,782244.5816382833,2026-08-05,2026-09-03,enjincoin,Enjin Coin,2026-08-05,2026-09-03,2239370.0,29.0,0.09756618279569945,0.08253104470115567,0.04377163852407812,0.03967126785714331,0.09756618279569945,0.04377163852407812,2026-07-22T11:05:00Z,2026-08-27T11:40:00Z,True,False,17.77468230497409,-4.4511404146384566,-3.3003777505140963,-1.1507626641243602,0.03686923739699147,200000000.0,-0.0621843785027299,-0.0720606213806135,True,True,10000
ENS,dropped,dropped_large_cap,kept,kept_std_ge_cutoff,0.0469718977007977,0.2,0.0544603550344418,0.0544603550344418,0.0523020501552302,ok,4742004.0,25.0,2026-08-03T13:35:00Z,2026-08-27T11:40:00Z,244829871.0,0.008916846493580025,0.1595821832529596,False,ok,True,ethereum-name-service,ENS-USDT-SWAP,ENSUSDT,0.001,1.0,1.0,0.001,0.1,0.1,5,yes,Ethereum Name Service,markets_max_mcap,1,ethereum-name-service,22111137.0,244829871.0,,30,30,30,30,0.020697521812973553,1.4372153986565706,2183110.37675,5067371.59549,2026-08-05,2026-09-03,ethereum-name-service,Ethereum Name Service,2026-08-05,2026-09-03,5257205.0,29.0,0.0007656779605227978,0.1595821832529596,-0.022722776423526315,0.1170524763193513,0.1595821832529596,0.1170524763193513,2026-07-22T11:05:00Z,2026-08-27T11:40:00Z,True,True,19.316074123217184,-4.719812927007291,-3.7853130727188766,-0.934499854288414,0.022701754364102322,200000000.0,-0.1134421049683056,0.0335769587203329,True,True,10000
ENSO,kept,kept_cap_le_cutoff,kept,kept_std_ge_cutoff,0.0469718977007977,0.2,0.0934823058926289,0.0812822462271076,0.0934823058926289,ok,4907749.0,25.0,2026-08-03T13:35:00Z,2026-08-27T11:40:00Z,17953127.0,0.21153435882144656,0.18329819477434708,False,ok,True,enso,ENSO-USDT-SWAP,ENSOUSDT,0.0001,1.0,1.0,0.0001,0.1,0.1,5,yes,Enso,markets_max_mcap,1,enso,43174610.0,17953127.0,,30,30,30,30,0.28078136676180887,0.8586531647285162,3797703.2087850003,5040903.5367083335,2026-08-05,2026-09-03,enso,Enso,2026-08-05,2026-09-03,5134223.0,29.0,0.18329819477434708,0.023699656125269274,0.12309791874554463,-0.03347458863126334,0.18329819477434708,0.12309791874554463,2026-07-22T11:05:00Z,2026-08-27T11:40:00Z,True,True,16.70327486385457,-1.5533678406333884,-2.963303616265674,1.4099357756322854,0.05164800981668359,200000000.0,-0.0008133543064152,-0.1775383256835136,True,True,10000
ESP,kept,kept_cap_le_cutoff,kept,kept_std_ge_cutoff,0.0469718977007977,0.2,0.0925052502004885,0.0901050887048234,0.0925052502004885,ok,5375450.0,25.0,2026-08-03T13:35:00Z,2026-08-27T11:40:00Z,55299266.0,0.08824496558326832,0.2878639766839384,False,ok,True,espresso,ESP-USDT-SWAP,ESPUSDT,1e-05,1.0,1.0,1e-05,10.0,10.0,5,yes,Espresso,markets_max_mcap,2,"espresso,spain-coin",1631993.0,55299266.0,,30,30,30,30,0.13593009640007397,0.8392056341391833,4879881.82495,7516834.558233333,2026-08-05,2026-09-03,espresso,Espresso,2026-08-05,2026-09-03,5592202.0,29.0,0.2878639766839384,0.04798786317270498,0.18422505102040912,0.0008722689537395425,0.2878639766839384,0.18422505102040912,2026-07-22T11:05:00Z,2026-08-27T11:40:00Z,True,True,17.828270193348416,-2.427638632011075,-3.3172369680131863,0.8895983360021114,0.03625286131339445,200000000.0,0.0563969295275068,-0.1268992198183684,True,True,10000
ETC,dropped,dropped_large_cap,dropped,dropped_low_vol,0.0469718977007977,0.2,0.0308964194556081,0.029662630030234,0.0308964194556081,ok,8983278.0,25.0,2026-08-03T13:35:00Z,2026-08-27T11:40:00Z,1205416801.0,0.008784179793467139,0.051433961221228924,False,ok,True,ethereum-classic,ETC-USDT-SWAP,ETCUSDT,0.001,0.01,0.01,0.001,0.1,0.1,5,no,Ethereum Classic,markets_max_mcap,1,ethereum-classic,42536708.0,1205416801.0,,30,30,30,30,0.012653424870656,1.0877705644003066,10588597.90605,15252650.929280005,2026-08-05,2026-09-03,ethereum-classic,Ethereum Classic,2026-08-05,2026-09-03,9846877.0,29.0,0.051433961221228924,0.04686418381618429,0.032710259156135846,0.02579402166431943,0.051433961221228924,0.032710259156135846,2026-07-22T11:05:00Z,2026-08-27T11:40:00Z,True,False,20.910091237027913,-4.73480292613355,-4.286804772322428,-0.4479981538111213,0.013748785688646249,200000000.0,-0.009005660162758,-0.0232424447946141,True,True,10000
ETH,dropped,dropped_large_cap,dropped,dropped_low_vol,0.0469718977007977,0.2,0.0108970265137339,0.0108970265137339,0.0108868500714861,ok,46978316.0,25.0,2026-08-03T13:35:00Z,2026-08-27T11:40:00Z,306063942965.0,0.02492597048155279,0.02622122542615247,False,ok,True,ethereum,ETH-USDT-SWAP,ETHUSDT,0.01,0.01,0.01,0.01,0.01,0.01,5,no,Ethereum,markets_max_mcap,14,"ethereum,anubis-bridged-eth-anubis,bifrost-bridged-eth-bifrost,bridged-binance-peg-ethereum-opbnb,bridged-wrapped-ether-eclipse,bridged-wrapped-ether-starkgate,ethereum-wormhole,immutable-zkevm-bridged-eth,krown-bridged-eth-krown,near-intents-bridged-eth,nova-eth,osmosis-alleth,the-infinite-garden,the-ticker-is-eth",15389993657.0,306063942965.0,,30,30,30,30,0.027606188352768887,0.5961303274236065,7628940807.813246,8449258857.4829035,2026-08-05,2026-09-03,ethereum,Ethereum,2026-08-05,2026-09-03,51687435.0,29.0,0.018918728551642533,0.02622122542615247,0.012828309105922104,0.018164416862499987,0.02622122542615247,0.018164416862499987,2026-07-22T11:05:00Z,2026-08-27T11:40:00Z,True,False,26.447059881006776,-3.6918450278219015,-6.0287834448614745,2.336938417039573,0.0024084221754752115,200000000.0,-0.0030385710048902,0.0020629072738015,True,True,10000
ETHFI,dropped,dropped_large_cap,kept,kept_std_ge_cutoff,0.0469718977007977,0.2,0.0561108858563909,0.0539073208967976,0.0561108858563909,ok,8927629.0,25.0,2026-08-03T13:35:00Z,2026-08-27T11:40:00Z,578270947.0,0.024159239353771303,0.10522362290227073,False,ok,True,ether-fi,ETHFI-USDT-SWAP,ETHFIUSDT,0.0001,1.0,1.0,0.0001,0.1,0.1,5,yes,Ether.fi,markets_max_mcap,1,ether-fi,61320958.0,578270947.0,,30,30,30,30,0.02887994312870606,0.6372808549382456,13970586.219905,16700432.062343,2026-08-05,2026-09-03,ether-fi,Ether.fi,2026-08-05,2026-09-03,9595742.0,29.0,0.10522362290227073,0.06916469787437377,0.06959611079310614,0.02897143900064874,0.10522362290227073,0.06959611079310614,2026-07-22T11:05:00Z,2026-08-27T11:40:00Z,True,False,20.175553083235975,-3.723088390112664,-4.055712656700066,0.3326242665874015,0.017323130338487123,200000000.0,-0.0107130641782553,-0.0478388380487418,True,True,10000
EWT,kept,kept_cap_le_cutoff,kept,kept_std_ge_cutoff,0.0469718977007977,0.2,0.1000011081298967,0.1000011081298967,0.0984232428815426,ok,1993558.0,25.0,2026-08-03T13:35:00Z,2026-08-27T11:40:00Z,22280133.0,0.01020489186711767,0.07611280615815313,False,ok,True,energy-web-token,EWT-USDT-SWAP,EWTUSDT,0.01,0.01,0.01,0.01,0.01,0.01,5,yes,Energy Web Token,markets_max_mcap,2,"energy-web-token,ishares-msci-taiwan-etf-robinhood-token",231589.0,22280133.0,,30,30,30,30,0.022934308782028668,1.1345386862584848,227366.34805,510979.4499266667,2026-08-05,2026-09-03,energy-web-token,Energy Web Token,2026-08-05,2026-09-03,2399581.0,29.0,0.009839280309399604,0.07611280615815313,-0.048789358500888676,0.0006929346581799356,0.07611280615815313,0.0006929346581799356,2026-07-22T11:05:00Z,2026-08-27T11:40:00Z,True,False,16.919205942484894,-4.58488807884529,-3.031237418657965,-1.5536506601873246,0.04825588842929797,200000000.0,-0.2145566104447199,-0.1493801924613124,True,True,10000
FARTCOIN,kept,kept_cap_le_cutoff,kept,kept_std_ge_cutoff,0.0469718977007977,0.2,0.049552679088422,0.049552679088422,0.0483560582154736,ok,14509356.0,25.0,2026-08-03T13:35:00Z,2026-08-27T11:40:00Z,174339453.0,0.14267376082108046,0.07648767094232926,False,ok,True,fartcoin,FARTCOIN-USDT-SWAP,FARTCOINUSDT,0.0001,1.0,1.0,1e-05,1.0,1.0,5,yes,Fartcoin,markets_max_mcap,2,"fartcoin,based-fartcoin",36830846.0,174339453.0,,30,30,30,30,0.2288722563182261,0.7490713946711325,24873665.419,39901463.97339535,2026-08-05,2026-09-03,fartcoin,Fartcoin,2026-08-05,2026-09-03,15539458.0,29.0,0.06572375743027013,0.07648767094232926,0.0320189604163813,0.04502046570015468,0.07648767094232926,0.04502046570015468,2026-07-22T11:05:00Z,2026-08-27T11:40:00Z,True,False,18.97651483599546,-1.9471946479233107,-3.6784847566427086,1.731290108719398,0.02526122275042916,200000000.0,-0.0479648999553821,-0.0291964985977158,True,True,10000
FIL,dropped,dropped_large_cap,dropped,dropped_low_vol,0.0469718977007977,0.2,0.0283604805518024,0.0270914816619325,0.0283604805518024,ok,12926431.0,25.0,2026-08-03T13:35:00Z,2026-08-27T11:40:00Z,662219344.0,0.04685706658652061,0.04656970063412492,False,ok,True,filecoin,FIL-USDT-SWAP,FILUSDT,0.0001,1.0,1.0,0.0001,0.1,0.1,5,no,Filecoin,markets_max_mcap,2,"filecoin,binance-peg-filecoin",111173751.0,662219344.0,,30,30,30,30,0.06616153523216169,1.0416447312551405,31029655.89669,43813448.459474996,2026-08-05,2026-09-03,filecoin,Filecoin,2026-08-05,2026-09-03,14170887.0,29.0,0.042094018808436565,0.04656970063412492,0.026748979894783805,0.027543962780754043,0.04656970063412492,0.027543962780754043,2026-07-22T11:05:00Z,2026-08-27T11:40:00Z,True,False,20.31110739436928,-3.0606534473813256,-4.098359226357222,1.0377057789758966,0.01659988973092237,200000000.0,-0.0176767409312639,-0.0134557662604335,True,True,10000
FLOW,kept,kept_cap_le_cutoff,kept,kept_std_ge_cutoff,0.0469718977007977,0.2,0.0734621691008271,0.0734621691008271,0.0667579830003958,ok,2068955.0,25.0,2026-08-03T13:35:00Z,2026-08-27T11:40:00Z,46932674.0,0.02095546400499149,0.10090583379966504,False,ok,True,flow,FLOW-USDT-SWAP,FLOWUSDT,1e-05,1.0,1.0,1e-05,0.1,0.1,5,yes,Flow,markets_max_mcap,6,"flow,flow-agent,flow-state,pulsechain-flow,robinflow,stake-flow",3939780.0,46932674.0,,30,30,30,30,0.02432617304234998,0.5356071040266971,983495.9606649999,1141692.3490642002,2026-08-05,2026-09-03,flow,Flow,2026-08-05,2026-09-03,2168656.0,29.0,0.07896948101265887,0.10090583379966504,0.03617760851981647,0.06561090768329453,0.10090583379966504,0.06561090768329453,2026-07-22T11:05:00Z,2026-08-27T11:40:00Z,True,False,17.664224664625973,-3.865355854925343,-3.2656268125772074,-0.5997290423481356,0.03817300026646459,200000000.0,-0.0930533482701779,-0.0484715925907791,True,True,10000
FOGO,kept,kept_cap_le_cutoff,kept,kept_std_ge_cutoff,0.0469718977007977,0.2,0.0662717601463334,0.0614162437729262,0.0662717601463334,ok,3891925.0,25.0,2026-08-03T13:35:00Z,2026-08-27T11:40:00Z,26204263.0,0.039700780131652624,0.11977923535791837,False,ok,True,fogo,FOGO-USDT-SWAP,FOGOUSDT,1e-06,1.0,1.0,1e-05,10.0,10.0,5,yes,Fogo,markets_max_mcap,1,fogo,1279034.0,26204263.0,,30,30,30,30,0.04648369713079382,0.7087926826306912,1040329.6838749999,1218071.0248276668,2026-08-05,2026-09-03,fogo,Fogo,2026-08-05,2026-09-03,4020810.0,29.0,0.11977923535791837,0.07231755524861977,0.07873796864899833,0.030274758076521927,0.11977923535791837,0.07873796864899833,2026-07-22T11:05:00Z,2026-08-27T11:40:00Z,True,False,17.081432665419165,-3.2263844408107136,-3.0822753619150047,-0.1441090788957089,0.04585480158842244,200000000.0,-0.0176600843691269,-0.0779102193359529,True,True,10000
GALA,kept,kept_cap_le_cutoff,kept,kept_std_ge_cutoff,0.0469718977007977,0.2,0.0658238029701963,0.0649951352060935,0.0658238029701963,ok,7499247.0,25.0,2026-08-03T13:35:00Z,2026-08-27T11:40:00Z,90330530.0,0.06640851294365813,0.10245236165422444,False,ok,True,gala,GALA-USDT-SWAP,GALAUSDT,1e-06,1.0,1.0,1e-06,1.0,1.0,5,yes,GALA,markets_max_mcap,1,gala,29133967.0,90330530.0,,30,30,30,30,0.13265510874851946,1.356178891022686,5998716.170712499,11982806.280461403,2026-08-05,2026-09-03,gala,GALA,2026-08-05,2026-09-03,7921353.0,29.0,0.06193901542257807,0.10245236165422444,0.055951455345977466,0.05169344311437056,0.10245236165422444,0.055951455345977466,2026-07-22T11:05:00Z,2026-08-27T11:40:00Z,True,False,18.318986056483993,-2.7119300237347588,-3.471620462452572,0.7596904387178132,0.031066647514262986,200000000.0,-0.0595821008629542,-0.0603745292291266,True,True,10000
GAS,kept,kept_cap_le_cutoff,kept,kept_std_ge_cutoff,0.0469718977007977,0.2,0.1043419318295492,0.089740456672328,0.1043419318295492,ok,4415078.0,25.0,2026-08-03T13:35:00Z,2026-08-27T11:40:00Z,80845340.0,0.008289345664017246,0.3292759550561791,False,ok,True,gas,GAS-USDT-SWAP,GASUSDT,0.0001,1.0,1.0,0.0001,0.1,0.1,5,yes,Gas,markets_max_mcap,3,"gas,gas-2,gas-town",1761184.0,80845340.0,,30,30,30,30,0.02477529993231521,1.441222068072053,670154.9685849999,2002967.5466299995,2026-08-05,2026-09-03,gas,Gas,2026-08-05,2026-09-03,4603933.0,29.0,0.3292759550561791,0.015382311337951397,0.14978668457406027,-0.03851825917821552,0.3292759550561791,0.14978668457406027,2026-07-22T11:05:00Z,2026-08-27T11:40:00Z,True,True,18.208048504725785,-4.7927842437080015,-3.436718540196493,-1.3560657035115087,0.03217007712878406,200000000.0,0.0328623096170105,-0.1651183101761074,True,True,10000
GIGGLE,kept,kept_cap_le_cutoff,kept,kept_std_ge_cutoff,0.0469718977007977,0.2,0.1224150407128801,0.1111690941004694,0.1224150407128801,ok,6931744.0,25.0,2026-08-03T13:35:00Z,2026-08-27T11:40:00Z,38334097.0,0.4304404685812737,0.16104280077262667,False,ok,True,giggle-fund,GIGGLE-USDT-SWAP,GIGGLEUSDT,0.01,1.0,1.0,0.01,0.001,0.001,5,yes,Giggle Fund,markets_max_mcap,1,giggle-fund,10557534.0,38334097.0,,30,30,30,30,0.460800830995306,0.693030705296707,16500546.67532,17664383.753054664,2026-08-05,2026-09-03,giggle-fund,Giggle Fund,2026-08-05,2026-09-03,7085290.0,29.0,0.16104280077262667,0.14716366186269972,0.1055813685753709,0.026674965698919445,0.16104280077262667,0.1055813685753709,2026-07-22T11:05:00Z,2026-08-27T11:40:00Z,True,True,17.46185031920011,-0.8429462490405721,-3.201958076799868,2.359011827759296,0.04068246654393145,200000000.0,0.0053878825923507,-0.0866755255605914,True,True,10000
GLM,kept,kept_cap_le_cutoff,kept,kept_std_ge_cutoff,0.0469718977007977,0.2,0.0569930910131962,0.0569930910131962,0.050149597010367,ok,3940214.0,25.0,2026-08-03T13:35:00Z,2026-08-27T11:40:00Z,108295806.0,0.0036141950122703737,0.10970633832627769,False,ok,True,golem,GLM-USDT-SWAP,GLMUSDT,1e-05,1.0,1.0,1e-05,1.0,1.0,5,yes,Golem,markets_max_mcap,1,golem,7461312.0,108295806.0,,30,30,30,30,0.004542892123787941,0.5968723774041355,391402.161895,491976.16411666665,2026-08-05,2026-09-03,golem,Golem,2026-08-05,2026-09-03,4426068.0,29.0,0.10970633832627769,0.0001875180446193227,0.07882848967057536,-0.04038402379903027,0.10970633832627769,0.07882848967057536,2026-07-22T11:05:00Z,2026-08-27T11:40:00Z,True,False,18.500376985459585,-5.622886128038135,-3.5286876322316774,-2.0941984958064577,0.02934339994118386,200000000.0,-0.0098005511576962,-0.1194040959139067,True,True,10000
GMT,kept,kept_cap_le_cutoff,kept,kept_std_ge_cutoff,0.0469718977007977,0.2,0.057232735345108,0.057232735345108,0.0552618304084129,ok,3457139.0,25.0,2026-08-03T13:35:00Z,2026-08-27T11:40:00Z,23339479.0,0.06434873758548766,0.1063707334905664,False,ok,True,stepn,GMT-USDT-SWAP,GMTUSDT,1e-06,1.0,1.0,1e-06,1.0,1.0,5,yes,GMT,markets_max_mcap,1,stepn,13525356.0,23339479.0,,30,30,30,30,0.08443456912927377,0.8800688220058518,1501866.0095529999,1970658.8530667336,2026-08-05,2026-09-03,stepn,GMT,2026-08-05,2026-09-03,3793310.0,29.0,0.061837215648393624,0.1063707334905664,0.029585138338581996,0.05427717486911006,0.1063707334905664,0.05427717486911006,2026-07-22T11:05:00Z,2026-08-27T11:40:00Z,True,False,16.96565686237988,-2.7434379630735752,-3.045851283568484,0.3024133204949089,0.047555811270458215,200000000.0,-0.0507169343006029,-0.0351392809618735,True,True,10000
GMX,kept,kept_cap_le_cutoff,kept,kept_std_ge_cutoff,0.0469718977007977,0.2,0.0769690935449283,0.0769690935449283,0.0670027867576714,ok,3214363.0,25.0,2026-08-03T13:35:00Z,2026-08-27T11:40:00Z,76894457.0,0.0061114867124297395,0.13791311623699673,False,ok,True,gmx,GMX-USDT-SWAP,GMXUSDT,0.001,1.0,1.0,0.001,0.01,0.01,5,yes,GMX,markets_max_mcap,2,"gmx,general-motors-xstock",1727577.0,76894457.0,,30,30,30,30,0.007722624948722463,0.7336500247629182,469939.45221499994,593827.0520466666,2026-08-05,2026-09-03,gmx,GMX,2026-08-05,2026-09-03,3517711.0,29.0,0.13791311623699673,-0.013049144352727898,0.092617644032922,-0.05991901088929259,0.13791311623699673,0.092617644032922,2026-07-22T11:05:00Z,2026-08-27T11:40:00Z,True,False,18.157944351253754,-5.097585210940641,-3.420955336110298,-1.6766298748303434,0.03268119849169554,200000000.0,-0.0108094131629071,-0.1591527321726849,True,True,10000
GPS,kept,kept_cap_le_cutoff,kept,kept_std_ge_cutoff,0.0469718977007977,0.2,0.2020766500926755,0.2020766500926755,0.1670410662558006,ok,11329314.0,25.0,2026-08-03T13:35:00Z,2026-08-27T11:40:00Z,58387565.0,0.0997934911180146,0.3692091800128119,False,ok,True,goplus-security,GPS-USDT-SWAP,GPSUSDT,1e-06,1.0,1.0,1e-06,1.0,1.0,5,yes,GoPlus Security,markets_max_mcap,1,goplus-security,10908717.0,58387565.0,,30,30,30,30,0.5555150274211873,2.2727005105842535,5826698.94923,32435169.772031363,2026-08-05,2026-09-03,goplus-security,GoPlus Security,2026-08-05,2026-09-03,11633448.0,29.0,0.3692091800128119,0.2992779862306363,0.22969077116814648,0.21282372987071976,0.3692091800128119,0.22969077116814648,2026-07-22T11:05:00Z,2026-08-27T11:40:00Z,True,True,17.88261349704386,-2.3046523170499578,-3.334333845766994,1.0296815287170364,0.03563831892267873,200000000.0,-0.0758535820742174,-0.024247824140442,True,True,10000
GRAM,held_out,held_out_no_metrics,held_out,held_out_no_std,0.0469718977007977,0.2,0.0597895925359446,0.0597895925359446,0.0586402361244672,ok,5078760.0,25.0,2026-08-03T13:35:00Z,2026-08-27T11:40:00Z,,,0.13417446475327316,False,missing_market_cap,False,gram-2,GRAM-USDT-SWAP,GRAMUSDT,0.001,1.0,1.0,0.0001,0.1,0.1,5,no,,override,1,blockgram,,,override id not in top markets pages,30,0,30,0,,0.7641794779441148,10787875.222905,14090865.005552333,2026-08-05,2026-09-03,gram-2,,2026-08-05,2026-09-03,5612714.0,29.0,0.13417446475327316,0.0009170032453468189,0.0723694616108021,-0.013992954506729691,0.13417446475327316,0.0723694616108021,2026-07-22T11:05:00Z,2026-08-27T11:40:00Z,True,False,,,,,,200000000.0,-0.0154135297889633,-0.1135436090044714,True,True,10000
GRASS,dropped,dropped_large_cap,kept,kept_std_ge_cutoff,0.0469718977007977,0.2,0.065244167418178,0.065244167418178,0.0637877939583484,ok,6069390.0,25.0,2026-08-03T13:35:00Z,2026-08-27T11:40:00Z,238427052.0,0.020744097230816744,0.15587205645161323,False,ok,True,grass,GRASS-USDT-SWAP,GRASSUSDT,0.0001,1.0,1.0,1e-05,1.0,1.0,5,yes,Grass,markets_max_mcap,2,"grass,grass-2",11881898.0,238427052.0,,30,30,30,30,0.038545713987650485,1.0263738026480467,4945953.949145,9190340.953310667,2026-08-05,2026-09-03,grass,Grass,2026-08-05,2026-09-03,6587104.0,29.0,0.014626266666663302,0.15587205645161323,-0.026874861586060228,0.10966791770737436,0.15587205645161323,0.10966791770737436,2026-07-22T11:05:00Z,2026-08-27T11:40:00Z,True,True,19.28957395987224,-3.875493543578936,-3.7769758899869688,-0.0985176535919674,0.022891814219544625,200000000.0,-0.1154548688595485,0.0081684218012296,True,True,10000
GRT,kept,kept_cap_le_cutoff,kept,kept_std_ge_cutoff,0.0469718977007977,0.2,0.0716014554854293,0.069456191062541,0.0716014554854293,ok,3517995.0,25.0,2026-08-03T13:35:00Z,2026-08-27T11:40:00Z,189171754.0,0.006209522382535504,0.07624952106336629,False,ok,True,the-graph,GRT-USDT-SWAP,GRTUSDT,1e-05,1.0,1.0,1e-05,0.1,0.1,5,yes,The Graph,markets_max_mcap,1,the-graph,20991793.0,189171754.0,,30,30,30,30,0.006657489541082862,0.5406015830180491,1174666.2406065,1259408.9737232998,2026-08-05,2026-09-03,the-graph,The Graph,2026-08-05,2026-09-03,3732107.0,29.0,0.07624952106336629,0.060362057840559986,0.06701211732174614,0.000659104449095138,0.07624952106336629,0.06701211732174614,2026-07-22T11:05:00Z,2026-08-27T11:40:00Z,True,False,19.05816591168217,-5.081671297019433,-3.7041728978588937,-1.3774983991605394,0.024620572676894274,200000000.0,-0.0551130292137052,-0.1117657082194775,True,True,10000
H,kept,kept_cap_le_cutoff,kept,kept_std_ge_cutoff,0.0469718977007977,0.2,0.1412526146486617,0.1361613375819106,0.1412526146486617,ok,16600793.0,25.0,2026-08-03T13:35:00Z,2026-08-27T11:40:00Z,157279114.0,0.0596783739216003,0.21002261319237056,False,ok,True,humanity,H-USDT-SWAP,HUSDT,1e-05,0.1,0.1,1e-05,10.0,10.0,5,yes,Humanity,markets_max_mcap,3,"humanity,h,h-2",6526942.0,157279114.0,,30,30,30,30,0.1884704470559263,1.6042544236686445,9386161.77535,29642464.92814,2026-08-05,2026-09-03,humanity,Humanity,2026-08-05,2026-09-03,17224262.0,29.0,0.15329125986471298,0.21002261319237056,0.06938454776372208,0.1398081360490238,0.21002261319237056,0.1398081360490238,2026-07-22T11:05:00Z,2026-08-27T11:40:00Z,True,True,18.87353258108175,-2.8187855700798066,-3.6460856402227986,0.827300070142992,0.026093066788674242,200000000.0,-0.0712229549824497,-0.0047835944295648,True,True,10000
HBAR,dropped,dropped_large_cap,dropped,dropped_low_vol,0.0469718977007977,0.2,0.0295021080652901,0.0295021080652901,0.0293338471231672,ok,9193285.0,25.0,2026-08-03T13:35:00Z,2026-08-27T11:40:00Z,3484745349.0,0.002899658509356978,0.05005066261574138,False,ok,True,hedera-hashgraph,HBAR-USDT-SWAP,HBARUSDT,1e-05,0.1,0.1,1e-05,1.0,1.0,5,no,Hedera,markets_max_mcap,1,hedera-hashgraph,74899145.0,3484745349.0,,30,30,30,30,0.004208328528463826,0.7620234839454939,10104571.50417,14664953.266628336,2026-08-05,2026-09-03,hedera-hashgraph,Hedera,2026-08-05,2026-09-03,10166456.0,29.0,0.04356817314411724,0.05005066261574138,0.024807075152336277,0.02916011436134094,0.05005066261574138,0.02916011436134094,2026-07-22T11:05:00Z,2026-08-27T11:40:00Z,True,False,21.97166080790088,-5.843162304317565,-4.620783826707732,-1.2223784776098334,0.009845076202399659,200000000.0,-0.0192086899356401,-0.0094636436232565,True,True,10000
HMSTR,kept,kept_cap_le_cutoff,kept,kept_std_ge_cutoff,0.0469718977007977,0.2,0.2484485360315241,0.2484485360315241,0.2272996183658897,ok,3848330.0,25.0,2026-08-03T13:35:00Z,2026-08-27T11:40:00Z,11425186.0,0.14091089211930555,0.24468435246317977,False,ok,True,hamster-kombat,HMSTR-USDT-SWAP,HMSTRUSDT,1e-07,1.0,1.0,1e-07,10.0,10.0,5,yes,Hamster Kombat,markets_max_mcap,1,hamster-kombat,4577266.0,11425186.0,,30,30,30,30,0.32794614893657453,1.1429297948419492,1609933.151889,3746845.7495840667,2026-08-05,2026-09-03,hamster-kombat,Hamster Kombat,2026-08-05,2026-09-03,4181952.0,29.0,0.1104938357289527,0.24468435246317977,0.05513027255946874,0.15983386109897119,0.24468435246317977,0.15983386109897119,2026-07-22T11:05:00Z,2026-08-27T11:40:00Z,True,True,16.25133077469955,-1.959627559166746,-2.8211180603940056,0.8614905012272596,0.05953933690674228,200000000.0,-0.0989465958638188,-0.0317065866032259,True,True,10000
HOME,kept,kept_cap_le_cutoff,kept,kept_std_ge_cutoff,0.0469718977007977,0.2,0.4148274014997165,0.4006642071298167,0.4148274014997165,ok,14984743.0,25.0,2026-08-03T13:35:00Z,2026-08-27T11:40:00Z,26374116.0,0.7431211641736163,2.1777760765550207,True,ok,True,home,HOME-USDT-SWAP,HOMEUSDT,1e-05,1.0,1.0,1e-06,10.0,10.0,5,yes,HOME,markets_max_mcap,2,"home,hood-of-meme",10682977.0,26374116.0,,30,30,30,30,1.2075979678391877,1.0800900115623344,19599163.785970002,31849328.885155004,2026-08-05,2026-09-03,home,HOME,2026-08-05,2026-09-03,15975681.0,29.0,2.1777760765550207,-0.010735056051680977,1.0488877697841723,-0.06306048751651772,2.1777760765550207,1.0488877697841723,2026-07-22T11:05:00Z,2026-08-27T11:40:00Z,True,True,17.087893632611134,-0.2968961733016439,-3.0843080385971504,2.7874118652955064,0.045761688269165934,200000000.0,0.3279097504582295,-0.3707523200710618,True,True,10000
HUMA,kept,kept_cap_le_cutoff,kept,kept_std_ge_cutoff,0.0469718977007977,0.2,0.068718815771347,0.067151160647748,0.068718815771347,ok,2760742.0,25.0,2026-08-03T13:35:00Z,2026-08-27T11:40:00Z,37865856.0,0.03270594734858232,0.11697500359453714,False,ok,True,huma-finance,HUMA-USDT-SWAP,HUMAUSDT,1e-05,1.0,1.0,1e-06,1.0,1.0,5,yes,Huma Finance,markets_max_mcap,1,huma-finance,5767658.0,37865856.0,,30,30,30,30,0.0769742215693843,1.3162913363112718,1238438.692645,2914694.7896584,2026-08-05,2026-09-03,huma-finance,Huma Finance,2026-08-05,2026-09-03,2970878.0,29.0,0.11697500359453714,0.04695716867469934,0.0669909391534392,0.0008266131316362833,0.11697500359453714,0.0669909391534392,2026-07-22T11:05:00Z,2026-08-27T11:40:00Z,True,False,17.44956036690335,-3.4201983415129478,-3.19809155051734,-0.22210679099560782,0.04084007086433617,200000000.0,-0.0509284432825377,-0.0922862970872616,True,True,10000
HYPE,dropped,dropped_large_cap,dropped,dropped_low_vol,0.0469718977007977,0.2,0.0243283212794458,0.0243283212794458,0.0242872597381045,ok,28770975.0,25.0,2026-08-03T13:35:00Z,2026-08-27T11:40:00Z,18752905783.0,0.01883642431383936,0.05917762214526488,False,ok,True,hyperliquid,HYPE-USDT-SWAP,HYPEUSDT,0.001,1.0,1.0,0.001,0.01,0.01,5,no,Hyperliquid,override,5,"hyperliquid,hype-3,hyperbolic-protocol,superrarebears-hype,wormhole-bridged-hype",1418113836.0,18752905783.0,,30,30,30,30,0.03088266951798128,0.7702642937946583,353237690.44604003,579139791.798229,2026-08-05,2026-09-03,hyperliquid,Hyperliquid,2026-08-05,2026-09-03,31645658.0,29.0,0.05917762214526488,0.04479935003573417,0.03395334421829158,0.027315736605365598,0.05917762214526488,0.03395334421829158,2026-07-22T11:05:00Z,2026-08-27T11:40:00Z,True,False,23.654614552448766,-3.9719628201058073,-5.150255766748456,1.178292946642649,0.005797921621624761,200000000.0,-0.0069738822448467,-0.0069779716328954,True,True,10000
ICP,dropped,dropped_large_cap,kept,kept_std_ge_cutoff,0.0469718977007977,0.2,0.0500250362376798,0.0494241896437748,0.0500250362376798,ok,6830361.0,25.0,2026-08-03T13:35:00Z,2026-08-27T11:40:00Z,1408448650.0,0.0087844348302084,0.04597391020864321,False,ok,True,internet-computer,ICP-USDT-SWAP,ICPUSDT,0.001,1.0,1.0,0.001,0.1,0.1,5,no,Internet Computer,markets_max_mcap,1,internet-computer,44162850.0,1408448650.0,,30,30,30,30,0.010424806350067739,0.5362908162394128,12372425.37762,14682804.430264335,2026-08-05,2026-09-03,internet-computer,Internet Computer,2026-08-05,2026-09-03,7375851.0,29.0,0.04597391020864321,0.04498124075248356,0.0009795228550885655,0.041040441409584544,0.04597391020864321,0.041040441409584544,2026-07-22T11:05:00Z,2026-08-27T11:40:00Z,True,False,21.065754687392122,-4.734773892911893,-4.33577785273226,-0.3989960401796333,0.013091686707095089,200000000.0,-0.0495962295404734,-0.042250641958152,True,True,10000
ICX,kept,kept_cap_le_cutoff,kept,kept_std_ge_cutoff,0.0469718977007977,0.2,0.1580974387923997,0.1580974387923997,0.1397026058442753,ok,1825025.0,25.0,2026-08-03T13:35:00Z,2026-08-27T11:40:00Z,10198890.0,0.0875209716130873,0.267822932888395,False,ok,True,icon,ICX-USDT-SWAP,ICXUSDT,1e-05,1.0,1.0,1e-05,1.0,1.0,5,yes,ICON,markets_max_mcap,1,icon,391285.0,10198890.0,,30,30,30,30,0.09342615149848006,0.7392220795028908,892616.762175,952843.0422563333,2026-08-05,2026-09-03,icon,ICON,2026-08-05,2026-09-03,1945856.0,29.0,0.267822932888395,0.17031611111111084,0.14415956221198162,0.04987186488673195,0.267822932888395,0.14415956221198162,2026-07-22T11:05:00Z,2026-08-27T11:40:00Z,True,True,16.137789448803378,-2.4358768387580305,-2.785396968063454,0.3495201293054233,0.06170458941713127,200000000.0,-0.0328209421900517,-0.1712090629161251,True,True,10000
IMX,kept,kept_cap_le_cutoff,kept,kept_std_ge_cutoff,0.0469718977007977,0.2,0.0787674853567098,0.0787674853567098,0.0722178715515699,ok,3125947.0,25.0,2026-08-03T13:35:00Z,2026-08-27T11:40:00Z,112626660.0,0.008825678998795668,0.1000336255466284,False,ok,True,immutable-x,IMX-USDT-SWAP,IMXUSDT,0.0001,1.0,1.0,1e-05,0.1,0.1,5,yes,Immutable,markets_max_mcap,1,immutable-x,14005840.0,112626660.0,,30,30,30,30,0.014054175008090744,0.8724910194332588,994006.7478664999,1582874.7902167335,2026-08-05,2026-09-03,immutable-x,Immutable,2026-08-05,2026-09-03,3340937.0,29.0,0.027135403450195755,0.1000336255466284,-0.009666425304878047,0.07949186668969124,0.1000336255466284,0.07949186668969124,2026-07-22T11:05:00Z,2026-08-27T11:40:00Z,True,False,18.539589012962846,-4.730089738749088,-3.541024078401004,-1.189065660348084,0.028983630369067495,200000000.0,-0.1428311259127747,-0.05232841278374,True,True,10000
INIT,kept,kept_cap_le_cutoff,kept,kept_std_ge_cutoff,0.0469718977007977,0.2,0.0684093844104824,0.0683860531822679,0.0684093844104824,ok,2488445.0,25.0,2026-08-03T13:35:00Z,2026-08-27T11:40:00Z,12854609.0,0.03605935478667613,0.0883081963288116,False,ok,True,initia,INIT-USDT-SWAP,INITUSDT,1e-05,1.0,1.0,1e-05,1.0,1.0,5,yes,Initia,markets_max_mcap,2,"initia,init",4055526.0,12854609.0,,30,30,30,30,0.041981325339287515,0.569974087251528,463528.90657500003,539653.5225383333,2026-08-05,2026-09-03,initia,Initia,2026-08-05,2026-09-03,2679884.0,29.0,0.0003150434653389981,0.0883081963288116,-0.05742298889037626,0.039027860801729146,0.0883081963288116,0.039027860801729146,2026-07-22T11:05:00Z,2026-08-27T11:40:00Z,True,False,16.36921298203907,-3.322588954138088,-2.8582048319220643,-0.4643841222160239,0.05737165964896925,200000000.0,-0.1707691856991048,-0.0569106797229957,True,True,10000
INJ,dropped,dropped_large_cap,dropped,dropped_low_vol,0.0469718977007977,0.2,0.0369410881827133,0.0367990329542885,0.0369410881827133,ok,8925133.0,25.0,2026-08-03T13:35:00Z,2026-08-27T11:40:00Z,506183857.0,0.03357895507777918,0.06492559053028243,False,ok,True,injective-protocol,INJ-USDT-SWAP,INJUSDT,0.001,1.0,1.0,0.001,0.1,0.1,5,yes,Injective,markets_max_mcap,1,injective-protocol,59986871.0,506183857.0,,30,30,30,30,0.0379166886494894,0.5217768607507419,16997124.995300002,19192815.705266666,2026-08-05,2026-09-03,injective-protocol,Injective,2026-08-05,2026-09-03,9735081.0,29.0,0.06492559053028243,0.05265036324903078,0.04161514484781814,0.02327477740192078,0.06492559053028243,0.04161514484781814,2026-07-22T11:05:00Z,2026-08-27T11:40:00Z,True,False,20.042410515009692,-3.393855745214779,-4.013824842415715,0.6199690972009355,0.018064170329133305,200000000.0,-0.0203183464223125,-0.0275058851819219,True,True,10000
IOST,kept,kept_cap_le_cutoff,kept,kept_std_ge_cutoff,0.0469718977007977,0.2,0.0799756094855712,0.0799756094855712,0.0775308145948236,ok,2424007.0,25.0,2026-08-03T13:35:00Z,2026-08-27T11:40:00Z,21934705.0,0.01640556385306071,0.22560192592592465,False,ok,True,iostoken,IOST-USDT-SWAP,IOSTUSDT,1e-07,1.0,1.0,1e-07,1.0,1.0,5,yes,IOST,markets_max_mcap,1,iostoken,4494683.0,21934705.0,,30,30,30,30,0.023857008097798286,0.7562951014745039,359851.20347555005,523296.4348078167,2026-08-05,2026-09-03,iostoken,IOST,2026-08-05,2026-09-03,2650375.0,29.0,0.22560192592592465,-0.06773902194357356,0.16475801743361096,-0.11663372876244027,0.22560192592592465,0.16475801743361096,2026-07-22T11:05:00Z,2026-08-27T11:40:00Z,True,True,16.903580643665936,-4.110134742354449,-3.0263215632423357,-1.0838131791121137,0.04849369142344931,200000000.0,0.0397160181702525,-0.2288223050955063,True,True,10000
IOTA,kept,kept_cap_le_cutoff,kept,kept_std_ge_cutoff,0.0469718977007977,0.2,0.0510680418398367,0.045965595878895,0.0510680418398367,ok,3211466.0,25.0,2026-08-03T13:35:00Z,2026-08-27T11:40:00Z,188891970.0,0.006310975900481635,0.11342851337448556,False,ok,True,iota,IOTA-USDT-SWAP,IOTAUSDT,1e-05,1.0,1.0,1e-05,0.1,0.1,5,yes,IOTA,markets_max_mcap,1,iota,14555538.0,188891970.0,,30,30,30,30,0.007940278960402959,0.6848033774718009,1192092.6704645,1499854.9351800669,2026-08-05,2026-09-03,iota,IOTA,2026-08-05,2026-09-03,3454698.0,29.0,0.11342851337448556,-0.02808948287491612,0.08623170438472434,-0.05683765638575171,0.11342851337448556,0.08623170438472434,2026-07-22T11:05:00Z,2026-08-27T11:40:00Z,True,False,19.056685822304033,-5.065464955040212,-3.7037072488195104,-1.3617577062207014,0.02463203989255211,200000000.0,0.0109287759890722,-0.1310961105422522,True,True,10000
IRYS,kept,kept_cap_le_cutoff,kept,kept_std_ge_cutoff,0.0469718977007977,0.2,0.1130757645460419,0.1085786634879978,0.1130757645460419,ok,4825357.0,25.0,2026-08-03T13:35:00Z,2026-08-27T11:40:00Z,27605699.0,0.026333924081944092,0.2702300702811247,False,ok,True,irys,IRYS-USDT-SWAP,IRYSUSDT,1e-05,1.0,1.0,1e-06,10.0,10.0,5,yes,Irys,markets_max_mcap,1,irys,1461230.0,27605699.0,,30,30,30,30,0.031806323823920075,0.6179861345211761,726966.381695,878035.8017796666,2026-08-05,2026-09-03,irys,Irys,2026-08-05,2026-09-03,5010786.0,29.0,0.1017666315789486,0.2702300702811247,0.012289484002509704,0.17977875942628996,0.2702300702811247,0.17977875942628996,2026-07-22T11:05:00Z,2026-08-27T11:40:00Z,True,True,17.133532794879425,-3.6368972819433045,-3.098666517471754,-0.5382307644715505,0.045109314788367605,200000000.0,-0.1996659889433167,0.0198176542424145,True,True,10000
JELLYJELLY,kept,kept_cap_le_cutoff,kept,kept_std_ge_cutoff,0.0469718977007977,0.2,0.0681728760272382,0.0605239038777986,0.0681728760272382,ok,3205321.0,25.0,2026-08-03T13:35:00Z,2026-08-27T11:40:00Z,56780790.0,0.012374387313561507,0.1258811036367454,False,ok,True,jelly-my-jelly,JELLYJELLY-USDT-SWAP,JELLYJELLYUSDT,1e-05,1.0,1.0,1e-05,1.0,1.0,5,yes,Jelly-My-Jelly,markets_max_mcap,1,jelly-my-jelly,4072480.0,56780790.0,,30,30,30,30,0.014424467060185908,0.6021302510358412,702627.48743,819032.6350063335,2026-08-05,2026-09-03,jelly-my-jelly,Jelly-My-Jelly,2026-08-05,2026-09-03,3569260.0,29.0,0.1258811036367454,0.0007517667881672599,0.08560477061343973,-0.03566118554379623,0.1258811036367454,0.08560477061343973,2026-07-22T11:05:00Z,2026-08-27T11:40:00Z,True,False,17.85470862226208,-4.392126481768276,-3.325554728554078,-1.0665717532141983,0.035952569303891256,200000000.0,-0.0250627805910138,-0.1439817331732152,True,True,10000
JTO,dropped,dropped_large_cap,dropped,dropped_low_vol,0.0469718977007977,0.2,0.0417375138435398,0.0417375138435398,0.0413105127934788,ok,7264926.0,25.0,2026-08-03T13:35:00Z,2026-08-27T11:40:00Z,233929985.0,0.055485696971275394,0.057628514814115905,False,ok,True,jito-governance-token,JTO-USDT-SWAP,JTOUSDT,0.0001,1.0,1.0,0.0001,0.1,0.1,5,yes,Jito,markets_max_mcap,1,jito-governance-token,39250935.0,233929985.0,,30,30,30,30,0.05723129089274725,0.37943644079150973,12979768.260205,13388115.020071,2026-08-05,2026-09-03,jito-governance-token,Jito,2026-08-05,2026-09-03,8061751.0,29.0,0.057628514814115905,0.049751595778297825,0.035643803553500754,0.020707942678558255,0.057628514814115905,0.035643803553500754,2026-07-22T11:05:00Z,2026-08-27T11:40:00Z,True,False,19.270532419148203,-2.8916300036725233,-3.7709852550445753,0.879355251372052,0.02302936231054623,200000000.0,-0.0185239216091663,-0.0354232074726002,True,True,10000
JUP,dropped,dropped_large_cap,kept,kept_std_ge_cutoff,0.0469718977007977,0.2,0.0471491515477929,0.0471491515477929,0.0461735422771435,ok,6481103.0,25.0,2026-08-03T13:35:00Z,2026-08-27T11:40:00Z,787550736.0,0.007433504479532352,0.06079486745587919,False,ok,True,jupiter-exchange-solana,JUP-USDT-SWAP,JUPUSDT,0.0001,1.0,1.0,1e-05,1.0,1.0,5,no,Jupiter,markets_max_mcap,2,"jupiter-exchange-solana,jupiter",73111776.0,787550736.0,,30,30,30,30,0.009954142578894964,0.6552486255928903,5854261.923915001,7839392.3142576665,2026-08-05,2026-09-03,jupiter-exchange-solana,Jupiter,2026-08-05,2026-09-03,7172695.0,29.0,0.06079486745587919,0.04471829085872579,0.04749043241238077,0.0007898105693611257,0.06079486745587919,0.04749043241238077,2026-07-22T11:05:00Z,2026-08-27T11:40:00Z,True,False,20.48443835325542,-4.901757865296891,-4.152890659183511,-0.7488672061133803,0.01571891272917991,200000000.0,-0.0292577608744738,-0.0808892214206565,True,True,10000
KAITO,kept,kept_cap_le_cutoff,kept,kept_std_ge_cutoff,0.0469718977007977,0.2,0.4277401580161928,0.4260598047809863,0.4277401580161928,ok,15719809.0,25.0,2026-08-03T13:35:00Z,2026-08-27T11:40:00Z,73395227.0,0.5004410598484831,1.6194729745596899,True,ok,True,kaito,KAITO-USDT-SWAP,KAITOUSDT,0.0001,1.0,1.0,0.0001,1.0,1.0,5,yes,KAITO,markets_max_mcap,1,kaito,12545472.0,73395227.0,,30,30,30,30,0.6136830036151623,0.9936564053773453,36729985.1877,45041403.356376655,2026-08-05,2026-09-03,kaito,KAITO,2026-08-05,2026-09-03,17547832.0,29.0,1.6194729745596899,0.04168822320462781,1.0914938892640111,0.0007185488180556801,1.6194729745596899,1.0914938892640111,2026-07-22T11:05:00Z,2026-08-27T11:40:00Z,True,True,18.111369464222424,-0.6922654497019075,-3.406302470056466,2.7140370203545583,0.03316359734743259,200000000.0,0.268478282618734,-0.3237731718740539,True,True,10000
KAT,kept,kept_cap_le_cutoff,kept,kept_std_ge_cutoff,0.0469718977007977,0.2,0.0927947793833095,0.0861543662555613,0.0927947793833095,ok,2326754.0,25.0,2026-08-03T13:35:00Z,2026-08-27T11:40:00Z,14463794.0,0.06560216759828023,0.25844584530386777,False,ok,True,katana-network-token,KAT-USDT-SWAP,KATUSDT,1e-06,1.0,1.0,1e-06,10.0,10.0,5,yes,Katana,markets_max_mcap,3,"katana-network-token,karat,nearkat",3084579.0,14463794.0,,30,30,30,30,0.07860375911142908,0.5434031228624517,948856.238095,1136908.5794133332,2026-08-05,2026-09-03,katana-network-token,Katana,2026-08-05,2026-09-03,2532652.0,29.0,0.25844584530386777,0.10454029506752854,0.1916646736749893,0.0007013151257472445,0.25844584530386777,0.1916646736749893,2026-07-22T11:05:00Z,2026-08-27T11:40:00Z,True,True,16.487159119256035,-2.7241465409212795,-2.895311716347668,0.17116517542638832,0.05528179017090258,200000000.0,0.045356367828516,-0.1797022326059877,True,True,10000
KGEN,kept,kept_cap_le_cutoff,kept,kept_std_ge_cutoff,0.0469718977007977,0.2,0.1100284120996968,0.1100284120996968,0.1052406650330356,ok,3476481.0,25.0,2026-08-03T13:35:00Z,2026-08-27T11:40:00Z,34042783.0,0.02992950771562948,0.27040543991416327,False,ok,True,kgen,KGEN-USDT-SWAP,KGENUSDT,0.0001,1.0,1.0,1e-05,1.0,1.0,5,yes,KGeN,markets_max_mcap,1,kgen,2000155.0,34042783.0,,30,30,30,30,0.08088734710458309,1.8472835037734319,1018883.73646,2753630.4049270004,2026-08-05,2026-09-03,kgen,KGeN,2026-08-05,2026-09-03,3612714.0,29.0,0.27040543991416327,0.0001060568110263256,0.18177533557047013,-0.09137071180555544,0.27040543991416327,0.18177533557047013,2026-07-22T11:05:00Z,2026-08-27T11:40:00Z,True,True,17.343128615084304,-3.5089104051101483,-3.1646071922572725,-0.3443032128528758,0.04223072711306731,200000000.0,0.0174946736775542,-0.2511523841632163,True,True,10000
KITE,dropped,dropped_large_cap,kept,kept_std_ge_cutoff,0.0469718977007977,0.2,0.0827764321593925,0.0827764321593925,0.0827495901555686,ok,3693204.0,25.0,2026-08-03T13:35:00Z,2026-08-27T11:40:00Z,322373609.0,0.006103493759875362,0.20970495965572913,False,ok,True,kite-2,KITE-USDT-SWAP,KITEUSDT,1e-05,1.0,1.0,1e-05,1.0,1.0,5,yes,Kite,markets_max_mcap,2,"kite-2,kite",16286031.0,322373609.0,,30,30,30,30,0.008598601170690123,1.0449456388867493,1967605.31088,2771962.0917470003,2026-08-05,2026-09-03,kite-2,Kite,2026-08-05,2026-09-03,4554149.0,29.0,0.20970495965572913,0.01787219072847723,0.14406438356164383,-0.029127768540073068,0.20970495965572913,0.14406438356164383,2026-07-22T11:05:00Z,2026-08-27T11:40:00Z,True,True,19.591221707305756,-5.09889392423958,-3.8718769046820842,-1.227017019557496,0.020819256970636472,200000000.0,0.0184402631214459,-0.1664539033818796,True,True,10000
KMNO,kept,kept_cap_le_cutoff,kept,kept_std_ge_cutoff,0.0469718977007977,0.2,0.210186761784803,0.1789849898716036,0.210186761784803,ok,3253798.0,25.0,2026-08-03T13:35:00Z,2026-08-27T11:40:00Z,135620964.0,0.006724030437506697,0.5745451587301588,True,ok,True,kamino,KMNO-USDT-SWAP,KMNOUSDT,1e-05,1.0,1.0,1e-05,10.0,10.0,5,yes,Kamino,markets_max_mcap,1,kamino,5142285.0,135620964.0,,30,30,30,30,0.018396480695958877,1.2880752882915778,911919.4899,2494948.446193333,2026-08-05,2026-09-03,kamino,Kamino,2026-08-05,2026-09-03,3370932.0,29.0,0.5745451587301588,0.03775538142981729,0.25478704646721867,-0.03774398494438047,0.5745451587301588,0.25478704646721867,2026-07-22T11:05:00Z,2026-08-27T11:40:00Z,True,True,18.72537452329086,-5.002067536749598,-3.5994738218378064,-1.4025937149117915,0.027338103376487816,200000000.0,0.0328262580243782,-0.1857804811039722,True,True,10000
KSM,kept,kept_cap_le_cutoff,kept,kept_std_ge_cutoff,0.0469718977007977,0.2,0.0488842585639364,0.04849391943642,0.0488842585639364,ok,2744099.0,25.0,2026-08-03T13:35:00Z,2026-08-27T11:40:00Z,68905844.0,0.015131070934418858,0.09567967983992023,False,ok,True,kusama,KSM-USDT-SWAP,KSMUSDT,0.001,1.0,1.0,0.001,0.01,0.01,5,yes,Kusama,markets_max_mcap,1,kusama,14507202.0,68905844.0,,30,30,30,30,0.01757876686900461,0.617239844539077,1042619.2133599999,1211279.7675880003,2026-08-05,2026-09-03,kusama,Kusama,2026-08-05,2026-09-03,2908893.0,29.0,0.03130027886497107,0.09567967983992023,0.00046764879070045783,0.03536618640959809,0.09567967983992023,0.03536618640959809,2026-07-22T11:05:00Z,2026-08-27T11:40:00Z,True,False,18.048251550964643,-4.191004971504469,-3.3864450235329446,-0.8045599479715246,0.033828723708047646,200000000.0,-0.0736451212790989,-0.0358298197987591,True,True,10000
LA,kept,kept_cap_le_cutoff,kept,kept_std_ge_cutoff,0.0469718977007977,0.2,0.1319905421487699,0.1319905421487699,0.1209303925878231,ok,6352374.0,25.0,2026-08-03T13:35:00Z,2026-08-27T11:40:00Z,12189314.0,0.5703740543279958,0.3834888456189158,False,ok,True,lagrange,LA-USDT-SWAP,LAUSDT,1e-05,1.0,1.0,1e-05,0.1,0.1,5,yes,Lagrange,override,2,"lagrange,latoken",16722541.0,12189314.0,,30,30,30,30,0.7498276041944008,1.0932423367936048,6952468.445657,9139884.113393268,2026-08-05,2026-09-03,lagrange,Lagrange,2026-08-05,2026-09-03,7935505.0,29.0,0.3834888456189158,0.0795924201364853,0.2130094766987773,0.03565737188236731,0.3834888456189158,0.2130094766987773,2026-07-22T11:05:00Z,2026-08-27T11:40:00Z,True,True,16.316070224238153,-0.5614628977188582,-2.841485656387311,2.280022758668453,0.05833892994659072,200000000.0,0.0119286704349968,-0.0967115285567167,True,True,10000
LAB,kept,kept_cap_le_cutoff,kept,kept_std_ge_cutoff,0.0469718977007977,0.2,0.1173557603740039,0.1122098140259771,0.1173557603740039,ok,13868252.0,25.0,2026-08-03T13:35:00Z,2026-08-27T11:40:00Z,55876381.0,0.2749128941282901,0.18754751252783972,False,ok,True,lab,LAB-USDT-SWAP,LABUSDT,0.0001,0.1,0.1,0.001,1.0,1.0,5,yes,LAB,markets_max_mcap,3,"lab,labs-on-gold,the-professor",8541881.0,55876381.0,,30,30,30,30,0.3051984322475358,0.6292639065976351,15361137.614125002,17053383.880866,2026-08-05,2026-09-03,lab,LAB,2026-08-05,2026-09-03,15244468.0,29.0,0.18754751252783972,0.0679634322033895,0.11400900904363047,0.0007082817679673235,0.18754751252783972,0.11400900904363047,2026-07-22T11:05:00Z,2026-08-27T11:40:00Z,True,True,17.838652326476243,-1.2913009801154065,-3.3205032777301104,2.029202297614704,0.03613464141672397,200000000.0,-0.0400414348618939,-0.1294985245032092,True,True,10000
LDO,dropped,dropped_large_cap,dropped,dropped_low_vol,0.0469718977007977,0.2,0.0396078503032352,0.0384754961381284,0.0396078503032352,ok,7411408.0,25.0,2026-08-03T13:35:00Z,2026-08-27T11:40:00Z,330368613.0,0.02327206946920227,0.05432848077725917,False,ok,True,lido-dao,LDO-USDT-SWAP,LDOUSDT,0.0001,1.0,1.0,0.0001,0.1,0.1,5,yes,Lido DAO,markets_max_mcap,2,"lido-dao,linea-bridged-ldo-linea",46097156.0,330368613.0,,30,30,30,30,0.029353268390518484,0.5353448592914102,7688361.31218,9697398.565192332,2026-08-05,2026-09-03,lido-dao,Lido DAO,2026-08-05,2026-09-03,8269287.0,29.0,0.049359028147931715,0.05432848077725917,0.027839695833238007,0.027807700786879285,0.05432848077725917,0.027839695833238007,2026-07-22T11:05:00Z,2026-08-27T11:40:00Z,True,False,19.61571959812523,-3.7605013726956225,-3.879584154997854,0.11908278230223157,0.0206594145099454,200000000.0,-0.040848248828515,-0.0302400579591932,True,True,10000
LIGHT,kept,kept_cap_le_cutoff,kept,kept_std_ge_cutoff,0.0469718977007977,0.2,0.1117822076569692,0.1107601815210681,0.1117822076569692,ok,5074631.0,25.0,2026-08-03T13:35:00Z,2026-08-27T11:40:00Z,7631601.0,0.4357709628451487,0.1442974639482845,False,ok,True,bitlight,LIGHT-USDT-SWAP,LIGHTUSDT,0.0001,1.0,1.0,0.0001,1.0,1.0,5,yes,Bitlight,markets_max_mcap,5,"bitlight,arcturian-ai-by-virtuals,heaven,light-defi,lightning-protocol",2158293.0,7631601.0,,30,30,30,30,0.9375216774139967,1.6121927861808283,3325630.11582,7154791.370874333,2026-08-05,2026-09-03,bitlight,Bitlight,2026-08-05,2026-09-03,5321181.0,29.0,0.1321930538922157,0.1442974639482845,0.05229119100357808,0.07640061565523336,0.1442974639482845,0.07640061565523336,2026-07-22T11:05:00Z,2026-08-27T11:40:00Z,True,False,15.847808210869406,-0.8306384882344915,-2.6941663391042745,1.863527850869783,0.06759871269389386,200000000.0,-0.1025271115363544,-0.082688436341539,True,True,10000
LINEA,kept,kept_cap_le_cutoff,kept,kept_std_ge_cutoff,0.0469718977007977,0.2,0.0549300455269519,0.0549300455269519,0.052881501007806,ok,2867776.0,25.0,2026-08-03T13:35:00Z,2026-08-27T11:40:00Z,64260818.0,0.018546694760016906,0.0799357709461613,False,ok,True,linea,LINEA-USDT-SWAP,LINEAUSDT,1e-06,1.0,1.0,1e-06,10.0,10.0,5,yes,Linea,markets_max_mcap,1,linea,8529974.0,64260818.0,,30,30,30,30,0.02184049783387445,0.5647195688788826,1191825.7764750002,1403488.256332,2026-08-05,2026-09-03,linea,Linea,2026-08-05,2026-09-03,3110624.0,29.0,0.04643710990415326,0.0799357709461613,0.03930445028208069,0.04212270658560605,0.0799357709461613,0.04212270658560605,2026-07-22T11:05:00Z,2026-08-27T11:40:00Z,True,False,17.978460641107226,-3.9874636858576413,-3.3644881940246325,-0.6229754918330088,0.03457970969182623,200000000.0,-0.0531877340691466,-0.0472805736183201,True,True,10000
LINK,dropped,dropped_large_cap,dropped,dropped_low_vol,0.0469718977007977,0.2,0.0194147553183234,0.0189055475169084,0.0194147553183234,ok,18918680.0,25.0,2026-08-03T13:35:00Z,2026-08-27T11:40:00Z,8825214920.0,0.010117903057294611,0.04280336693699862,False,ok,True,chainlink,LINK-USDT-SWAP,LINKUSDT,0.001,0.1,0.1,0.001,0.1,0.1,5,no,Chainlink,markets_max_mcap,3,"chainlink,linea-bridged-link-linea,osmosis-alllink",438157137.0,8825214920.0,,30,30,30,30,0.011008804367153022,0.5456888619844527,89292669.02035001,97155064.55236001,2026-08-05,2026-09-03,chainlink,Chainlink,2026-08-05,2026-09-03,20687926.0,29.0,0.020220417155011345,0.04280336693699862,0.009648887713050665,0.025887328466055834,0.04280336693699862,0.025887328466055834,2026-07-22T11:05:00Z,2026-08-27T11:40:00Z,True,False,22.900878793010307,-4.593448844370528,-4.913123916796656,0.31967507242612836,0.0073494932273328595,200000000.0,-0.0190166676707297,-0.0014542558526884,True,True,10000
LIT,dropped,dropped_large_cap,kept,kept_std_ge_cutoff,0.0469718977007977,0.2,0.0679674348368351,0.0679674348368351,0.0636999977788779,ok,15848341.0,25.0,2026-08-03T13:35:00Z,2026-08-27T11:40:00Z,1074634536.0,0.05218961779985545,0.13316514707565613,False,ok,True,lighter,LIT-USDT-SWAP,LITUSDT,0.0001,1.0,1.0,0.0001,0.1,0.1,5,no,Lighter,override,4,"lighter,litentry,lit,timeless",148394382.0,1074634536.0,,30,30,30,30,0.0640113020253731,0.7452817293407209,56084765.70836501,68788755.85079268,2026-08-05,2026-09-03,lighter,Lighter,2026-08-05,2026-09-03,17131512.0,29.0,0.10504438547809042,0.13316514707565613,0.07179182806207128,0.09483168180406809,0.13316514707565613,0.09483168180406809,2026-07-22T11:05:00Z,2026-08-27T11:40:00Z,True,False,20.795246474212693,-2.9528716965984003,-4.25067360735828,1.2978019107598797,0.014254628651527178,200000000.0,-0.0255564133206919,-0.0228283456820824,True,True,10000
LPT,kept,kept_cap_le_cutoff,kept,kept_std_ge_cutoff,0.0469718977007977,0.2,0.0718964837850902,0.0665986540352052,0.0718964837850902,ok,3573773.0,25.0,2026-08-03T13:35:00Z,2026-08-27T11:40:00Z,69734780.0,0.012507864948523535,0.11799295708154534,False,ok,True,livepeer,LPT-USDT-SWAP,LPTUSDT,0.001,1.0,1.0,0.001,0.1,0.1,5,yes,Livepeer,markets_max_mcap,1,livepeer,14159105.0,69734780.0,,30,30,30,30,0.01504376678518237,0.7287546191161046,872233.2104549999,1049073.7671359999,2026-08-05,2026-09-03,livepeer,Livepeer,2026-08-05,2026-09-03,3814142.0,29.0,0.11799295708154534,0.056280474156344164,0.07108531297922746,0.01403350072312326,0.11799295708154534,0.07108531297922746,2026-07-22T11:05:00Z,2026-08-27T11:40:00Z,True,False,18.06020974696964,-4.3813976366527365,-3.390207176389887,-0.9911904602628496,0.033701693980957396,200000000.0,-0.0343406527194713,-0.0967981049039877,True,True,10000
LQTY,kept,kept_cap_le_cutoff,kept,kept_std_ge_cutoff,0.0469718977007977,0.2,0.0873702436838173,0.0838639618278441,0.0873702436838173,ok,2037267.0,25.0,2026-08-03T13:35:00Z,2026-08-27T11:40:00Z,22315523.0,0.01446691280997537,0.18868340026773786,False,ok,True,liquity,LQTY-USDT-SWAP,LQTYUSDT,0.0001,1.0,1.0,0.0001,0.1,0.1,5,yes,Liquity,markets_max_mcap,1,liquity,1499167.0,22315523.0,,30,30,30,30,0.016054730270030716,0.5366660654990277,322836.72555,358269.7025996667,2026-08-05,2026-09-03,liquity,Liquity,2026-08-05,2026-09-03,2163151.0,29.0,0.18868340026773786,-0.04672583464429322,0.11109326923076983,-0.09438178541136545,0.18868340026773786,0.11109326923076983,2026-07-22T11:05:00Z,2026-08-27T11:40:00Z,True,True,16.92079309292076,-4.235891112174206,-3.031736750040742,-1.2041543621334645,0.04823179876466475,200000000.0,-0.0144040914228512,-0.2167759559033469,True,True,10000
LRC,kept,kept_cap_le_cutoff,held_out,held_out_sparse_or_missing_std,0.0469718977007977,0.2,,,,missing,,,2026-08-03T13:35:00Z,2026-08-27T11:40:00Z,11583261.0,0.020293090687877102,,False,ok,True,loopring,LRC-USDT-SWAP,LRCUSDT,1e-05,1.0,1.0,1e-05,0.1,0.1,5,yes,Loopring,markets_max_mcap,1,loopring,9934170.0,11583261.0,,30,30,30,30,0.028936393985445896,1.0373635608384677,235060.16593435,335177.80393224995,2026-08-05,2026-09-03,loopring,Loopring,2026-08-05,2026-09-03,,,,,,,,,,,False,False,16.26507159668315,-3.8974748110731743,-2.8254410429459504,-1.0720337681272238,0.05928250493218914,200000000.0,,,False,False,10000
LTC,dropped,dropped_large_cap,dropped,dropped_low_vol,0.0469718977007977,0.2,0.0271947646069223,0.0260105329667153,0.0271947646069223,ok,12064499.0,25.0,2026-08-03T13:35:00Z,2026-08-27T11:40:00Z,3992484139.0,0.006523239670658589,0.05824559675655989,False,ok,True,litecoin,LTC-USDT-SWAP,LTCUSDT,0.01,0.1,0.1,0.01,0.1,0.1,5,no,Litecoin,markets_max_mcap,2,"litecoin,binance-peg-litecoin",270177082.0,3992484139.0,,30,30,30,30,0.010951329984189911,0.8194570259100755,26043930.92,43723011.26283334,2026-08-05,2026-09-03,litecoin,Litecoin,2026-08-05,2026-09-03,13481467.0,29.0,0.022796322491612342,0.05824559675655989,0.0009950506102273653,0.022066882551547127,0.05824559675655989,0.022066882551547127,2026-07-22T11:05:00Z,2026-08-27T11:40:00Z,True,False,22.10767946534674,-5.03238414444571,-4.663576483768513,-0.36880766067719684,0.009432666224349818,200000000.0,-0.0255930821101422,-0.0162857291582624,True,True,10000
MAGIC,kept,kept_cap_le_cutoff,kept,kept_std_ge_cutoff,0.0469718977007977,0.2,0.0617104445281824,0.0617104445281824,0.0585223431579009,ok,2397743.0,25.0,2026-08-03T13:35:00Z,2026-08-27T11:40:00Z,15197993.0,0.045835124405571186,0.10933318003913853,False,ok,True,magic,MAGIC-USDT-SWAP,MAGICUSDT,1e-05,1.0,1.0,1e-05,1.0,1.0,5,yes,Treasure,markets_max_mcap,3,"magic,magic-carpet-ride,magic-token",3613161.0,15197993.0,,30,30,30,30,0.09580601085125735,1.4602115905537818,696601.8998700001,1456059.0822753333,2026-08-05,2026-09-03,magic,Treasure,2026-08-05,2026-09-03,2573550.0,29.0,0.10933318003913853,0.024878962516733973,0.0715176383241197,-0.021042185291020282,0.10933318003913853,0.0715176383241197,2026-07-22T11:05:00Z,2026-08-27T11:40:00Z,True,False,16.53667393762484,-3.0827045733674088,-2.910889510465556,-0.17181506290185267,0.054427294682348824,200000000.0,-0.0222878004922215,-0.0944876865028682,True,True,10000
MANA,kept,kept_cap_le_cutoff,dropped,dropped_low_vol,0.0469718977007977,0.2,0.0469275842390489,0.0469275842390489,0.0441511718870891,ok,4079001.0,25.0,2026-08-03T13:35:00Z,2026-08-27T11:40:00Z,147441005.0,0.007132131300403846,0.11183559811827984,False,ok,True,decentraland,MANA-USDT-SWAP,MANAUSDT,1e-05,1.0,1.0,1e-05,0.1,0.1,5,yes,Decentraland,markets_max_mcap,3,"decentraland,decentraland-wormhole,meme-anarchic-numismatic-asset",19035532.0,147441005.0,,30,30,30,30,0.009763818345594566,0.7572803664799282,1051568.6067235,1439587.1895119,2026-08-05,2026-09-03,decentraland,Decentraland,2026-08-05,2026-09-03,4383164.0,29.0,0.015515791974045321,0.11183559811827984,-0.014971254060161535,0.08400259073543412,0.11183559811827984,0.08400259073543412,2026-07-22T11:05:00Z,2026-08-27T11:40:00Z,True,False,18.80893868763468,-4.943145169110907,-3.625763837446578,-1.317381331664329,0.026628749530089993,200000000.0,-0.1004781815745225,0.0202561286908917,True,True,10000
MASK,kept,kept_cap_le_cutoff,kept,kept_std_ge_cutoff,0.0469718977007977,0.2,0.0598204291748976,0.0596345610041772,0.0598204291748976,ok,2582354.0,25.0,2026-08-03T13:35:00Z,2026-08-27T11:40:00Z,44886085.0,0.017290005549715465,0.1434998252656438,False,ok,True,mask-network,MASK-USDT-SWAP,MASKUSDT,0.0001,1.0,1.0,0.0001,0.1,0.1,5,yes,Mask Network,markets_max_mcap,2,"mask-network,catwifmask",18297769.0,44886085.0,,30,30,30,30,0.023068748053841924,0.7100091225466234,776080.658755,1035465.7859883333,2026-08-05,2026-09-03,mask-network,Mask Network,2026-08-05,2026-09-03,2719625.0,29.0,0.1434998252656438,0.000926853329843781,0.10002309264305138,-0.045577558479531786,0.1434998252656438,0.10002309264305138,2026-07-22T11:05:00Z,2026-08-27T11:40:00Z,True,False,17.61963839376703,-4.057626658308651,-3.2515995825316146,-0.8060270757770365,0.038712234864848816,200000000.0,0.0069626414299371,-0.1328296143693658,True,True,10000
ME,kept,kept_cap_le_cutoff,kept,kept_std_ge_cutoff,0.0469718977007977,0.2,0.1911771490365391,0.1911771490365391,0.1485253479731901,ok,4697031.0,25.0,2026-08-03T13:35:00Z,2026-08-27T11:40:00Z,39250025.0,0.031650884531793294,0.14762941666666615,False,ok,True,magic-eden,ME-USDT-SWAP,MEUSDT,1e-05,1.0,1.0,1e-05,1.0,1.0,5,yes,Magic Eden,markets_max_mcap,2,"magic-eden,literally-me",2760167.0,39250025.0,,30,30,30,30,0.045617403047310164,0.7749528998243475,1242298.009145,1790484.2100419998,2026-08-05,2026-09-03,magic-eden,Magic Eden,2026-08-05,2026-09-03,5078924.0,29.0,0.08638510774410768,0.14762941666666615,0.047463409097239964,0.06538560762100905,0.14762941666666615,0.06538560762100905,2026-07-22T11:05:00Z,2026-08-27T11:40:00Z,True,False,17.485462639135164,-3.452989183490423,-3.2093867187844607,-0.24360246470596225,0.040381370815765955,200000000.0,-0.0754649768921548,-0.0353087953462022,True,True,10000
MEGA,kept,kept_cap_le_cutoff,kept,kept_std_ge_cutoff,0.0469718977007977,0.2,0.0642308919317226,0.0642308919317226,0.0617440392786213,ok,3715964.0,25.0,2026-08-03T13:35:00Z,2026-08-27T11:40:00Z,45006253.0,0.05654895578654371,0.11651653087617225,False,ok,True,megaeth,MEGA-USDT-SWAP,MEGAUSDT,1e-05,1.0,1.0,1e-05,1.0,1.0,5,yes,MegaETH,markets_max_mcap,3,"megaeth,make-eth-great-again,make-europe-great-again",8693201.0,45006253.0,,30,30,30,30,0.07131707706804652,0.6394218055261324,2545056.6110150004,3209714.413745,2026-08-05,2026-09-03,megaeth,MegaETH,2026-08-05,2026-09-03,4123938.0,29.0,0.05569718985164535,0.11651653087617225,0.0009944873557634947,0.07826143356011772,0.11651653087617225,0.07826143356011772,2026-07-22T11:05:00Z,2026-08-27T11:40:00Z,True,False,17.62231199363672,-2.8726485419036023,-3.25244072039086,0.37979217848725755,0.038679686229351834,200000000.0,-0.0898018478700217,-0.0082103533665677,True,True,10000
MEME,kept,kept_cap_le_cutoff,kept,kept_std_ge_cutoff,0.0469718977007977,0.2,0.055932300516874,0.0521037606285266,0.055932300516874,ok,3006836.0,25.0,2026-08-03T13:35:00Z,2026-08-27T11:40:00Z,51673755.0,0.015790847407712097,0.09327863863863832,False,ok,True,memetoon,MEME-USDT-SWAP,MEMEUSDT,1e-07,1.0,1.0,1e-07,10.0,10.0,5,yes,MEMETOON,markets_max_mcap,5,"memetoon,memecoin-2,1-meme-can-change-your-life,most-elegant-monkey-ever,mpx6900",378082.0,51673755.0,close mcap runner-up memecoin-2 cap=35573224 vs 51673755,30,30,30,30,0.020282449986691823,0.6657885887967492,815972.3801885,1048070.3514120667,2026-08-05,2026-09-03,memetoon,MEMETOON,2026-08-05,2026-09-03,3179765.0,29.0,0.09327863863863832,0.019402662023602125,0.05990954096372705,-0.021976922635115956,0.09327863863863832,0.05990954096372705,2026-07-22T11:05:00Z,2026-08-27T11:40:00Z,True,False,17.760460570353622,-4.148324784788441,-3.2959034686482767,-0.8524213161401644,0.03703457035459108,200000000.0,-0.0178673151224358,-0.1209831733310484,True,True,10000
MERL,kept,kept_cap_le_cutoff,kept,kept_std_ge_cutoff,0.0469718977007977,0.2,0.0826352124313392,0.0789754695224771,0.0826352124313392,ok,2705874.0,25.0,2026-08-03T13:35:00Z,2026-08-27T11:40:00Z,32384320.0,0.06986281886023853,0.14197295454545386,False,ok,True,merlin-chain,MERL-USDT-SWAP,MERLUSDT,1e-05,1.0,1.0,1e-05,0.1,0.1,5,yes,Merlin Chain,markets_max_mcap,1,merlin-chain,2882241.0,32384320.0,,30,30,30,30,0.10396030841944391,0.8067464643562122,2262459.882072,3366683.895153967,2026-08-05,2026-09-03,merlin-chain,Merlin Chain,2026-08-05,2026-09-03,2943319.0,29.0,0.049134191900765734,0.14197295454545386,0.0004461022449037328,0.08977951739618409,0.14197295454545386,0.08977951739618409,2026-07-22T11:05:00Z,2026-08-27T11:40:00Z,True,False,17.29318491300338,-2.6612216902852524,-3.148894467579443,0.4876727772941907,0.042899527479210504,200000000.0,-0.1280962075609631,-0.0404659629181593,True,True,10000
MET,kept,kept_cap_le_cutoff,kept,kept_std_ge_cutoff,0.0469718977007977,0.2,0.0899202746417554,0.079259035902832,0.0899202746417554,ok,3442711.0,25.0,2026-08-03T13:35:00Z,2026-08-27T11:40:00Z,111546604.0,0.019639519243414165,0.1832264539593322,False,ok,True,meteora,MET-USDT-SWAP,METUSDT,0.0001,1.0,1.0,1e-05,0.1,0.1,5,yes,Meteora,markets_max_mcap,3,"meteora,metronome,metformin",6194566.0,111546604.0,,30,30,30,30,0.04008886706230368,1.3993328063684742,2190721.6757954997,4471776.979007433,2026-08-05,2026-09-03,meteora,Meteora,2026-08-05,2026-09-03,3798519.0,29.0,0.1832264539593322,0.057499863429438525,0.11998808167651893,0.0008703738992207753,0.1832264539593322,0.11998808167651893,2026-07-22T11:05:00Z,2026-08-27T11:40:00Z,True,True,18.529953034632197,-3.930211454796653,-3.5379925154971232,-0.3922189392995299,0.02907162938759892,200000000.0,-0.0185951067291644,-0.1197449505647847,True,True,10000
METIS,kept,kept_cap_le_cutoff,kept,kept_std_ge_cutoff,0.0469718977007977,0.2,0.074788384544383,0.073476065416568,0.074788384544383,ok,2054238.0,25.0,2026-08-03T13:35:00Z,2026-08-27T11:40:00Z,22230652.0,0.013400928873341185,0.17631326653306578,False,ok,True,metis-token,METIS-USDT-SWAP,METISUSDT,0.001,1.0,1.0,0.001,0.01,0.01,5,yes,Metis,markets_max_mcap,2,"metis-token,medusa-metis",1767576.0,22230652.0,,30,30,30,30,0.0171035040536223,0.5491128738952173,297911.38625999994,380222.0465966666,2026-08-05,2026-09-03,metis-token,Metis,2026-08-05,2026-09-03,2181469.0,29.0,0.17631326653306578,-0.03607300637681116,0.13156203108808281,-0.07587327217125421,0.17631326653306578,0.13156203108808281,2026-07-22T11:05:00Z,2026-08-27T11:40:00Z,True,True,16.916982615244866,-4.312431255521657,-3.030537940498844,-1.2818933150228133,0.048289654177128105,200000000.0,0.0326303082478769,-0.2028526447704635,True,True,10000
MEW,kept,kept_cap_le_cutoff,kept,kept_std_ge_cutoff,0.0469718977007977,0.2,0.0535661263310547,0.0535661263310547,0.0500259918402759,ok,3501323.0,25.0,2026-08-03T13:35:00Z,2026-08-27T11:40:00Z,38393427.0,0.01843725830205259,0.09518625081011071,False,ok,True,cat-in-a-dogs-world,MEW-USDT-SWAP,MEWUSDT,1e-07,1.0,1.0,1e-07,100.0,100.0,5,yes,cat in a dogs world,markets_max_mcap,1,cat-in-a-dogs-world,3390881.0,38393427.0,,30,30,30,30,0.03211216650420396,1.2484402838579554,707869.5307,1232896.1204909997,2026-08-05,2026-09-03,cat-in-a-dogs-world,cat in a dogs world,2026-08-05,2026-09-03,3722247.0,29.0,0.0009203567074969755,0.09518625081011071,-0.027823217735052592,0.06394088742034466,0.09518625081011071,0.06394088742034466,2026-07-22T11:05:00Z,2026-08-27T11:40:00Z,True,False,17.46339683103138,-3.993381754009238,-3.202444622922868,-0.7909371310863702,0.04066267746210134,200000000.0,-0.1223838359130772,-0.0053364648444073,True,True,10000
MINA,kept,kept_cap_le_cutoff,kept,kept_std_ge_cutoff,0.0469718977007977,0.2,0.0812562142644571,0.0654706652913103,0.0812562142644571,ok,2847083.0,25.0,2026-08-03T13:35:00Z,2026-08-27T11:40:00Z,95989151.0,0.009431866143221748,0.2158480346820816,False,ok,True,mina-protocol,MINA-USDT-SWAP,MINAUSDT,1e-05,1.0,1.0,1e-05,0.1,0.1,5,yes,Mina Protocol,markets_max_mcap,1,mina-protocol,9274297.0,95989151.0,,30,30,30,30,0.015573611872045486,0.8924027890907674,905356.8234335,1494897.7816011666,2026-08-05,2026-09-03,mina-protocol,Mina Protocol,2026-08-05,2026-09-03,3036259.0,29.0,0.2158480346820816,-0.024213375939546807,0.14094194995278572,-0.04968748795306845,0.2158480346820816,0.14094194995278572,2026-07-22T11:05:00Z,2026-08-27T11:40:00Z,True,True,18.379745732629285,-4.663661307618154,-3.4907359869933465,-1.1729253206248078,0.03047843218479575,200000000.0,0.0337064922457132,-0.1632573624787028,True,True,10000
MMT,kept,kept_cap_le_cutoff,kept,kept_std_ge_cutoff,0.0469718977007977,0.2,0.0737172962907611,0.0737172962907611,0.0690070665193728,ok,7077419.0,25.0,2026-08-03T13:35:00Z,2026-08-27T11:40:00Z,34107060.0,0.2525837746129394,0.16628012665515282,False,ok,True,momentum-3,MMT-USDT-SWAP,MMTUSDT,0.0001,1.0,1.0,1e-05,1.0,1.0,5,yes,Momentum,override,1,momentum-3,4545327.0,34107060.0,,30,30,30,30,0.701668014639237,1.6891460746451135,8614889.95575,23931833.075381335,2026-08-05,2026-09-03,momentum-3,Momentum,2026-08-05,2026-09-03,7385643.0,29.0,0.16628012665515282,0.057463706987545,0.10160284308903146,0.004677963368752174,0.16628012665515282,0.10160284308903146,2026-07-22T11:05:00Z,2026-08-27T11:40:00Z,True,True,17.345014958947477,-1.3760123046484454,-3.1652006525042067,1.7891883478557613,0.042205672290582495,200000000.0,-0.0150897145207089,-0.0951925863910455,True,True,10000
MON,dropped,dropped_large_cap,kept,kept_std_ge_cutoff,0.0469718977007977,0.2,0.0659105260222496,0.0625528079721501,0.0659105260222496,ok,6937394.0,25.0,2026-08-03T13:35:00Z,2026-08-27T11:40:00Z,318789077.0,0.028904132538245655,0.19700890625000075,False,ok,True,monad,MON-USDT-SWAP,MONUSDT,1e-05,1.0,1.0,1e-06,1.0,1.0,5,yes,Monad,markets_max_mcap,3,"monad,moneymon,mon-protocol",29140513.0,318789077.0,,30,30,30,30,0.050213968432042295,1.007150706139593,9214321.733353,16007664.6489579,2026-08-05,2026-09-03,monad,Monad,2026-08-05,2026-09-03,7376104.0,29.0,0.19700890625000075,0.0005293370413059248,0.14129280261322746,-0.03757249686290887,0.19700890625000075,0.14129280261322746,2026-07-22T11:05:00Z,2026-08-27T11:40:00Z,True,True,19.58004024143262,-3.543770699683512,-3.8683591179053955,0.32458841822188367,0.02089262364601021,200000000.0,0.0476194842994791,-0.1398663936350575,True,True,10000
MOODENG,kept,kept_cap_le_cutoff,kept,kept_std_ge_cutoff,0.0469718977007977,0.2,0.060626371339686,0.0543309360509721,0.060626371339686,ok,5733934.0,25.0,2026-08-03T13:35:00Z,2026-08-27T11:40:00Z,41637589.0,0.06257575913809514,0.0921832024347147,False,ok,True,moo-deng,MOODENG-USDT-SWAP,MOODENGUSDT,1e-05,1.0,1.0,1e-05,1.0,1.0,5,yes,Moo Deng,markets_max_mcap,2,"moo-deng,moo-deng-2",7311186.0,41637589.0,,30,30,30,30,0.10194333906787126,0.9438097546329532,2605503.740355,4244674.853395666,2026-08-05,2026-09-03,moo-deng,Moo Deng,2026-08-05,2026-09-03,6075596.0,29.0,0.0921832024347147,0.04647558050383345,0.05143811728395053,0.0008525915921518636,0.0921832024347147,0.05143811728395053,2026-07-22T11:05:00Z,2026-08-27T11:40:00Z,True,False,17.544513898978035,-2.7713773100863466,-3.2279647606422026,0.45658745055585603,0.03963808974995867,200000000.0,-0.0216683741774087,-0.0687399041290458,True,True,10000
MORPHO,dropped,dropped_large_cap,kept,kept_std_ge_cutoff,0.0469718977007977,0.2,0.1199893357478086,0.1199893357478086,0.0991221283748683,ok,6128198.0,25.0,2026-08-03T13:35:00Z,2026-08-27T11:40:00Z,1747639673.0,0.0028708104302402155,0.09377540206185518,False,ok,True,morpho,MORPHO-USDT-SWAP,MORPHOUSDT,0.0001,1.0,1.0,0.0001,1.0,1.0,5,no,Morpho,markets_max_mcap,2,"morpho,morpho-2",42469758.0,1747639673.0,,30,30,30,30,0.004144019126023812,0.9937980666267933,5017142.201549999,7242252.23031,2026-08-05,2026-09-03,morpho,Morpho,2026-08-05,2026-09-03,6708759.0,29.0,0.09377540206185518,0.061494013638577344,0.05734775679657175,0.023206086508753762,0.09377540206185518,0.05734775679657175,2026-07-22T11:05:00Z,2026-08-27T11:40:00Z,True,False,21.281531956202972,-5.853160909197661,-4.403663265212602,-1.449497643985059,0.012232447028354718,200000000.0,-0.0317215221522921,-0.0572964135321846,True,True,10000
MOVE,kept,kept_cap_le_cutoff,kept,kept_std_ge_cutoff,0.0469718977007977,0.2,0.1776951592953582,0.1656511687644763,0.1776951592953582,ok,5602911.0,25.0,2026-08-03T13:35:00Z,2026-08-27T11:40:00Z,40789995.0,0.08453815090196751,0.6183816279069732,True,ok,True,movement,MOVE-USDT-SWAP,MOVEUSDT,1e-05,1.0,1.0,1e-05,1.0,1.0,5,yes,Movement,markets_max_mcap,2,"movement,moveapp",9813846.0,40789995.0,,30,30,30,30,0.1565849374077671,1.0392195671981632,3448310.7526005,6387098.8139381325,2026-08-05,2026-09-03,movement,Movement,2026-08-05,2026-09-03,5889778.0,29.0,0.6183816279069732,0.07993688866396761,0.24890706677591173,0.029157894101552853,0.6183816279069732,0.24890706677591173,2026-07-22T11:05:00Z,2026-08-27T11:40:00Z,True,True,17.52394738871467,-2.4705523565458227,-3.2214943569699157,0.750942000424093,0.0398953957305203,200000000.0,-0.0043701456500259,-0.1711556104827645,True,True,10000
MUBARAK,kept,kept_cap_le_cutoff,kept,kept_std_ge_cutoff,0.0469718977007977,0.2,0.1407819620242846,0.1407819620242846,0.1371459886247604,ok,9184332.0,25.0,2026-08-03T13:35:00Z,2026-08-27T11:40:00Z,30053535.0,0.20294694088414225,0.383367284079084,False,ok,True,mubarak,MUBARAK-USDT-SWAP,MUBARAKUSDT,1e-06,1.0,1.0,1e-06,1.0,1.0,5,yes,Mubarak,markets_max_mcap,2,"mubarak,mubarak-sol",65221679.0,30053535.0,,30,30,30,30,0.6533649586111305,1.589570544197129,6099272.991004501,19635926.651393168,2026-08-05,2026-09-03,mubarak,Mubarak,2026-08-05,2026-09-03,9281005.0,29.0,0.383367284079084,0.18883118625579481,0.19836127853881264,0.13512825013713642,0.383367284079084,0.19836127853881264,2026-07-22T11:05:00Z,2026-08-27T11:40:00Z,True,True,17.218490849297986,-1.5948107090597008,-3.1253950630665495,1.5305843540068487,0.04391957919194855,200000000.0,-0.0769100132136976,-0.0409792998828646,True,True,10000
NEAR,dropped,dropped_large_cap,dropped,dropped_low_vol,0.0469718977007977,0.2,0.0401759560302978,0.0401759560302978,0.0356382333318475,ok,16496418.0,25.0,2026-08-03T13:35:00Z,2026-08-27T11:40:00Z,2597766479.0,0.026880437025685017,0.021986605378501126,False,ok,True,near,NEAR-USDT-SWAP,NEARUSDT,0.001,0.1,0.1,0.0001,0.1,0.1,5,no,NEAR Protocol,markets_max_mcap,3,"near,binance-peg-near-protocol,rainbow-bridged-near-ethereum",268034102.0,2597766479.0,,30,30,30,30,0.031182369365305444,0.61126680727216,69829098.24619499,81004513.872987,2026-08-05,2026-09-03,near,NEAR Protocol,2026-08-05,2026-09-03,18304462.0,29.0,0.021986605378501126,0.010299553593129911,0.000965345177110848,0.000759485756317737,0.021986605378501126,0.000965345177110848,2026-07-22T11:05:00Z,2026-08-27T11:40:00Z,True,False,21.677917866243458,-3.6163565050633344,-4.528369732917884,0.9120132278545499,0.010798265788138642,200000000.0,-0.0533901580358973,-0.0494148883444208,True,True,10000
NEO,kept,kept_cap_le_cutoff,kept,kept_std_ge_cutoff,0.0469718977007977,0.2,0.0557305557894268,0.0556468541500443,0.0557305557894268,ok,2198655.0,25.0,2026-08-03T13:35:00Z,2026-08-27T11:40:00Z,148606339.0,0.004493903599462201,0.09147996046389122,False,ok,True,neo,NEO-USDT-SWAP,NEOUSDT,0.001,1.0,1.0,0.001,0.01,0.01,5,yes,NEO,markets_max_mcap,1,neo,3830744.0,148606339.0,,30,30,30,30,0.007622872170917285,0.9406424889517968,667822.561735,1132807.125985,2026-08-05,2026-09-03,neo,NEO,2026-08-05,2026-09-03,2366604.0,29.0,0.09147996046389122,0.000971080617369944,0.04759094708437569,0.00027994020501123505,0.09147996046389122,0.04759094708437569,2026-07-22T11:05:00Z,2026-08-27T11:40:00Z,True,False,18.816811347480765,-5.405033556392065,-3.6282406449616333,-1.776792911430432,0.026562876853782266,200000000.0,-0.0464124660813936,-0.1037970921119901,True,True,10000
NIGHT,dropped,dropped_large_cap,kept,kept_std_ge_cutoff,0.0469718977007977,0.2,0.0749170820892836,0.0714550540666797,0.0749170820892836,ok,2820215.0,25.0,2026-08-03T13:35:00Z,2026-08-27T11:40:00Z,375979443.0,0.0034046799421690727,0.12467239969135833,False,ok,True,midnight-3,NIGHT-USDT-SWAP,NIGHTUSDT,1e-06,1.0,1.0,1e-05,10.0,10.0,5,yes,Midnight,markets_max_mcap,2,"midnight-3,midnight",15777364.0,375979443.0,,30,30,30,30,0.004282218787087606,0.6309469750676635,1280089.66825,1610026.2343733334,2026-08-05,2026-09-03,midnight-3,Midnight,2026-08-05,2026-09-03,3722758.0,29.0,0.12467239969135833,0.11310487055016158,0.07443035649656206,0.07504718447870497,0.12467239969135833,0.07504718447870497,2026-07-22T11:05:00Z,2026-08-27T11:40:00Z,True,False,19.745045026987214,-5.682604340224719,-3.920271063914978,-1.7623332763097412,0.0198357172684042,200000000.0,-0.0307425187110071,-0.1042617089326299,True,True,10000
NMR,kept,kept_cap_le_cutoff,kept,kept_std_ge_cutoff,0.0469718977007977,0.2,0.0610526751116609,0.05931307862138,0.0610526751116609,ok,2160619.0,25.0,2026-08-03T13:35:00Z,2026-08-27T11:40:00Z,62500790.0,0.004519072187727547,0.10472472874493988,False,ok,True,numeraire,NMR-USDT-SWAP,NMRUSDT,0.001,1.0,1.0,0.001,0.1,0.1,5,yes,Numeraire,markets_max_mcap,1,numeraire,3989310.0,62500790.0,,30,30,30,30,0.005722461261049662,0.5658226266750864,282445.5818,357658.34956,2026-08-05,2026-09-03,numeraire,Numeraire,2026-08-05,2026-09-03,2324397.0,29.0,0.10472472874493988,-0.04712412075153102,0.07083244411812675,-0.08125414960551224,0.10472472874493988,0.07083244411812675,2026-07-22T11:05:00Z,2026-08-27T11:40:00Z,True,False,17.950689754626747,-5.399448574410268,-3.355751230701009,-2.043697343709259,0.03488315501218545,200000000.0,-0.0191228545491306,-0.1693415207767032,True,True,10000
NOT,kept,kept_cap_le_cutoff,kept,kept_std_ge_cutoff,0.0469718977007977,0.2,0.0572901553671043,0.0572901553671043,0.0538098169047048,ok,3594290.0,25.0,2026-08-03T13:35:00Z,2026-08-27T11:40:00Z,45512525.0,0.04512011840462598,0.1069504373177853,False,ok,True,notcoin,NOT-USDT-SWAP,NOTUSDT,1e-07,1.0,1.0,1e-07,10.0,10.0,5,yes,Notcoin,markets_max_mcap,2,"notcoin,nothing-3",6300364.0,45512525.0,,30,30,30,30,0.08298419222882199,1.263588447031401,2053530.5168935,3776820.123419067,2026-08-05,2026-09-03,notcoin,Notcoin,2026-08-05,2026-09-03,3785101.0,29.0,0.051592722014700394,0.1069504373177853,0.023089016939049023,0.06714458513828733,0.1069504373177853,0.06714458513828733,2026-07-22T11:05:00Z,2026-08-27T11:40:00Z,True,False,17.633498120765317,-3.0984270475797757,-3.255959973639208,0.15753292605943248,0.038543801863936876,200000000.0,-0.0627827141397822,-0.0305196987028042,True,True,10000
OKB,dropped,dropped_large_cap,kept,kept_std_ge_cutoff,0.0469718977007977,0.2,0.0485900695820309,0.0483098088958946,0.0485900695820309,ok,5380772.0,25.0,2026-08-03T13:35:00Z,2026-08-27T11:40:00Z,2302972345.0,0.010107225893283577,0.12442359468438555,False,ok,True,okb,OKB-USDT-SWAP,OKBUSDT,0.01,1.0,1.0,0.01,0.01,0.01,5,no,OKB,markets_max_mcap,1,okb,31328537.0,2302972345.0,,30,30,30,30,0.01364303778102323,0.6858865012277253,23276661.7169,31419538.71148667,2026-08-05,2026-09-03,okb,OKB,2026-08-05,2026-09-03,5608550.0,29.0,0.12442359468438555,0.039134410891088864,0.09224894736842143,0.009856951332797874,0.12442359468438555,0.09224894736842143,2026-07-22T11:05:00Z,2026-08-27T11:40:00Z,True,False,21.55746644946275,-4.594504675957957,-4.490474665670704,-0.10403001028725267,0.011215319019017095,200000000.0,0.0167980680408629,-0.0696538328963364,True,True,10000
ONDO,dropped,dropped_large_cap,kept,kept_std_ge_cutoff,0.0469718977007977,0.2,0.1019752789216557,0.1019752789216557,0.0940096523140025,ok,14553246.0,25.0,2026-08-03T13:35:00Z,2026-08-27T11:40:00Z,1784893304.0,0.023175447171406946,0.05759236543117907,False,ok,True,ondo-finance,ONDO-USDT-SWAP,ONDOUSDT,0.0001,1.0,1.0,0.0001,1.0,1.0,5,no,Ondo,markets_max_mcap,1,ondo-finance,95735002.0,1784893304.0,,30,30,30,30,0.032263087224953066,0.7448271437868687,41365700.473450005,57586168.354186654,2026-08-05,2026-09-03,ondo-finance,Ondo,2026-08-05,2026-09-03,16271519.0,29.0,0.05759236543117907,0.025622629747159398,0.029284967972115446,0.0007817464521439696,0.05759236543117907,0.029284967972115446,2026-07-22T11:05:00Z,2026-08-27T11:40:00Z,True,False,21.30262447672203,-3.764661872294282,-4.410299156303343,0.645637284009061,0.012151542575555818,200000000.0,-0.0134391672437538,-0.0431933977678674,True,True,10000
ONT,kept,kept_cap_le_cutoff,kept,kept_std_ge_cutoff,0.0469718977007977,0.2,0.3604609398064112,0.3574997918196745,0.3604609398064112,ok,5334315.0,25.0,2026-08-03T13:35:00Z,2026-08-27T11:40:00Z,55680318.0,0.06736920776826381,1.3080777599999978,True,ok,True,ontology,ONT-USDT-SWAP,ONTUSDT,1e-05,1.0,1.0,1e-05,1.0,1.0,5,yes,Ontology,markets_max_mcap,2,"ontology,binance-peg-ontology",5584274.0,55680318.0,,30,30,30,30,0.16008012090124318,1.7968069947036611,3751138.911945,8913312.037259666,2026-08-05,2026-09-03,ontology,Ontology,2026-08-05,2026-09-03,5457229.0,29.0,1.3080777599999978,0.6456836593059933,0.8038675467546754,0.27668986442866406,1.3080777599999978,0.8038675467546754,2026-07-22T11:05:00Z,2026-08-27T11:40:00Z,True,True,17.835137285181027,-2.6975672234929338,-3.319397415052702,0.6218301915597682,0.036174623471284605,200000000.0,0.0763330313476759,-0.1735045368756836,True,True,10000
OP,dropped,dropped_large_cap,dropped,dropped_low_vol,0.0469718977007977,0.2,0.036233014046202,0.036233014046202,0.0356005083484377,ok,10217371.0,25.0,2026-08-03T13:35:00Z,2026-08-27T11:40:00Z,239565139.0,0.0675580233909179,0.09120082872577148,False,ok,True,optimism,OP-USDT-SWAP,OPUSDT,1e-05,1.0,1.0,1e-05,0.1,0.1,5,yes,Optimism,markets_max_mcap,2,"optimism,one-path",87088786.0,239565139.0,,30,30,30,30,0.0821780755110655,0.6369807400007746,16184547.2642105,19687002.082560897,2026-08-05,2026-09-03,optimism,Optimism,2026-08-05,2026-09-03,10809397.0,29.0,0.03448564493711691,0.09120082872577148,0.011860457231928828,0.0689039316239323,0.09120082872577148,0.0689039316239323,2026-07-22T11:05:00Z,2026-08-27T11:40:00Z,True,False,19.2943359169588,-2.694768444561744,-3.778474043257776,1.083705598696032,0.022857544450290118,200000000.0,-0.0405633672628508,0.0125566815602535,True,True,10000
OPG,kept,kept_cap_le_cutoff,kept,kept_std_ge_cutoff,0.0469718977007977,0.2,0.1214815305183937,0.0950034740304118,0.1214815305183937,ok,4579908.0,25.0,2026-08-03T13:35:00Z,2026-08-27T11:40:00Z,22318638.0,0.056658971676049406,0.1482192346509671,False,ok,True,opengradient,OPG-USDT-SWAP,OPGUSDT,0.0001,1.0,1.0,0.0001,1.0,1.0,5,yes,OpenGradient,markets_max_mcap,1,opengradient,7940900.0,22318638.0,,30,30,30,30,0.09081562031779596,1.1551511961676069,1264551.07829,2026880.9546183338,2026-08-05,2026-09-03,opengradient,OpenGradient,2026-08-05,2026-09-03,4865234.0,29.0,0.11221477482088019,0.1482192346509671,0.05235180784716192,0.09219223259241104,0.1482192346509671,0.09219223259241104,2026-07-22T11:05:00Z,2026-08-27T11:40:00Z,True,False,16.92093267211012,-2.870704933772888,-3.031780662872226,0.1610757290993381,0.048229680816316324,200000000.0,-0.0893332653948617,-0.047060390330969,True,True,10000
OPN,kept,kept_cap_le_cutoff,kept,kept_std_ge_cutoff,0.0469718977007977,0.2,0.1159040955215916,0.1159040955215916,0.1116954127073111,ok,4748627.0,25.0,2026-08-03T13:35:00Z,2026-08-27T11:40:00Z,10240074.0,0.19307493097364334,0.18623049421965293,False,ok,True,opinion,OPN-USDT-SWAP,OPNUSDT,1e-05,1.0,1.0,1e-05,1.0,1.0,5,yes,Opinion,markets_max_mcap,2,"opinion,open-ticketing-ecosystem",2386796.0,10240074.0,,30,30,30,30,0.31216247707025035,1.5073324807868138,1977101.580715,3196566.8652226673,2026-08-05,2026-09-03,opinion,Opinion,2026-08-05,2026-09-03,5395150.0,29.0,0.18623049421965293,0.12537490775840257,0.12874049987565248,0.07414007129277567,0.18623049421965293,0.12874049987565248,2026-07-22T11:05:00Z,2026-08-27T11:40:00Z,True,True,16.141819404112024,-1.6446769220374609,-2.786664827184632,1.141987905147171,0.06162640626370537,200000000.0,-0.04182394016406,-0.0870854076716476,True,True,10000
ORDER,kept,kept_cap_le_cutoff,kept,kept_std_ge_cutoff,0.0469718977007977,0.2,0.110285088358287,0.1083121047699271,0.110285088358287,ok,2059510.0,25.0,2026-08-03T13:35:00Z,2026-08-27T11:40:00Z,14088341.0,0.03429416987493417,0.5675522368421079,True,ok,True,orderly-network,ORDER-USDT-SWAP,ORDERUSDT,1e-05,1.0,1.0,1e-05,1.0,1.0,5,yes,Orderly,markets_max_mcap,2,"orderly-network,order-3",3232114.0,14088341.0,,30,30,30,30,0.04401665062252539,0.6496949298322371,483147.95950999996,620121.5836479999,2026-08-05,2026-09-03,orderly-network,Orderly,2026-08-05,2026-09-03,2692204.0,29.0,0.5675522368421079,0.33822788604459225,0.15688663366336655,0.28504822796387347,0.5675522368421079,0.28504822796387347,2026-07-22T11:05:00Z,2026-08-27T11:40:00Z,True,True,16.460858133862402,-3.372779913749259,-2.8870371967380457,-0.4857427170112132,0.055741118166221994,200000000.0,-0.3107526845328408,0.1392501039311821,True,True,10000
ORDI,kept,kept_cap_le_cutoff,kept,kept_std_ge_cutoff,0.0469718977007977,0.2,0.0598431420775692,0.0590691983058325,0.0598431420775692,ok,8388500.0,25.0,2026-08-03T13:35:00Z,2026-08-27T11:40:00Z,89258009.0,0.10610130333923312,0.13753328964100575,False,ok,True,ordinals,ORDI-USDT-SWAP,ORDIUSDT,0.001,1.0,1.0,0.001,0.01,0.01,5,yes,ORDI,markets_max_mcap,1,ordinals,19696010.0,89258009.0,,30,30,30,30,0.16413956072808358,0.9347622778390229,9470391.088365,14650770.388723332,2026-08-05,2026-09-03,ordinals,ORDI,2026-08-05,2026-09-03,9150419.0,29.0,0.027290025180989264,0.13753328964100575,0.00030879694835663564,0.09274449517212435,0.13753328964100575,0.09274449517212435,2026-07-22T11:05:00Z,2026-08-27T11:40:00Z,True,False,18.307041711292605,-2.2433609493732454,-3.467862667182507,1.2245017178092614,0.03118360923681784,200000000.0,-0.0821397413088074,0.0145502558109013,True,True,10000
PARTI,kept,kept_cap_le_cutoff,kept,kept_std_ge_cutoff,0.0469718977007977,0.2,0.1309386885401278,0.1309386885401278,0.0953673286140191,ok,2662496.0,25.0,2026-08-03T13:35:00Z,2026-08-27T11:40:00Z,5884159.0,0.18456072442977833,0.07031003289473696,False,ok,True,particle-network,PARTI-USDT-SWAP,PARTIUSDT,1e-05,1.0,1.0,1e-05,1.0,1.0,5,yes,Particle Network,markets_max_mcap,1,particle-network,12204502.0,5884159.0,,30,30,30,30,0.23866512609465515,0.6257237356760268,1085984.6477,1404343.549696,2026-08-05,2026-09-03,particle-network,Particle Network,2026-08-05,2026-09-03,3003126.0,29.0,0.04161027638088233,0.07031003289473696,0.0002524459330142142,0.03461021346530301,0.07031003289473696,0.03461021346530301,2026-07-22T11:05:00Z,2026-08-27T11:40:00Z,True,False,15.587774382772084,-1.689776739952158,-2.6123574267173844,0.9225806867652264,0.07336139563713709,200000000.0,-0.1156341777703219,-0.075323149814915,True,True,10000
PENDLE,dropped,dropped_large_cap,kept,kept_std_ge_cutoff,0.0469718977007977,0.2,0.0720634768562986,0.0701511666355946,0.0720634768562986,ok,6272383.0,25.0,2026-08-03T13:35:00Z,2026-08-27T11:40:00Z,333172929.0,0.010990445818903852,0.1492315605095548,False,ok,True,pendle,PENDLE-USDT-SWAP,PENDLEUSDT,0.001,1.0,1.0,0.0001,1.0,1.0,5,yes,Pendle,markets_max_mcap,1,pendle,49675270.0,333172929.0,,30,30,30,30,0.015306589837465457,0.8331214712033906,3661719.0245,5099741.369150002,2026-08-05,2026-09-03,pendle,Pendle,2026-08-05,2026-09-03,6866730.0,29.0,0.1492315605095548,0.019488538347840218,0.07704332756305685,0.0005107680011971099,0.1492315605095548,0.07704332756305685,2026-07-22T11:05:00Z,2026-08-27T11:40:00Z,True,False,19.624172219458167,-4.510728945520057,-3.8822434234596743,-0.6284855220603829,0.020604548564471636,200000000.0,-0.031555062273508,-0.1186478750900111,True,True,10000
PENGU,dropped,dropped_large_cap,dropped,dropped_low_vol,0.0469718977007977,0.2,0.0378523557922319,0.0378523557922319,0.0361282421806381,ok,16162679.0,25.0,2026-08-03T13:35:00Z,2026-08-27T11:40:00Z,561379530.0,0.04769482302289327,0.08577874108084678,False,ok,True,pudgy-penguins,PENGU-USDT-SWAP,PENGUUSDT,1e-06,1.0,1.0,1e-06,10.0,10.0,5,yes,Pudgy Penguins,markets_max_mcap,1,pudgy-penguins,212885374.0,561379530.0,,30,30,30,30,0.0804804832043882,0.9367324237596308,26774897.332025,45180095.83545233,2026-08-05,2026-09-03,pudgy-penguins,Pudgy Penguins,2026-08-05,2026-09-03,17280207.0,29.0,0.0629457068965523,0.08577874108084678,0.04108588965305292,0.05809485823853146,0.08577874108084678,0.05809485823853146,2026-07-22T11:05:00Z,2026-08-27T11:40:00Z,True,False,20.145907758811894,-3.042932418992683,-4.046385978835742,1.003453559843059,0.017485453385477044,200000000.0,-0.0194171926609629,-0.0087268461261683,True,True,10000
PEOPLE,kept,kept_cap_le_cutoff,kept,kept_std_ge_cutoff,0.0469718977007977,0.2,0.0621791855960366,0.0621791855960366,0.061089244937314,ok,8784435.0,25.0,2026-08-03T13:35:00Z,2026-08-27T11:40:00Z,43116927.0,0.16892337019537595,0.13106160118735816,False,ok,True,constitutiondao,PEOPLE-USDT-SWAP,PEOPLEUSDT,1e-06,1.0,1.0,1e-06,1.0,1.0,5,yes,ConstitutionDAO,markets_max_mcap,2,"constitutiondao,constitutiondao-wormhole",11998792.0,43116927.0,,30,30,30,30,0.321075460853393,1.535597838738081,7283456.621308,13843787.2071071,2026-08-05,2026-09-03,constitutiondao,ConstitutionDAO,2026-08-05,2026-09-03,9086422.0,29.0,0.03676085805205179,0.13106160118735816,0.0005632849780876576,0.09239827336289247,0.13106160118735816,0.09239827336289247,2026-07-22T11:05:00Z,2026-08-27T11:40:00Z,True,False,17.579426215791692,-1.7783100976864847,-3.2389484802925654,1.4606383826060807,0.03920509836573054,200000000.0,-0.0950438448421656,-0.0017284817361244,True,True,10000
PIEVERSE,dropped,dropped_large_cap,kept,kept_std_ge_cutoff,0.0469718977007977,0.2,0.0985405314392217,0.0985405314392217,0.0907777602969147,ok,5903143.0,25.0,2026-08-03T13:35:00Z,2026-08-27T11:40:00Z,310587775.0,0.022609431812955293,0.14140302898550683,False,ok,True,pieverse,PIEVERSE-USDT-SWAP,PIEVERSEUSDT,0.0001,1.0,1.0,0.0001,1.0,1.0,5,yes,Pieverse,markets_max_mcap,1,pieverse,4808078.0,310587775.0,,30,30,30,30,0.02874865188994212,0.9081670091785268,7022213.1208,8928979.824746666,2026-08-05,2026-09-03,pieverse,Pieverse,2026-08-05,2026-09-03,6199274.0,29.0,0.14140302898550683,0.10837046938027153,0.09280676711704879,0.06019876910017013,0.14140302898550683,0.09280676711704879,2026-07-22T11:05:00Z,2026-08-27T11:40:00Z,True,False,19.553977108599693,-3.789388122908272,-3.8601594287877985,0.07077130587952629,0.02106464094515025,200000000.0,-0.0411987243731623,-0.0525400653059,True,True,10000
PIPPIN,kept,kept_cap_le_cutoff,kept,kept_std_ge_cutoff,0.0469718977007977,0.2,0.1148044039105785,0.1032988557351628,0.1148044039105785,ok,5230271.0,25.0,2026-08-03T13:35:00Z,2026-08-27T11:40:00Z,20111296.0,0.17366449144202342,0.1123055790816326,False,ok,True,pippin,PIPPIN-USDT-SWAP,PIPPINUSDT,1e-05,1.0,1.0,1e-05,1.0,1.0,5,yes,pippin,markets_max_mcap,1,pippin,4975065.0,20111296.0,,30,30,30,30,0.19805571942063477,0.5407333519384763,3492617.99208,3983157.197761333,2026-08-05,2026-09-03,pippin,pippin,2026-08-05,2026-09-03,5648314.0,29.0,0.1123055790816326,0.0009227859033528686,0.05887066182027936,0.0001369363932646419,0.1123055790816326,0.05887066182027936,2026-07-22T11:05:00Z,2026-08-27T11:40:00Z,True,False,16.816792205221788,-1.7506300512611754,-2.9990171628540336,1.2483871115928582,0.0498360250023032,200000000.0,-0.0037710022871158,-0.1231943164554724,True,True,10000
PLUME,kept,kept_cap_le_cutoff,kept,kept_std_ge_cutoff,0.0469718977007977,0.2,0.0892162696820807,0.0892162696820807,0.0832934494084157,ok,5140374.0,25.0,2026-08-03T13:35:00Z,2026-08-27T11:40:00Z,93730773.0,0.0463156648016495,0.1326213235294122,False,ok,True,plume,PLUME-USDT-SWAP,PLUMEUSDT,1e-06,1.0,1.0,1e-06,1.0,1.0,5,yes,Plume,markets_max_mcap,1,plume,8664041.0,93730773.0,,30,30,30,30,0.05676960334984186,0.4972173000772997,4341203.0638675,5321058.804884066,2026-08-05,2026-09-03,plume,Plume,2026-08-05,2026-09-03,5426351.0,29.0,0.05292637917637991,0.1326213235294122,0.00741526243524951,0.07978182928182947,0.1326213235294122,0.07978182928182947,2026-07-22T11:05:00Z,2026-08-27T11:40:00Z,True,False,18.355937113781376,-3.0722750424625156,-3.483245587657102,0.4109705451945862,0.03070758496451268,200000000.0,-0.1099008829360069,-0.0380229971265527,True,True,10000
PNUT,kept,kept_cap_le_cutoff,kept,kept_std_ge_cutoff,0.0469718977007977,0.2,0.0547310875026424,0.047063556821558,0.0547310875026424,ok,6548478.0,25.0,2026-08-03T13:35:00Z,2026-08-27T11:40:00Z,50400979.0,0.06375615957717805,0.05588981818181899,False,ok,True,peanut-the-squirrel,PNUT-USDT-SWAP,PNUTUSDT,1e-05,1.0,1.0,1e-05,1.0,1.0,5,yes,Peanut the Squirrel,markets_max_mcap,4,"peanut-the-squirrel,peanut-3,pnut,pnut-the-squirrel",9083300.0,50400979.0,,30,30,30,30,0.10312570759996546,1.1094291507911636,3213372.8599699996,5197636.623106,2026-08-05,2026-09-03,peanut-the-squirrel,Peanut the Squirrel,2026-08-05,2026-09-03,7443593.0,29.0,0.0469919183428406,0.05588981818181899,0.019361189521379007,0.024212713904184887,0.05588981818181899,0.024212713904184887,2026-07-22T11:05:00Z,2026-08-27T11:40:00Z,True,False,17.735521157456116,-2.752689478792613,-3.2880573116323175,0.5353678328397047,0.03732629236035757,200000000.0,-0.0521100948284076,-0.0362175177043955,True,True,10000
POL,dropped,dropped_large_cap,dropped,dropped_low_vol,0.0469718977007977,0.2,0.0422788433835755,0.0422788433835755,0.0398074778471088,ok,8022841.0,25.0,2026-08-03T13:35:00Z,2026-08-27T11:40:00Z,1011941290.0,0.010726994094143544,0.107890044006506,False,ok,True,polygon-ecosystem-token,POL-USDT-SWAP,POLUSDT,1e-05,1.0,1.0,1e-05,1.0,1.0,5,no,POL (ex-MATIC),override,4,"polygon-ecosystem-token,anubis-bridged-pol-anubis,katana-bridged-pol-katana,proof-of-liquidity",64291782.0,1011941290.0,,30,30,30,30,0.017408912216798668,1.088365689339178,10855088.24145,17616797.086163998,2026-08-05,2026-09-03,polygon-ecosystem-token,POL (ex-MATIC),2026-08-05,2026-09-03,8967938.0,29.0,0.0267491919732449,0.107890044006506,0.01200981376405772,0.08339890465834952,0.107890044006506,0.08339890465834952,2026-07-22T11:05:00Z,2026-08-27T11:40:00Z,True,False,20.735136392294827,-4.534991901926935,-4.231762450832341,-0.30322945109459365,0.014526765263866738,200000000.0,-0.056293116520509,0.0218308108784106,True,True,10000
POPCAT,kept,kept_cap_le_cutoff,kept,kept_std_ge_cutoff,0.0469718977007977,0.2,0.0630478638895898,0.0630478638895898,0.0539405705344403,ok,4911448.0,25.0,2026-08-03T13:35:00Z,2026-08-27T11:40:00Z,53127369.0,0.03673079699965944,0.15962430107526906,False,ok,True,popcat,POPCAT-USDT-SWAP,POPCATUSDT,1e-05,1.0,1.0,1e-05,1.0,1.0,5,yes,Popcat,markets_max_mcap,1,popcat,10067559.0,53127369.0,,30,30,30,30,0.06504503884614225,1.0151699271444172,1951410.605865,3455671.7803983334,2026-08-05,2026-09-03,popcat,Popcat,2026-08-05,2026-09-03,5222659.0,29.0,-0.02211357529986691,0.15962430107526906,-0.04735929262279578,0.10496989475222962,0.15962430107526906,0.10496989475222962,2026-07-22T11:05:00Z,2026-08-27T11:40:00Z,True,True,17.788202777155796,-3.304139720511504,-3.3046314090947355,0.0004916885832315643,0.036712741325369926,200000000.0,-0.1276234058751121,0.0192442048723717,True,True,10000
PROVE,kept,kept_cap_le_cutoff,kept,kept_std_ge_cutoff,0.0469718977007977,0.2,0.0661278220689681,0.0636982701676336,0.0661278220689681,ok,1798717.0,25.0,2026-08-03T13:35:00Z,2026-08-27T11:40:00Z,35201517.0,0.03021887259432598,0.13520213429256608,False,ok,True,succinct,PROVE-USDT-SWAP,PROVEUSDT,0.0001,1.0,1.0,0.0001,1.0,1.0,5,yes,Succinct,markets_max_mcap,1,succinct,4365156.0,35201517.0,,30,30,30,30,0.033404168538532016,0.4161764317010145,1063750.15735,1175877.4066799998,2026-08-05,2026-09-03,succinct,Succinct,2026-08-05,2026-09-03,1888843.0,29.0,0.13520213429256608,0.00026267194323129886,0.1286713804322563,-0.059457505179681194,0.13520213429256608,0.1286713804322563,2026-07-22T11:05:00Z,2026-08-27T11:40:00Z,True,False,17.376599736230602,-3.499288629440799,-3.1751374991692014,-0.3241511302715976,0.041788357825392725,200000000.0,0.0094933624873169,-0.1678077506495936,True,True,10000
PYTH,dropped,dropped_large_cap,kept,kept_std_ge_cutoff,0.0469718977007977,0.2,0.0488684954809983,0.0488684954809983,0.0486273627392235,ok,6193776.0,25.0,2026-08-03T13:35:00Z,2026-08-27T11:40:00Z,441345036.0,0.008364346402890096,0.1238117497773821,False,ok,True,pyth-network,PYTH-USDT-SWAP,PYTHUSDT,1e-05,1.0,1.0,1e-05,1.0,1.0,5,yes,Pyth Network,markets_max_mcap,1,pyth-network,62010002.0,441345036.0,,30,30,30,30,0.012244034012287689,0.8200672659613991,3691562.7643,5403843.631938334,2026-08-05,2026-09-03,pyth-network,Pyth Network,2026-08-05,2026-09-03,6701982.0,29.0,0.1238117497773821,0.0008629771969614033,0.08148913633461047,-0.0205844180957429,0.1238117497773821,0.08148913633461047,2026-07-22T11:05:00Z,2026-08-27T11:40:00Z,True,False,19.905337522057874,-4.7837770823372,-3.970700482200524,-0.813076600136676,0.018860217260460423,200000000.0,0.0065013090385161,-0.0984770746341651,True,True,10000
QTUM,kept,kept_cap_le_cutoff,kept,kept_std_ge_cutoff,0.0469718977007977,0.2,0.0615154182644362,0.0615154182644362,0.060049722963896,ok,3050008.0,25.0,2026-08-03T13:35:00Z,2026-08-27T11:40:00Z,91950865.0,0.0066251772302522655,0.062094282941033245,False,ok,True,qtum,QTUM-USDT-SWAP,QTUMUSDT,0.0001,1.0,1.0,0.0001,0.1,0.1,5,yes,Qtum,markets_max_mcap,1,qtum,3114487.0,91950865.0,,30,30,30,30,0.0085724942932692,0.8591425487116653,609190.7771000001,788248.2654736665,2026-08-05,2026-09-03,qtum,Qtum,2026-08-05,2026-09-03,3372047.0,29.0,0.062094282941033245,0.05722342428376563,0.028424718397997557,0.015285568685877217,0.062094282941033245,0.028424718397997557,2026-07-22T11:05:00Z,2026-08-27T11:40:00Z,True,False,18.336764916256925,-5.016878155731481,-3.477213846944678,-1.5396643087868034,0.030893364879810887,200000000.0,-0.0651201630583779,-0.0729645830199043,True,True,10000
RAVE,kept,kept_cap_le_cutoff,kept,kept_std_ge_cutoff,0.0469718977007977,0.2,0.0960195329075564,0.0960195329075564,0.0933519183415765,ok,9331819.0,25.0,2026-08-03T13:35:00Z,2026-08-27T11:40:00Z,68341650.0,0.0459461123400591,0.33091507465988224,False,ok,True,ravedao,RAVE-USDT-SWAP,RAVEUSDT,0.0001,0.01,0.01,1e-05,1.0,1.0,5,yes,RaveDAO,markets_max_mcap,1,ravedao,1955615.0,68341650.0,,30,30,30,30,0.0821188331153745,1.1977702311553788,3140033.128405,5612136.551179334,2026-08-05,2026-09-03,ravedao,RaveDAO,2026-08-05,2026-09-03,10062582.0,29.0,0.000640090420262833,0.33091507465988224,-0.037953265214028094,0.26673670595939664,0.33091507465988224,0.26673670595939664,2026-07-22T11:05:00Z,2026-08-27T11:40:00Z,True,True,18.04002994834591,-3.0802860400696783,-3.383858435575381,0.3035723955057028,0.03391633793952052,200000000.0,-0.2108585148676547,0.1235830006644313,True,True,10000
RE,kept,kept_cap_le_cutoff,dropped,dropped_low_vol,0.0469718977007977,0.2,0.0429604278062608,0.0429604278062608,0.0427646127927394,ok,9657290.0,25.0,2026-08-03T13:35:00Z,2026-08-27T11:40:00Z,74921785.0,0.26713259052156857,0.16035947990543634,False,ok,True,re,RE-USDT-SWAP,REUSDT,1e-05,1.0,1.0,0.0001,1.0,1.0,5,yes,RE,markets_max_mcap,1,re,8146889.0,74921785.0,,30,30,30,30,0.3533002172765461,1.0217227133155926,20014050.51355,26469882.91924667,2026-08-05,2026-09-03,re,RE,2026-08-05,2026-09-03,11702089.0,29.0,0.16035947990543634,0.0724550208715985,0.060347659889877454,0.039674802956528345,0.16035947990543634,0.060347659889877454,2026-07-22T11:05:00Z,2026-08-27T11:40:00Z,True,True,18.131955260670114,-1.3200101501300001,-3.412778941330708,2.092768791200708,0.03294950828103002,200000000.0,-0.0092151877142404,-0.0324267627992226,True,True,10000
RECALL,kept,kept_cap_le_cutoff,kept,kept_std_ge_cutoff,0.0469718977007977,0.2,0.1061541667324332,0.1061541667324332,0.1025669952083345,ok,2658982.0,25.0,2026-08-03T13:35:00Z,2026-08-27T11:40:00Z,13565793.0,0.03137958113101092,0.23085934291581103,False,ok,True,recall,RECALL-USDT-SWAP,RECALLUSDT,1e-05,1.0,1.0,1e-05,1.0,1.0,5,yes,Recall,markets_max_mcap,1,recall,7166019.0,13565793.0,,30,30,30,30,0.05357220377034598,1.03451665694785,425688.90205000003,726749.4269023334,2026-08-05,2026-09-03,recall,Recall,2026-08-05,2026-09-03,2887701.0,29.0,-0.021160614184742087,0.23085934291581103,-0.08196212316413194,0.14769431891542917,0.23085934291581103,0.14769431891542917,2026-07-22T11:05:00Z,2026-08-27T11:40:00Z,True,True,16.423061961636673,-3.4615978800451503,-2.8751461909992955,-0.5864516890458549,0.056407892574794984,200000000.0,-0.240571227679655,-0.0172468525609419,True,True,10000
RENDER,dropped,dropped_large_cap,kept,kept_std_ge_cutoff,0.0469718977007977,0.2,0.074690479718874,0.074690479718874,0.058282030388029,ok,5597316.0,25.0,2026-08-03T13:35:00Z,2026-08-27T11:40:00Z,768417747.0,0.007741041315597049,0.07951059031910708,False,ok,True,render-token,RENDER-USDT-SWAP,RENDERUSDT,0.001,1.0,1.0,0.0001,0.1,0.1,5,no,Render,override,1,render-token,32397809.0,768417747.0,,30,30,30,30,0.008518085095816594,0.43731570766824396,5948353.527165,6545447.758081666,2026-08-05,2026-09-03,render-token,Render,2026-08-05,2026-09-03,6032432.0,29.0,0.04526493714715826,0.07951059031910708,0.007983660233003833,0.06780029232061954,0.07951059031910708,0.06780029232061954,2026-07-22T11:05:00Z,2026-08-27T11:40:00Z,True,False,20.459844084635694,-4.8612190635309345,-4.145153087570414,-0.7160659759605208,0.015841010703846675,200000000.0,-0.1073747478272756,-0.038280434203127,True,True,10000
RESOLV,kept,kept_cap_le_cutoff,kept,kept_std_ge_cutoff,0.0469718977007977,0.2,0.0861719430671182,0.082822012095502,0.0861719430671182,ok,3423141.0,25.0,2026-08-03T13:35:00Z,2026-08-27T11:40:00Z,8416720.0,0.2021327922094355,0.17416237013409683,False,ok,True,resolv,RESOLV-USDT-SWAP,RESOLVUSDT,1e-05,1.0,1.0,1e-05,1.0,1.0,5,yes,Resolv,markets_max_mcap,1,resolv,2586555.0,8416720.0,,30,30,30,30,0.3557732180189749,1.4224815744138923,1701295.114845,2994443.559564667,2026-08-05,2026-09-03,resolv,Resolv,2026-08-05,2026-09-03,3684968.0,29.0,0.05248791874823284,0.17416237013409683,0.0006371784855592447,0.11623376818803625,0.17416237013409683,0.11623376818803625,2026-07-22T11:05:00Z,2026-08-27T11:40:00Z,True,True,15.94573076163112,-1.5988304103898066,-2.724973628427291,1.1261432180374844,0.06554793129726769,200000000.0,-0.1228741972389642,-0.0180356115201489,True,True,10000
RIVER,kept,kept_cap_le_cutoff,kept,kept_std_ge_cutoff,0.0469718977007977,0.2,0.1120013609286431,0.1119676997343481,0.1120013609286431,ok,6024841.0,25.0,2026-08-03T13:35:00Z,2026-08-27T11:40:00Z,25448933.0,0.3894174791886167,0.12407935860058283,False,ok,True,river,RIVER-USDT-SWAP,RIVERUSDT,0.001,1.0,1.0,0.001,0.1,0.1,5,yes,River,markets_max_mcap,1,river,2459823.0,25448933.0,,30,30,30,30,0.48079846824972977,1.0364830044954685,9910259.3369,12235808.004989998,2026-08-05,2026-09-03,river,River,2026-08-05,2026-09-03,6384979.0,29.0,0.04037009512683648,0.12407935860058283,0.0005683946699747518,0.07830045911463343,0.12407935860058283,0.07830045911463343,2026-07-22T11:05:00Z,2026-08-27T11:40:00Z,True,False,17.052184374738104,-0.9431032995614236,-3.073073594332298,2.1299702947708745,0.046278694104396285,200000000.0,-0.0914274008795728,-0.0082921676981902,True,True,10000
RSR,kept,kept_cap_le_cutoff,kept,kept_std_ge_cutoff,0.0469718977007977,0.2,0.0799046295160254,0.0799046295160254,0.0779324624804021,ok,3504505.0,25.0,2026-08-03T13:35:00Z,2026-08-27T11:40:00Z,87200613.0,0.00630810610099725,0.2150284905660375,False,ok,True,reserve-rights-token,RSR-USDT-SWAP,RSRUSDT,1e-06,1.0,1.0,1e-07,10.0,10.0,5,yes,Reserve Rights,markets_max_mcap,1,reserve-rights-token,14118518.0,87200613.0,,30,30,30,30,0.009013889526937918,0.7101766175614564,550070.718876,786016.6922632665,2026-08-05,2026-09-03,reserve-rights-token,Reserve Rights,2026-08-05,2026-09-03,3693036.0,29.0,0.2150284905660375,-0.04025551592962385,0.16495117508813248,-0.08821624276261318,0.2150284905660375,0.16495117508813248,2026-07-22T11:05:00Z,2026-08-27T11:40:00Z,True,True,18.283721918671013,-5.065919789953484,-3.4605260568444614,-1.6053937331090227,0.031413232525045895,200000000.0,0.0434794600321393,-0.2080029509024822,True,True,10000
RVN,kept,kept_cap_le_cutoff,kept,kept_std_ge_cutoff,0.0469718977007977,0.2,0.3729880945337899,0.3633820221525446,0.3729880945337899,ok,2901227.0,25.0,2026-08-03T13:35:00Z,2026-08-27T11:40:00Z,51150481.0,0.01934415619542268,0.9283095721925148,True,ok,True,ravencoin,RVN-USDT-SWAP,RVNUSDT,1e-06,1.0,1.0,1e-06,1.0,1.0,5,yes,Ravencoin,markets_max_mcap,1,ravencoin,1523879.0,51150481.0,,30,30,30,30,0.031743168128845166,1.043520415218343,989462.893935,1623678.3182542997,2026-08-05,2026-09-03,ravencoin,Ravencoin,2026-08-05,2026-09-03,3043012.0,29.0,0.9283095721925148,0.6324103222748818,0.3228045177664977,0.5300509702725014,0.9283095721925148,0.5300509702725014,2026-07-22T11:05:00Z,2026-08-27T11:40:00Z,True,True,17.75028245403226,-3.9453649105236748,-3.2927013443997106,-0.6526635661239641,0.03715334972201208,200000000.0,-0.0961652394334284,-0.0235112413302577,True,True,10000
S,kept,kept_cap_le_cutoff,kept,kept_std_ge_cutoff,0.0469718977007977,0.2,0.0537450754975155,0.0537450754975155,0.0510813365904619,ok,3761669.0,25.0,2026-08-03T13:35:00Z,2026-08-27T11:40:00Z,109557856.0,0.015089788366842447,0.0942817081850532,False,ok,True,sonic-3,S-USDT-SWAP,SUSDT,1e-05,1.0,1.0,1e-05,1.0,1.0,5,yes,Sonic,override,2,"sonic-3,agent-s",15115779.0,109557856.0,,30,30,30,30,0.019326711785451516,0.7782335920525206,1653204.860965,2117393.106744,2026-08-05,2026-09-03,sonic-3,Sonic,2026-08-05,2026-09-03,4054889.0,29.0,0.04119384162062642,0.0942817081850532,0.0004975548244120515,0.044456726378644354,0.0942817081850532,0.044456726378644354,2026-07-22T11:05:00Z,2026-08-27T11:40:00Z,True,False,18.51196333298184,-4.193737031029524,-3.532332798309752,-0.6614042327197724,0.02923663308478416,200000000.0,-0.0854466843870011,-0.0384810574449727,True,True,10000
SAHARA,kept,kept_cap_le_cutoff,kept,kept_std_ge_cutoff,0.0469718977007977,0.2,0.063616466329768,0.0592096785397129,0.063616466329768,ok,5166575.0,25.0,2026-08-03T13:35:00Z,2026-08-27T11:40:00Z,33472861.0,0.07017781140263152,0.167643854000638,False,ok,True,sahara-ai,SAHARA-USDT-SWAP,SAHARAUSDT,1e-06,1.0,1.0,1e-06,1.0,1.0,5,yes,Sahara AI,markets_max_mcap,1,sahara-ai,12358117.0,33472861.0,,30,30,30,30,0.0757446642818969,0.42787350422207554,2349052.1263645003,2535390.6189996,2026-08-05,2026-09-03,sahara-ai,Sahara AI,2026-08-05,2026-09-03,5563524.0,29.0,0.167643854000638,0.07705576020627405,0.13269865166505843,0.01355253528847426,0.167643854000638,0.13269865166505843,2026-07-22T11:05:00Z,2026-08-27T11:40:00Z,True,True,17.326245549068254,-2.6567230947987897,-3.159295632301265,0.5025725375024752,0.04245563492901809,200000000.0,0.0448736367339286,-0.1155811576616722,True,True,10000
SAND,kept,kept_cap_le_cutoff,kept,kept_std_ge_cutoff,0.0469718977007977,0.2,0.0890477612191705,0.0830049330538429,0.0890477612191705,ok,6105323.0,25.0,2026-08-03T13:35:00Z,2026-08-27T11:40:00Z,118810003.0,0.042909014332235984,0.23601710776846982,False,ok,True,the-sandbox,SAND-USDT-SWAP,SANDUSDT,1e-05,1.0,1.0,1e-05,1.0,1.0,5,yes,The Sandbox,markets_max_mcap,2,"the-sandbox,the-sandbox-wormhole",19222195.0,118810003.0,,30,30,30,30,0.06028865683738768,0.8854892519626743,5098020.121540001,7162895.499716001,2026-08-05,2026-09-03,the-sandbox,The Sandbox,2026-08-05,2026-09-03,6769331.0,29.0,0.23601710776846982,0.06584910458783402,0.16648403179933532,0.04128503171763196,0.23601710776846982,0.16648403179933532,2026-07-22T11:05:00Z,2026-08-27T11:40:00Z,True,True,18.59303616168487,-3.1486733508266385,-3.557839017976838,0.40916566715019975,0.028500346953436635,200000000.0,0.0010869658596008,-0.0651641053323645,True,True,10000
SAPIEN,kept,kept_cap_le_cutoff,kept,kept_std_ge_cutoff,0.0469718977007977,0.2,0.0771526469687545,0.0720982003480626,0.0771526469687545,ok,1657558.0,25.0,2026-08-03T13:35:00Z,2026-08-27T11:40:00Z,15189734.0,0.01812057997131484,0.0881920920043819,False,ok,True,sapien-2,SAPIEN-USDT-SWAP,SAPIENUSDT,1e-05,1.0,1.0,1e-05,1.0,1.0,5,yes,Sapien,markets_max_mcap,1,sapien-2,1573709.0,15189734.0,,30,30,30,30,0.02319522269929151,0.640615459615922,275246.78969,352329.26287300006,2026-08-05,2026-09-03,sapien-2,Sapien,2026-08-05,2026-09-03,2079763.0,29.0,0.0881920920043819,0.03838757459095283,0.037800305897418014,-0.01221115208291842,0.0881920920043819,0.037800305897418014,2026-07-22T11:05:00Z,2026-08-27T11:40:00Z,True,False,16.53613036289789,-4.010706971632569,-2.910718497111108,-1.099988474521461,0.05443660327250992,200000000.0,-0.076241822542611,-0.1297687836663112,True,True,10000
SEI,dropped,dropped_large_cap,dropped,dropped_low_vol,0.0469718977007977,0.2,0.035792217284873,0.035792217284873,0.0346428793836703,ok,6342560.0,25.0,2026-08-03T13:35:00Z,2026-08-27T11:40:00Z,332528552.0,0.015078327093157403,0.07331854727585917,False,ok,True,sei-network,SEI-USDT-SWAP,SEIUSDT,1e-05,1.0,1.0,1e-05,1.0,1.0,5,yes,Sei,markets_max_mcap,2,"sei-network,layerzero-bridged-sei",57939628.0,332528552.0,,30,30,30,30,0.017184619108135013,0.5795617948067862,5013974.27487,5714376.508699669,2026-08-05,2026-09-03,sei-network,Sei,2026-08-05,2026-09-03,7088722.0,29.0,0.07331854727585917,0.02191122774937899,0.04894136706627049,0.000788150175833278,0.07331854727585917,0.04894136706627049,2026-07-22T11:05:00Z,2026-08-27T11:40:00Z,True,False,19.6222362850502,-4.194496858023137,-3.881634361594428,-0.3128624964287088,0.020617101831722995,200000000.0,-0.0045731735914899,-0.0491396995427394,True,True,10000
SENT,kept,kept_cap_le_cutoff,kept,kept_std_ge_cutoff,0.0469718977007977,0.2,0.0824511673487688,0.0824511673487688,0.0783694416927476,ok,2489773.0,25.0,2026-08-03T13:35:00Z,2026-08-27T11:40:00Z,95787395.0,0.011904073823283325,0.29498755665722387,False,ok,True,sentient,SENT-USDT-SWAP,SENTUSDT,1e-05,1.0,1.0,1e-06,10.0,10.0,5,yes,Sentient,markets_max_mcap,2,"sentient,sentiient",7735459.0,95787395.0,,30,30,30,30,0.0114934556318327,0.42203007088553607,1140260.2214199998,1100928.1745213333,2026-08-05,2026-09-03,sentient,Sentient,2026-08-05,2026-09-03,2702758.0,29.0,0.29498755665722387,-0.0677072413793093,0.23951500223413807,-0.10979030375995512,0.29498755665722387,0.23951500223413807,2026-07-22T11:05:00Z,2026-08-27T11:40:00Z,True,True,18.377641658083764,-4.4308745993579315,-3.49007402677298,-0.9408005725849513,0.03049861437364734,200000000.0,0.1020190079438942,-0.2313815272527533,True,True,10000
SHAZ,held_out,held_out_no_metrics,held_out,held_out_no_std,0.0469718977007977,0.2,0.1551993416310547,0.1537520024138468,0.1551993416310547,ok,3213249.0,25.0,2026-08-03T13:35:00Z,2026-08-27T11:40:00Z,,,0.4188147749510771,False,unmatched_coingecko,False,,SHAZ-USDT-SWAP,SHAZUSDT,0.01,0.1,0.1,0.01,0.01,0.01,5,no,,unmatched,0,,,,no CoinGecko coins/list symbol match,30,0,30,0,,0.9704318372055739,1243341.24,1577888.1021599998,2026-08-05,2026-09-03,,,2026-08-05,2026-09-03,4127366.0,29.0,0.4188147749510771,0.20965730769230836,0.20917045454545438,0.057276866905483836,0.4188147749510771,0.20917045454545438,2026-07-22T11:05:00Z,2026-08-27T11:40:00Z,True,True,,,,,,200000000.0,-0.121147018116955,-0.2180279380339318,True,True,10000
SHELL,kept,kept_cap_le_cutoff,kept,kept_std_ge_cutoff,0.0469718977007977,0.2,0.1015337496959293,0.1015337496959293,0.100502457693939,ok,2118829.0,25.0,2026-08-03T13:35:00Z,2026-08-27T11:40:00Z,6031543.0,0.056016007768658865,0.13470968954248372,False,ok,True,myshell,SHELL-USDT-SWAP,SHELLUSDT,1e-05,1.0,1.0,1e-05,1.0,1.0,5,yes,MyShell,markets_max_mcap,2,"myshell,stargate-bridged-shell-avalanche",3986647.0,6031543.0,,30,30,30,30,0.1288981392527031,1.6706489223434973,337862.959545,777454.6695226666,2026-08-05,2026-09-03,myshell,MyShell,2026-08-05,2026-09-03,2295135.0,29.0,0.08884148682559653,0.13470968954248372,0.0007270600307042357,0.050229939997273175,0.13470968954248372,0.050229939997273175,2026-07-22T11:05:00Z,2026-08-27T11:40:00Z,True,False,15.612513423200328,-2.8821177760834105,-2.6201405448052837,-0.2619772312781268,0.07279263148225347,200000000.0,-0.1459832354012134,-0.0953994348401615,True,True,10000
SIGN,kept,kept_cap_le_cutoff,kept,kept_std_ge_cutoff,0.0469718977007977,0.2,0.1278549788699397,0.1278549788699397,0.1031479838317625,ok,2968371.0,25.0,2026-08-03T13:35:00Z,2026-08-27T11:40:00Z,26718183.0,0.03691609619299337,0.2915270673379483,False,ok,True,sign-global,SIGN-USDT-SWAP,SIGNUSDT,1e-06,1.0,1.0,1e-06,10.0,10.0,5,yes,Sign,markets_max_mcap,1,sign-global,6331109.0,26718183.0,,30,30,30,30,0.041281497232278114,0.6167628175702352,986331.01373,1102966.597566,2026-08-05,2026-09-03,sign-global,Sign,2026-08-05,2026-09-03,3669450.0,29.0,0.00040193898397398054,0.2915270673379483,-0.046738864411225045,0.2465301791185483,0.2915270673379483,0.2465301791185483,2026-07-22T11:05:00Z,2026-08-27T11:40:00Z,True,True,17.100854902823507,-3.299107611855867,-3.0883857673564634,-0.21072184449940368,0.04557546445996932,200000000.0,-0.2691787768669316,0.099971833650402,True,True,10000
SKY,dropped,dropped_large_cap,dropped,dropped_low_vol,0.0469718977007977,0.2,0.0458636731483643,0.0458636731483643,0.0440167129981576,ok,3314448.0,25.0,2026-08-03T13:35:00Z,2026-08-27T11:40:00Z,1609117154.0,0.001135176502070899,0.05685415391192865,False,ok,True,sky,SKY-USDT-SWAP,SKYUSDT,1e-05,1.0,1.0,1e-05,10.0,10.0,5,no,Sky,markets_max_mcap,7,"sky,darkcrypto-share,skycastle,skycoin,skydrome,skynet-3,sky-super-cat",9842142.0,1609117154.0,,30,30,30,30,0.0013297975750434393,0.4642198763827148,1826631.9823,2139800.08935,2026-08-05,2026-09-03,sky,Sky,2026-08-05,2026-09-03,3640968.0,29.0,0.05685415391192865,0.05182567302452287,0.029229887100713548,0.018739547782818944,0.05685415391192865,0.029229887100713548,2026-07-22T11:05:00Z,2026-08-27T11:40:00Z,True,False,21.19895151399029,-6.7809671317064435,-4.377682737174076,-2.403284394532368,0.012554416823731939,200000000.0,-0.0403771741508316,-0.048173957385402,True,True,10000
SNX,kept,kept_cap_le_cutoff,kept,kept_std_ge_cutoff,0.0469718977007977,0.2,0.0590846791751893,0.0581018306224788,0.0590846791751893,ok,3113768.0,25.0,2026-08-03T13:35:00Z,2026-08-27T11:40:00Z,125428524.0,0.009617285895830203,0.13415143209876548,False,ok,True,havven,SNX-USDT-SWAP,SNXUSDT,0.0001,1.0,1.0,0.0001,0.1,0.1,5,yes,Synthetix,markets_max_mcap,1,havven,14642107.0,125428524.0,,30,30,30,30,0.009912252448770479,0.5484902326153434,1206281.9748,1243279.1941646668,2026-08-05,2026-09-03,havven,Synthetix,2026-08-05,2026-09-03,3461902.0,29.0,0.0008910187840495392,0.13415143209876548,-0.04204709216613268,0.0933868414357108,0.13415143209876548,0.0933868414357108,2026-07-22T11:05:00Z,2026-08-27T11:40:00Z,True,False,18.64724662441189,-4.644193185521657,-3.5748941028022916,-1.0692990827193656,0.028018392686394982,200000000.0,-0.1102010969110499,-0.0110331458518927,True,True,10000
SNXX,held_out,held_out_no_metrics,held_out,held_out_no_std,0.0469718977007977,0.2,0.0831414121848286,0.0807449793356783,0.0831414121848286,ok,19895751.0,25.0,2026-08-03T13:35:00Z,2026-08-27T11:40:00Z,,,0.1263907703488393,False,missing_market_cap,False,td-synnex-xstock,SNXX-USDT-SWAP,SNXXUSDT,0.01,0.1,0.1,0.01,0.01,0.01,5,no,TD Synnex xStock,unique_symbol_not_in_top_markets,1,td-synnex-xstock,,,in coins/list but not in cached /markets pages,30,0,30,0,,0.778290046199923,111905009.26635,135918693.14214668,2026-08-05,2026-09-03,td-synnex-xstock,TD Synnex xStock,2026-08-05,2026-09-03,22373316.0,29.0,0.0953599141053509,0.1263907703488393,0.000940876320135001,0.05447362639294127,0.1263907703488393,0.05447362639294127,2026-07-22T11:05:00Z,2026-08-27T11:40:00Z,True,False,,,,,,200000000.0,-0.0797757794669866,-0.0815087690517109,True,True,10000
SOL,dropped,dropped_large_cap,dropped,dropped_low_vol,0.0469718977007977,0.2,0.0164329705947826,0.0164329705947826,0.0161313185677073,ok,35173288.0,25.0,2026-08-03T13:35:00Z,2026-08-27T11:40:00Z,61497956823.0,0.01921966582461643,0.03949701872004487,False,ok,True,solana,SOL-USDT-SWAP,SOLUSDT,0.01,0.01,0.01,0.01,0.1,0.1,5,no,Solana,markets_max_mcap,11,"solana,allbridge-bridged-sol-near-protocol,base-bridged-sol-base,binance-peg-sol,hyperlane-bridged-sol-eclipse,near-intents-bridged-sol,neonpass-bridged-sol-neon-evm,osmosis-allsol,sol-the-trophy-tomato,wormhole-bridged-sol,wormhole-bridged-wrapped-sol-sui",3992997479.0,61497956823.0,,30,30,30,30,0.024846562070400074,0.5896746377800263,1181970179.03475,1528012801.405453,2026-08-05,2026-09-03,solana,Solana,2026-08-05,2026-09-03,38501590.0,29.0,0.03949701872004487,0.02015718208008478,0.01988114373365586,0.0009348923482409462,0.03949701872004487,0.01988114373365586,2026-07-22T11:05:00Z,2026-08-27T11:40:00Z,True,False,24.842269788816765,-3.951821262447729,-5.523902472212853,1.5720812097651242,0.003990245695275744,200000000.0,-0.0054611989357921,-0.0187348741653357,True,True,10000
SOON,kept,kept_cap_le_cutoff,kept,kept_std_ge_cutoff,0.0469718977007977,0.2,0.116623206802127,0.1129421864621159,0.116623206802127,ok,3466595.0,25.0,2026-08-03T13:35:00Z,2026-08-27T11:40:00Z,65518718.0,0.03271431373901425,0.3836767432950193,False,ok,True,soon-2,SOON-USDT-SWAP,SOONUSDT,0.0001,0.1,0.1,1e-05,1.0,1.0,5,yes,SOON,markets_max_mcap,2,"soon-2,southern-ondo-tokenized-stock",5140770.0,65518718.0,,30,30,30,30,0.03740507887006174,0.6000689754608847,2143399.8964299997,2450732.814255334,2026-08-05,2026-09-03,soon-2,SOON,2026-08-05,2026-09-03,3692075.0,29.0,0.0008779515633318888,0.3836767432950193,-0.04835597948896213,0.29252662082514774,0.3836767432950193,0.29252662082514774,2026-07-22T11:05:00Z,2026-08-27T11:40:00Z,True,True,17.997846430773095,-3.419942567832487,-3.3705871326893826,-0.049355435143104476,0.034369451989532784,200000000.0,-0.2040071977130435,0.0677121505822044,True,True,10000
SOPH,kept,kept_cap_le_cutoff,kept,kept_std_ge_cutoff,0.0469718977007977,0.2,0.1125644330273988,0.1125644330273988,0.1064675712911734,ok,2351300.0,25.0,2026-08-03T13:35:00Z,2026-08-27T11:40:00Z,16220524.0,0.056192300399481546,0.35679165996553774,False,ok,True,sophon,SOPH-USDT-SWAP,SOPHUSDT,1e-06,1.0,1.0,1e-06,10.0,10.0,5,yes,Sophon,markets_max_mcap,2,"sophon,sophiaverse",12703347.0,16220524.0,,30,30,30,30,0.09643592192362796,1.3930179837530636,911468.557245,1564241.1860243334,2026-08-05,2026-09-03,sophon,Sophon,2026-08-05,2026-09-03,2650873.0,29.0,0.35679165996553774,-0.02498404528301928,0.2817777675700507,-0.09159424860853443,0.35679165996553774,0.2817777675700507,2026-07-22T11:05:00Z,2026-08-27T11:40:00Z,True,True,16.601787911925033,-2.8789755350362816,-2.931374935218419,0.05239940018213751,0.05332367112589938,200000000.0,0.1202767755745565,-0.2649897658991636,True,True,10000
SPACE,kept,kept_cap_le_cutoff,kept,kept_std_ge_cutoff,0.0469718977007977,0.2,0.1128557365693378,0.1128557365693378,0.1082820060818807,ok,2388858.0,25.0,2026-08-03T13:35:00Z,2026-08-27T11:40:00Z,29802024.0,0.04407199396574542,0.350685280985374,False,ok,True,spacecoin-2,SPACE-USDT-SWAP,SPACEUSDT,1e-06,1.0,1.0,1e-06,10.0,10.0,5,yes,Spacecoin,markets_max_mcap,5,"spacecoin-2,microvisionchain,space-4,spacelens,space-token-bsc",737528.0,29802024.0,,30,30,30,30,0.05442508387319601,0.6320042984950711,1313434.6218949999,1621977.6557909998,2026-08-05,2026-09-03,spacecoin-2,Spacecoin,2026-08-05,2026-09-03,2621983.0,29.0,0.350685280985374,-0.04058723644828714,0.285232012987013,-0.09575539042226965,0.350685280985374,0.285232012987013,2026-07-22T11:05:00Z,2026-08-27T11:40:00Z,True,True,17.2100868686323,-3.121930755729833,-3.122751097383273,0.0008203416534402486,0.044035854698644905,200000000.0,0.1138992685331866,-0.2486505978923389,True,True,10000
SPK,kept,kept_cap_le_cutoff,kept,kept_std_ge_cutoff,0.0469718977007977,0.2,0.0810276583255167,0.0810276583255167,0.0755762726136732,ok,4179315.0,25.0,2026-08-03T13:35:00Z,2026-08-27T11:40:00Z,65793815.0,0.026642887187800255,0.0977081129925109,False,ok,True,spark-2,SPK-USDT-SWAP,SPKUSDT,1e-05,1.0,1.0,1e-06,10.0,10.0,5,yes,Spark,markets_max_mcap,1,spark-2,38587850.0,65793815.0,,30,30,30,30,0.10000003596778308,2.1047543135594546,1752937.1907000002,6579383.866457668,2026-08-05,2026-09-03,spark-2,Spark,2026-08-05,2026-09-03,4363378.0,29.0,0.08422693709080535,0.0977081129925109,0.03577726700251849,0.04508478624400162,0.0977081129925109,0.04508478624400162,2026-07-22T11:05:00Z,2026-08-27T11:40:00Z,True,False,18.002036394917067,-3.6252330612619814,-3.371905331987014,-0.2533277292749676,0.03432417604997222,200000000.0,-0.0898316988502763,-0.083749709313664,True,True,10000
SPX,dropped,dropped_large_cap,kept,kept_std_ge_cutoff,0.0469718977007977,0.2,0.0738057776542713,0.0738057776542713,0.0688097727256562,ok,6721120.0,25.0,2026-08-03T13:35:00Z,2026-08-27T11:40:00Z,550507580.0,0.010239491180484745,0.1807880940092173,False,ok,True,spx6900,SPX-USDT-SWAP,SPXUSDT,0.0001,1.0,1.0,0.0001,1.0,1.0,5,yes,SPX6900,markets_max_mcap,2,"spx6900,shopinx",13855065.0,550507580.0,,30,30,30,30,0.013855324165757476,1.1183344989640605,5636917.510199999,7627460.976606667,2026-08-05,2026-09-03,spx6900,SPX6900,2026-08-05,2026-09-03,7196760.0,29.0,0.03184973348590846,0.1807880940092173,0.00045536792034357786,0.13312143274341534,0.1807880940092173,0.13312143274341534,2026-07-22T11:05:00Z,2026-08-27T11:40:00Z,True,True,20.12635128333285,-4.581503350011121,-4.040233340924098,-0.5412700090870235,0.017593366684184365,200000000.0,-0.1151614648629677,0.0239433343153972,True,True,10000
SSV,kept,kept_cap_le_cutoff,kept,kept_std_ge_cutoff,0.0469718977007977,0.2,0.0888465587346568,0.0795316946353213,0.0888465587346568,ok,2502252.0,25.0,2026-08-03T13:35:00Z,2026-08-27T11:40:00Z,46059185.0,0.014592880095359917,0.105417716763006,False,ok,True,ssv-network,SSV-USDT-SWAP,SSVUSDT,0.001,1.0,1.0,0.001,0.01,0.01,5,yes,SSV Network,markets_max_mcap,1,ssv-network,7409437.0,46059185.0,,30,30,30,30,0.026041272925244625,1.562387301275817,672136.1639950001,1199439.8072993339,2026-08-05,2026-09-03,ssv-network,SSV Network,2026-08-05,2026-09-03,2622418.0,29.0,0.105417716763006,0.0009639446693188962,0.04841592986077874,-0.037813026511201726,0.105417716763006,0.04841592986077874,2026-07-22T11:05:00Z,2026-08-27T11:40:00Z,True,False,17.6454377578885,-4.227221533916325,-3.2597162877099155,-0.9675052462064091,0.038399290823004625,200000000.0,-0.059132761985359,-0.1449204560316378,True,True,10000
STABLE,dropped,dropped_large_cap,kept,kept_std_ge_cutoff,0.0469718977007977,0.2,0.1411376070902821,0.126147105562914,0.1411376070902821,ok,2482524.0,25.0,2026-08-03T13:35:00Z,2026-08-27T11:40:00Z,751622689.0,0.001820599159294405,0.4668470198675501,False,ok,True,stable-2,STABLE-USDT-SWAP,STABLEUSDT,1e-05,1.0,1.0,1e-06,10.0,10.0,5,no,​​Stable,markets_max_mcap,5,"stable-2,stable-3,stablecoin,stable-coin-4,usdfi-stable",9967380.0,751622689.0,,30,30,30,30,0.0024331538069034177,0.9430968087563782,1368403.6357,1828813.6070953335,2026-08-05,2026-09-03,stable-2,​​Stable,2026-08-05,2026-09-03,3256871.0,29.0,0.4668470198675501,0.010618296677585855,0.3518652856756029,-0.03925582259662989,0.4668470198675501,0.3518652856756029,2026-07-22T11:05:00Z,2026-08-27T11:40:00Z,True,True,20.437745012647735,-6.30858962366711,-4.13820052660047,-2.17038909706664,0.015951530047637795,200000000.0,0.1533137688380126,-0.2845688875067288,True,True,10000
STRK,kept,kept_cap_le_cutoff,kept,kept_std_ge_cutoff,0.0469718977007977,0.2,0.0725875610296845,0.0725875610296845,0.0692140360887148,ok,5646636.0,25.0,2026-08-03T13:35:00Z,2026-08-27T11:40:00Z,198624047.0,0.032594136018314034,0.1344924832999333,False,ok,True,starknet,STRK-USDT-SWAP,STRKUSDT,1e-05,1.0,1.0,1e-05,0.1,0.1,5,yes,Starknet,markets_max_mcap,2,"starknet,strategy-strike-preferred-dinari-tokenized-stock",17099539.0,198624047.0,,30,30,30,30,0.03485049468898127,0.4520304590093935,6473979.204426,6922146.295077467,2026-08-05,2026-09-03,starknet,Starknet,2026-08-05,2026-09-03,6105702.0,29.0,0.04345344979963849,0.1344924832999333,0.0009596786905940229,0.10723200371370793,0.1344924832999333,0.10723200371370793,2026-07-22T11:05:00Z,2026-08-27T11:40:00Z,True,False,19.10692438482349,-3.4236228835280693,-3.7195127391654017,0.2958898556373324,0.024245778986408693,200000000.0,-0.0905069328669194,-0.0036543521237572,True,True,10000
STX,dropped,dropped_large_cap,kept,kept_std_ge_cutoff,0.0469718977007977,0.2,0.0640135285098123,0.0603304325555123,0.0640135285098123,ok,7993645.0,25.0,2026-08-03T13:35:00Z,2026-08-27T11:40:00Z,518788130.0,0.012147656203843754,0.11443165045820142,False,ok,True,blockstack,STX-USDT-SWAP,STXUSDT,0.0001,0.1,0.1,0.0001,0.1,0.1,5,yes,Stacks,markets_max_mcap,1,blockstack,33388886.0,518788130.0,,30,30,30,30,0.036317831646221356,1.4071195188184722,6302059.845875,18841259.965398,2026-08-05,2026-09-03,blockstack,Stacks,2026-08-05,2026-09-03,8460194.0,29.0,0.037005695234543404,0.11443165045820142,0.0004887653917312585,0.0807718390085124,0.11443165045820142,0.0807718390085124,2026-07-22T11:05:00Z,2026-08-27T11:40:00Z,True,False,20.06700613042238,-4.410619032837585,-4.0215628377416355,-0.38905619509594924,0.017924929281619605,200000000.0,-0.1035365243667646,-0.0157615101677813,True,True,10000
SUI,dropped,dropped_large_cap,dropped,dropped_low_vol,0.0469718977007977,0.2,0.0216165938995216,0.0216165938995216,0.021262199935271,ok,19040728.0,25.0,2026-08-03T13:35:00Z,2026-08-27T11:40:00Z,3219346554.0,0.03139137079249344,0.028814724574604777,False,ok,True,sui,SUI-USDT-SWAP,SUIUSDT,0.0001,1.0,1.0,0.0001,10.0,10.0,5,no,Sui,markets_max_mcap,1,sui,680099905.0,3219346554.0,,30,30,30,30,0.03882188467825325,0.7305411095565637,101059701.38615,124981100.65872002,2026-08-05,2026-09-03,sui,Sui,2026-08-05,2026-09-03,21123578.0,29.0,0.028814724574604777,0.028559668748128993,0.014389775390883546,0.014155643688247361,0.028814724574604777,0.014389775390883546,2026-07-22T11:05:00Z,2026-08-27T11:40:00Z,True,False,21.89244424236856,-3.461222239362322,-4.59586160363913,1.1346393642768078,0.010093520419460452,200000000.0,-0.0151424481578226,-0.012354191206854,True,True,10000
SUSHI,kept,kept_cap_le_cutoff,kept,kept_std_ge_cutoff,0.0469718977007977,0.2,0.0665704431735352,0.0659366611619004,0.0665704431735352,ok,3351391.0,25.0,2026-08-03T13:35:00Z,2026-08-27T11:40:00Z,57953922.0,0.052773894276413255,0.1252576851574211,False,ok,True,sushi,SUSHI-USDT-SWAP,SUSHIUSDT,0.0001,1.0,1.0,1e-05,0.1,0.1,5,yes,Sushi,markets_max_mcap,1,sushi,18378032.0,57953922.0,,30,30,30,30,0.059275463956555,0.6685209000749918,3058454.1525315,3435245.6146519994,2026-08-05,2026-09-03,sushi,Sushi,2026-08-05,2026-09-03,3724263.0,29.0,0.1252576851574211,0.012036499999999502,0.08776437854048715,0.0002418257093284059,0.1252576851574211,0.08776437854048715,2026-07-22T11:05:00Z,2026-08-27T11:40:00Z,True,False,17.875158804493562,-2.94173863712213,-3.3319885344120026,0.39024989728987247,0.035721999967415916,200000000.0,-0.028014497863405,-0.1200818171319515,True,True,10000
SYRUP,dropped,dropped_large_cap,kept,kept_std_ge_cutoff,0.0469718977007977,0.2,0.0823798075227543,0.0823798075227543,0.0783804590858138,ok,3802447.0,25.0,2026-08-03T13:35:00Z,2026-08-27T11:40:00Z,245856491.0,0.005391443120816363,0.1664225936599426,False,ok,True,syrup,SYRUP-USDT-SWAP,SYRUPUSDT,0.0001,1.0,1.0,1e-05,1.0,1.0,5,yes,Maple Finance,markets_max_mcap,1,syrup,10069286.0,245856491.0,,30,30,30,30,0.0072258897717612,0.8981566520077205,1325521.28711,1776531.9036380004,2026-08-05,2026-09-03,syrup,Maple Finance,2026-08-05,2026-09-03,4162481.0,29.0,0.04138493150684959,0.1664225936599426,-0.004083873887463686,0.11323375302047547,0.1664225936599426,0.11323375302047547,2026-07-22T11:05:00Z,2026-08-27T11:40:00Z,True,True,19.3202585537515,-5.2229421894860995,-3.7866295310946025,-1.436312658391497,0.02267188811257785,200000000.0,-0.1157589729993118,-0.0214947985738823,True,True,10000
TAO,dropped,dropped_large_cap,dropped,dropped_low_vol,0.0469718977007977,0.2,0.0321045089911752,0.0315748498941541,0.0321045089911752,ok,14890859.0,25.0,2026-08-03T13:35:00Z,2026-08-27T11:40:00Z,2204905041.0,0.01769328644929385,0.10060042632450364,False,ok,True,bittensor,TAO-USDT-SWAP,TAOUSDT,0.1,1.0,1.0,0.01,0.001,0.001,5,no,Bittensor,markets_max_mcap,2,"bittensor,the-anthropic-order",137675152.0,2204905041.0,,30,30,30,30,0.023545860312896957,0.5909427358974106,39012016.483905,51916386.09858834,2026-08-05,2026-09-03,bittensor,Bittensor,2026-08-05,2026-09-03,16403249.0,29.0,0.10060042632450364,-0.01007967092595811,0.07693961500330468,-0.030114581360057353,0.10060042632450364,0.07693961500330468,2026-07-22T11:05:00Z,2026-08-27T11:40:00Z,True,False,21.513950279611763,-4.034570008003588,-4.476784098744081,0.4422140907404932,0.01136991896033651,200000000.0,0.0282795671372514,-0.0806553428840376,True,True,10000
THETA,kept,kept_cap_le_cutoff,kept,kept_std_ge_cutoff,0.0469718977007977,0.2,0.0846678571021358,0.0846678571021358,0.0817927352231001,ok,2829502.0,25.0,2026-08-03T13:35:00Z,2026-08-27T11:40:00Z,178797475.0,0.007655302787698763,0.11408971877282756,False,ok,True,theta-token,THETA-USDT-SWAP,THETAUSDT,0.0001,0.1,0.1,1e-05,0.1,0.1,5,yes,Theta Network,markets_max_mcap,1,theta-token,3788025.0,178797475.0,,30,30,30,30,0.008475232054254867,0.6464608367989418,1368748.808801,1515350.091339833,2026-08-05,2026-09-03,theta-token,Theta Network,2026-08-05,2026-09-03,3009636.0,29.0,0.08816555280528132,0.11408971877282756,0.03694571906354589,0.061190194691457665,0.11408971877282756,0.061190194691457665,2026-07-22T11:05:00Z,2026-08-27T11:40:00Z,True,False,19.001764298680037,-4.8723566964158405,-3.6864284580283817,-1.1859282383874588,0.025061350055799406,200000000.0,-0.1234857909797314,-0.0438390553984445,True,True,10000
TIA,dropped,dropped_large_cap,dropped,dropped_low_vol,0.0469718977007977,0.2,0.0394828984243498,0.038523101393547,0.0394828984243498,ok,7272407.0,25.0,2026-08-03T13:35:00Z,2026-08-27T11:40:00Z,359836713.0,0.02298160566110718,0.05929598445003519,False,ok,True,celestia,TIA-USDT-SWAP,TIAUSDT,0.0001,1.0,1.0,0.0001,0.1,0.1,5,yes,Celestia,markets_max_mcap,2,"celestia,tia",41396049.0,359836713.0,,30,30,30,30,0.027089200888719953,0.45359136139819356,8269625.440555001,9747689.005593665,2026-08-05,2026-09-03,celestia,Celestia,2026-08-05,2026-09-03,7880497.0,29.0,0.05929598445003519,0.05160651240734755,0.030809119056996147,0.026434575175248092,0.05929598445003519,0.030809119056996147,2026-07-22T11:05:00Z,2026-08-27T11:40:00Z,True,False,19.701160911518173,-3.7730611368916263,-3.9064647380847894,0.1334036011931632,0.020111474863418598,200000000.0,-0.0298932223069266,-0.0352925172654054,True,True,10000
TRB,kept,kept_cap_le_cutoff,kept,kept_std_ge_cutoff,0.0469718977007977,0.2,0.0875233025743132,0.0817572491993124,0.0875233025743132,ok,4752276.0,25.0,2026-08-03T13:35:00Z,2026-08-27T11:40:00Z,50998069.0,0.04915565624651397,0.20206724137931015,False,ok,True,tellor,TRB-USDT-SWAP,TRBUSDT,0.01,1.0,1.0,0.001,0.01,0.01,5,yes,Tellor Tributes,markets_max_mcap,1,tellor,18761479.0,50998069.0,,30,30,30,30,0.10404979283748307,1.6446607975276355,2506843.549,5306338.514561666,2026-08-05,2026-09-03,tellor,Tellor Tributes,2026-08-05,2026-09-03,5437116.0,29.0,0.20206724137931015,-0.014439195751138084,0.153701505515254,-0.05603857011554543,0.20206724137931015,0.153701505515254,2026-07-22T11:05:00Z,2026-08-27T11:40:00Z,True,True,17.74729832722669,-3.012763357697714,-3.2917625120555716,0.2789991543578574,0.03718824686714529,200000000.0,0.0495877132233255,-0.1681229022752797,True,True,10000
TRIA,kept,kept_cap_le_cutoff,kept,kept_std_ge_cutoff,0.0469718977007977,0.2,0.0976510142431771,0.093368313015211,0.0976510142431771,ok,5923525.0,25.0,2026-08-03T13:35:00Z,2026-08-27T11:40:00Z,8286771.0,0.26053489729835666,0.13926598639455726,False,ok,True,tria,TRIA-USDT-SWAP,TRIAUSDT,1e-06,1.0,1.0,1e-06,10.0,10.0,5,yes,TRIA,markets_max_mcap,1,tria,2308307.0,8286771.0,,30,30,30,30,0.6269272014535779,1.926950350256029,2158993.03142,5195202.152116667,2026-08-05,2026-09-03,tria,TRIA,2026-08-05,2026-09-03,6589791.0,29.0,0.13926598639455726,0.12411422222222217,0.05747617580612047,0.06431906130268188,0.13926598639455726,0.06431906130268188,2026-07-22T11:05:00Z,2026-08-27T11:40:00Z,True,False,15.930170945806308,-1.3450184640033171,-2.720078374533279,1.375059910529962,0.0658695917255847,200000000.0,-0.0743730532720608,-0.0824245189754947,True,True,10000
TRUMP,dropped,dropped_large_cap,kept,kept_std_ge_cutoff,0.0469718977007977,0.2,0.0592908277432043,0.0592908277432043,0.0567226541471186,ok,18005833.0,25.0,2026-08-03T13:35:00Z,2026-08-27T11:40:00Z,637350743.0,0.3071616687497923,0.08171647354497381,False,ok,True,official-trump,TRUMP-USDT-SWAP,TRUMPUSDT,0.001,1.0,1.0,0.001,0.1,0.1,5,yes,Official Trump,markets_max_mcap,4,"official-trump,bridged-maga-wormhole,maga,meme-trumpcoin",504419043.0,637350743.0,,30,30,30,30,0.5786409034286898,1.3123873946158304,195769717.7988,368797209.73046666,2026-08-05,2026-09-03,official-trump,Official Trump,2026-08-05,2026-09-03,19125774.0,29.0,0.08171647354497381,0.05312305391540097,0.000996673739566239,0.000861886360913228,0.08171647354497381,0.000996673739566239,2026-07-22T11:05:00Z,2026-08-27T11:40:00Z,True,False,20.272830678957018,-1.1803810616989214,-4.086317037536898,2.905935975837977,0.016800997194199186,200000000.0,-0.0502367109747722,-0.055171916637897,True,True,10000
TRUST,kept,kept_cap_le_cutoff,kept,kept_std_ge_cutoff,0.0469718977007977,0.2,0.1251095702700674,0.1251095702700674,0.1147694156882315,ok,2157746.0,25.0,2026-08-03T13:35:00Z,2026-08-27T11:40:00Z,18168890.0,0.01807791794187757,0.43189475095785407,False,ok,True,trust-3,TRUST-USDT-SWAP,TRUSTUSDT,1e-05,1.0,1.0,1e-05,1.0,1.0,5,yes,TRUST,markets_max_mcap,5,"trust-3,intuition,trust-me-bros-by-virtuals,trustra,trust-the-process",5119.94,18168890.0,close mcap runner-up intuition cap=9730140 vs 18168890,30,30,30,30,0.0430450089103407,1.970204109499944,328455.702515,782080.0319409999,2026-08-05,2026-09-03,trust-3,TRUST,2026-08-05,2026-09-03,2311248.0,29.0,0.059215077720207836,0.43189475095785407,0.0004807526793072341,0.14330698386199267,0.43189475095785407,0.14330698386199267,2026-07-22T11:05:00Z,2026-08-27T11:40:00Z,True,True,16.715221348797993,-4.0130640887313005,-2.9670620847204088,-1.0460020040108917,0.0514542567365386,200000000.0,-0.1409074187290048,-0.0176251966338257,True,True,10000
TRUTH,kept,kept_cap_le_cutoff,kept,kept_std_ge_cutoff,0.0469718977007977,0.2,0.0843444283554343,0.0843444283554343,0.0826428816729606,ok,3221088.0,25.0,2026-08-03T13:35:00Z,2026-08-27T11:40:00Z,25642491.0,0.013598576299393067,0.09392426510369642,False,ok,True,swarm-network,TRUTH-USDT-SWAP,TRUTHUSDT,1e-06,1.0,1.0,1e-06,10.0,10.0,5,yes,Swarm Network,markets_max_mcap,4,"swarm-network,true-source,truthchain,truthgpt",1214200.0,25642491.0,,30,30,30,30,0.0144472781763675,0.4034921558286488,348701.37037,370464.200612,2026-08-05,2026-09-03,swarm-network,Swarm Network,2026-08-05,2026-09-03,3433398.0,29.0,0.09392426510369642,0.05482635637149005,0.04604606893265508,0.007089495958154796,0.09392426510369642,0.04604606893265508,2026-07-22T11:05:00Z,2026-08-27T11:40:00Z,True,False,17.059761338183822,-4.297790175588026,-3.0754573731784003,-1.2223328024096256,0.046168507315010945,200000000.0,-0.0814425166445711,-0.1247651673372825,True,True,10000
TRX,dropped,dropped_large_cap,dropped,dropped_low_vol,0.0469718977007977,0.2,0.0266261813998868,0.0266261813998868,0.0250092031036468,ok,5133073.0,25.0,2026-08-03T13:35:00Z,2026-08-27T11:40:00Z,31428357404.0,0.0004893908819043923,0.08147757695343337,False,ok,True,tron,TRX-USDT-SWAP,TRXUSDT,1e-05,0.01,0.01,1e-05,1.0,1.0,5,no,TRON,markets_max_mcap,3,"tron,solana-bridged-trx-solana,tron-bsc",371288165.0,31428357404.0,,30,30,30,30,0.0006246779198626298,0.5619007504844233,15380751.54675,19632600.927830003,2026-08-05,2026-09-03,tron,TRON,2026-08-05,2026-09-03,5604320.0,29.0,0.014987068932776815,0.08147757695343337,0.0009676195335271587,0.04917339572192483,0.08147757695343337,0.04917339572192483,2026-07-22T11:05:00Z,2026-08-27T11:40:00Z,True,False,24.170976424347543,-7.622349038301328,-5.312707719431654,-2.309641318869674,0.004928563466808235,200000000.0,-0.0359018317106083,0.0084803399805852,True,True,10000
UB,dropped,dropped_large_cap,kept,kept_std_ge_cutoff,0.0469718977007977,0.2,0.0917011021947089,0.0890181054929561,0.0917011021947089,ok,12099780.0,25.0,2026-08-03T13:35:00Z,2026-08-27T11:40:00Z,308469038.0,0.03214025015567365,0.17679625765164134,False,ok,True,unibase,UB-USDT-SWAP,UBUSDT,1e-05,1.0,1.0,1e-05,10.0,10.0,5,yes,Unibase,markets_max_mcap,1,unibase,10439084.0,308469038.0,,30,30,30,30,0.0811957280933546,1.9490566833154819,9914272.0466,25046368.13466667,2026-08-05,2026-09-03,unibase,Unibase,2026-08-05,2026-09-03,13632526.0,29.0,0.11604328478964372,0.17679625765164134,0.049134948997293384,0.12230726947139331,0.17679625765164134,0.12230726947139331,2026-07-22T11:05:00Z,2026-08-27T11:40:00Z,True,True,19.547132033226006,-3.4376461353902523,-3.8580059083184617,0.42035977292820936,0.02111005296090718,200000000.0,-0.0883048515162147,-0.0133163018611487,True,True,10000
UMA,kept,kept_cap_le_cutoff,kept,kept_std_ge_cutoff,0.0469718977007977,0.2,0.0662412251427995,0.0621023123829469,0.0662412251427995,ok,2146223.0,25.0,2026-08-03T13:35:00Z,2026-08-27T11:40:00Z,33680917.0,0.009939660510133974,0.1392558823529409,False,ok,True,uma,UMA-USDT-SWAP,UMAUSDT,0.0001,1.0,1.0,0.0001,0.1,0.1,5,yes,UMA,markets_max_mcap,1,uma,7445982.0,33680917.0,,30,30,30,30,0.012171578260542411,0.6653926367064773,334776.88065000006,409949.9171523334,2026-08-05,2026-09-03,uma,UMA,2026-08-05,2026-09-03,2277191.0,29.0,0.1392558823529409,0.06224961512592452,0.0815317009345796,0.029974401330136922,0.1392558823529409,0.0815317009345796,2026-07-22T11:05:00Z,2026-08-27T11:40:00Z,True,False,17.33244197380861,-4.611222412806975,-3.1612450816187057,-1.4499773311882693,0.042372950441279145,200000000.0,-0.0234717178079151,-0.0725591851421602,True,True,10000
UNI,dropped,dropped_large_cap,dropped,dropped_low_vol,0.0469718977007977,0.2,0.0328230884601426,0.0299518208690632,0.0328230884601426,ok,16338636.0,25.0,2026-08-03T13:35:00Z,2026-08-27T11:40:00Z,3913778521.0,0.017998423388327446,0.0689573336565416,False,ok,True,uniswap,UNI-USDT-SWAP,UNIUSDT,0.001,1.0,1.0,0.001,0.1,0.1,5,no,Uniswap,markets_max_mcap,5,"uniswap,linea-bridged-uni-linea,uni,unicorn-token,uniswap-wormhole",921433128.0,3913778521.0,,30,30,30,30,0.028005209358548847,0.9880474167680833,70441842.8691,109606186.86359666,2026-08-05,2026-09-03,uniswap,Uniswap,2026-08-05,2026-09-03,18496526.0,29.0,0.0009891978430084884,0.0689573336565416,0.0006475275742760877,0.046317607717376766,0.0689573336565416,0.046317607717376766,2026-07-22T11:05:00Z,2026-08-27T11:40:00Z,True,False,22.08776911796256,-4.017471114459524,-4.657312514666248,0.6398414002067243,0.009491937597351716,200000000.0,-0.0442546395772197,-0.0081366472884536,True,True,10000
USELESS,kept,kept_cap_le_cutoff,kept,kept_std_ge_cutoff,0.0469718977007977,0.2,0.1189618948706303,0.1189618948706303,0.1102729947351496,ok,8266696.0,25.0,2026-08-03T13:35:00Z,2026-08-27T11:40:00Z,188131270.0,0.03386380537382222,0.13858701029664092,False,ok,True,useless-3,USELESS-USDT-SWAP,USELESSUSDT,1e-05,1.0,1.0,1e-05,1.0,1.0,5,yes,Useless Coin,markets_max_mcap,2,"useless-3,useless-coin",131073548.0,188131270.0,,30,30,30,30,0.18533308701516585,2.112821932010944,6370840.71201,34866949.033183664,2026-08-05,2026-09-03,useless-3,Useless Coin,2026-08-05,2026-09-03,9157318.0,29.0,0.13858701029664092,0.13847198319327708,0.09166066906264439,0.08056605114311494,0.13858701029664092,0.09166066906264439,2026-07-22T11:05:00Z,2026-08-27T11:40:00Z,True,False,19.05265052181567,-3.3854085230685307,-3.702437708058131,0.3170291849896003,0.024663331129779434,200000000.0,-0.0662022572775711,-0.0655965928145169,True,True,10000
VANA,kept,kept_cap_le_cutoff,kept,kept_std_ge_cutoff,0.0469718977007977,0.2,0.0917427621493902,0.0916530704015974,0.0917427621493902,ok,4099962.0,25.0,2026-08-03T13:35:00Z,2026-08-27T11:40:00Z,28135814.0,0.018694128364670735,0.15135544198895032,False,ok,True,vana,VANA-USDT-SWAP,VANAUSDT,0.001,1.0,1.0,0.0001,0.01,0.01,5,yes,Vana,markets_max_mcap,1,vana,1305327.0,28135814.0,,30,30,30,30,0.02171702707138074,0.4523810685053579,525974.5185605,611026.2343133334,2026-08-05,2026-09-03,vana,Vana,2026-08-05,2026-09-03,4538833.0,29.0,0.15135544198895032,0.08116954182429559,0.10204437940379427,0.039934692950066145,0.15135544198895032,0.10204437940379427,2026-07-22T11:05:00Z,2026-08-27T11:40:00Z,True,True,17.15255384236631,-3.9795457956212306,-3.104650705062835,-0.8748950905583954,0.044840178271430345,200000000.0,-0.0476899565717635,-0.0981414729582288,True,True,10000
VIRTUAL,dropped,dropped_large_cap,kept,kept_std_ge_cutoff,0.0469718977007977,0.2,0.0880188403648939,0.0880188403648939,0.0727272298928371,ok,9460525.0,25.0,2026-08-03T13:35:00Z,2026-08-27T11:40:00Z,467649595.0,0.02696049877558431,0.11593387441597025,False,ok,True,virtual-protocol,VIRTUAL-USDT-SWAP,VIRTUALUSDT,0.0001,1.0,1.0,0.0001,1.0,1.0,5,yes,Virtuals Protocol,markets_max_mcap,1,virtual-protocol,52303040.0,467649595.0,,30,30,30,30,0.03469303256091419,0.7056387520807229,12608066.3334,16224182.626433332,2026-08-05,2026-09-03,virtual-protocol,Virtuals Protocol,2026-08-05,2026-09-03,10349510.0,29.0,0.04948812940319064,0.11593387441597025,0.01648292020861921,0.08790267451313781,0.11593387441597025,0.08790267451313781,2026-07-22T11:05:00Z,2026-08-27T11:40:00Z,True,False,19.96322984481217,-3.613382492531111,-3.9889139123328023,0.37553141980169125,0.018519817346128422,200000000.0,-0.0631707021285062,0.0181701599230085,True,True,10000
VVV,dropped,dropped_large_cap,kept,kept_std_ge_cutoff,0.0469718977007977,0.2,0.0541085637864897,0.0541085637864897,0.0527906854657434,ok,9582547.0,25.0,2026-08-03T13:35:00Z,2026-08-27T11:40:00Z,817707940.0,0.009594657395487684,0.11833555075149274,False,ok,True,venice-token,VVV-USDT-SWAP,VVVUSDT,0.001,1.0,1.0,0.001,0.01,0.01,5,no,Venice Token,markets_max_mcap,1,venice-token,14922024.0,817707940.0,,30,30,30,30,0.014436771624439652,0.7559179871135776,7845627.53387,11805062.785270998,2026-08-05,2026-09-03,venice-token,Venice Token,2026-08-05,2026-09-03,10233224.0,29.0,0.07021408135593206,0.11833555075149274,0.034210485744984455,0.07787465559333802,0.11833555075149274,0.07787465559333802,2026-07-22T11:05:00Z,2026-08-27T11:40:00Z,True,False,20.522015789247714,-4.646548856727172,-4.164712848593679,-0.48183600813349337,0.015534174919898669,200000000.0,-0.0581898502278566,-0.004689630927547,True,True,10000
WAL,kept,kept_cap_le_cutoff,kept,kept_std_ge_cutoff,0.0469718977007977,0.2,0.3809672535912139,0.3809672535912139,0.3760345714290453,ok,3777636.0,25.0,2026-08-03T13:35:00Z,2026-08-27T11:40:00Z,66607172.0,0.013093834906397168,1.3393746834061138,True,ok,True,walrus-2,WAL-USDT-SWAP,WALUSDT,1e-05,1.0,1.0,1e-05,1.0,1.0,5,yes,Walrus,markets_max_mcap,1,walrus-2,3832883.0,66607172.0,,30,30,30,30,0.04157319183899595,2.219936367962924,872143.31375,2769072.739409,2026-08-05,2026-09-03,walrus-2,Walrus,2026-08-05,2026-09-03,3946880.0,29.0,1.3393746834061138,-0.04061294431554515,1.1033393626570915,-0.08422480334403282,1.3393746834061138,1.1033393626570915,2026-07-22T11:05:00Z,2026-08-27T11:40:00Z,True,True,18.0143228174004,-4.335613777382637,-3.3757707477594234,-0.9598430296232134,0.034191754934707594,200000000.0,0.2499599876677809,-0.4033202994769232,True,True,10000
WCT,kept,kept_cap_le_cutoff,kept,kept_std_ge_cutoff,0.0469718977007977,0.2,0.0745979461471974,0.0745979461471974,0.0603761963800006,ok,2425331.0,25.0,2026-08-03T13:35:00Z,2026-08-27T11:40:00Z,17005304.0,0.04539457116350287,0.1388632823235472,False,ok,True,connect-token-wct,WCT-USDT-SWAP,WCTUSDT,1e-05,1.0,1.0,1e-05,1.0,1.0,5,yes,WalletConnect Token,markets_max_mcap,1,connect-token-wct,5426814.0,17005304.0,,30,30,30,30,0.05189418827825718,0.5262101283860043,771948.482585,882476.4475049999,2026-08-05,2026-09-03,connect-token-wct,WalletConnect Token,2026-08-05,2026-09-03,2641778.0,29.0,0.1388632823235472,0.025640830658331924,0.09636967784066157,-0.025076175720014898,0.1388632823235472,0.09636967784066157,2026-07-22T11:05:00Z,2026-08-27T11:40:00Z,True,False,16.649035853358612,-3.092362758981254,-2.9462395500628924,-0.1461232089183615,0.05253689732414933,200000000.0,-0.0098214134870741,-0.1197965716080984,True,True,10000
WET,kept,kept_cap_le_cutoff,kept,kept_std_ge_cutoff,0.0469718977007977,0.2,0.0984772026252654,0.0984772026252654,0.0963092886647922,ok,2221089.0,25.0,2026-08-03T13:35:00Z,2026-08-27T11:40:00Z,14333125.0,0.037652317787293416,0.2516731677018639,False,ok,True,humidifi,WET-USDT-SWAP,WETUSDT,1e-05,1.0,1.0,1e-05,1.0,1.0,5,yes,HumidiFi,markets_max_mcap,1,humidifi,997376.0,14333125.0,,30,30,30,30,0.05463703939010742,0.6305872109076396,539675.377385,783119.5152083334,2026-08-05,2026-09-03,humidifi,HumidiFi,2026-08-05,2026-09-03,2330387.0,29.0,0.2516731677018639,0.0008086548791401215,0.18896989312361365,-0.06821641255605355,0.2516731677018639,0.18896989312361365,2026-07-22T11:05:00Z,2026-08-27T11:40:00Z,True,True,16.478083850000374,-3.2793607652155647,-2.892456557413708,-0.3869042078018565,0.05543985400930736,200000000.0,0.0244529214283988,-0.217486919582692,True,True,10000
WIF,dropped,dropped_large_cap,kept,kept_std_ge_cutoff,0.0469718977007977,0.2,0.0609008011277432,0.0599751987601552,0.0609008011277432,ok,10872198.0,25.0,2026-08-03T13:35:00Z,2026-08-27T11:40:00Z,214186643.0,0.059311255509056186,0.0970277258666662,False,ok,True,dogwifcoin,WIF-USDT-SWAP,WIFUSDT,0.0001,1.0,1.0,1e-05,1.0,1.0,5,yes,dogwifhat,markets_max_mcap,7,"dogwifcoin,robinwifhat,dogwifhat-base,dogwifhood,wif-on-eth,wif-secondchance,world-is-flat",60695737.0,214186643.0,,30,30,30,30,0.09297833918846037,0.7938391734190083,12703678.709600002,19914718.342491664,2026-08-05,2026-09-03,dogwifcoin,dogwifhat,2026-08-05,2026-09-03,11689308.0,29.0,0.05612714086573819,0.0970277258666662,0.014991541024362343,0.05064782664664936,0.0970277258666662,0.05064782664664936,2026-07-22T11:05:00Z,2026-08-27T11:40:00Z,True,False,19.182358356423894,-2.824956184765835,-3.743244925161383,0.918288740395548,0.02367714776908909,200000000.0,-0.0772854504205752,-0.0362829589537339,True,True,10000
WLD,dropped,dropped_large_cap,dropped,dropped_low_vol,0.0469718977007977,0.2,0.0318085943217958,0.0313381826524179,0.0318085943217958,ok,20767070.0,25.0,2026-08-03T13:35:00Z,2026-08-27T11:40:00Z,1455877553.0,0.07572536650822997,0.051111160077883314,False,ok,True,worldcoin-wld,WLD-USDT-SWAP,WLDUSDT,0.0001,1.0,1.0,0.0001,0.1,0.1,5,no,Worldcoin,markets_max_mcap,1,worldcoin-wld,176982567.0,1455877553.0,,30,30,30,30,0.07901098615591037,0.4565001979161735,110246861.29202999,115030321.18478368,2026-08-05,2026-09-03,worldcoin-wld,Worldcoin,2026-08-05,2026-09-03,22982386.0,29.0,0.0009501532186593031,0.051111160077883314,0.000513804987010779,0.025821937640002356,0.051111160077883314,0.025821937640002356,2026-07-22T11:05:00Z,2026-08-27T11:40:00Z,True,False,21.098874684970166,-2.5806420820907174,-4.346197693104345,1.7655556110136272,0.012955981661685179,200000000.0,-0.041698749280641,-0.0155202636207481,True,True,10000
WLFI,dropped,dropped_large_cap,dropped,dropped_low_vol,0.0469718977007977,0.2,0.0396408014325673,0.038254462865146,0.0396408014325673,ok,9584260.0,25.0,2026-08-03T13:35:00Z,2026-08-27T11:40:00Z,1842448738.0,0.010693647479149025,0.0660749605157944,False,ok,True,world-liberty-financial,WLFI-USDT-SWAP,WLFIUSDT,1e-05,1.0,1.0,1e-05,1.0,1.0,5,no,World Liberty Financial,markets_max_mcap,3,"world-liberty-financial,stupid-world-liberty-financial,we-lack-financial-intelligence",32442763.0,1842448738.0,,30,30,30,30,0.01419022227676672,0.804785131248741,19702497.302575,26144757.12576833,2026-08-05,2026-09-03,world-liberty-financial,World Liberty Financial,2026-08-05,2026-09-03,11651920.0,29.0,0.0660749605157944,0.05255582069495136,0.03397401632765078,0.03368327241238292,0.0660749605157944,0.03397401632765078,2026-07-22T11:05:00Z,2026-08-27T11:40:00Z,True,False,21.334361359659724,-4.538105407357544,-4.42028385673513,-0.11782155062241362,0.012030816771618765,200000000.0,-0.0206947908848655,-0.0201721254956958,True,True,10000
WOO,kept,kept_cap_le_cutoff,kept,kept_std_ge_cutoff,0.0469718977007977,0.2,0.1007361187698885,0.1007361187698885,0.0898037614526861,ok,2094256.0,25.0,2026-08-03T13:35:00Z,2026-08-27T11:40:00Z,21831448.0,0.018689032049962973,0.12067179824561433,False,ok,True,woo-network,WOO-USDT-SWAP,WOOUSDT,1e-05,1.0,1.0,1e-06,0.1,0.1,5,yes,WOO,markets_max_mcap,2,"woo-network,woo",10240940.0,21831448.0,,30,30,30,30,0.021948893239558214,0.5458704003766692,408008.6313691,479176.12141696666,2026-08-05,2026-09-03,woo-network,WOO,2026-08-05,2026-09-03,2233967.0,29.0,0.12067179824561433,0.017982249680443714,0.09310572771046899,0.00030476808971838324,0.12067179824561433,0.09310572771046899,2026-07-22T11:05:00Z,2026-08-27T11:40:00Z,True,False,16.89886205706386,-3.9798184485849077,-3.024837054704567,-0.9549813938803409,0.048565734183210876,200000000.0,-0.0957764542316848,-0.1544128340694496,True,True,10000
XLM,dropped,dropped_large_cap,dropped,dropped_low_vol,0.0469718977007977,0.2,0.0357271602676567,0.0357271602676567,0.0311457925723043,ok,18304883.0,25.0,2026-08-03T13:35:00Z,2026-08-27T11:40:00Z,6449633416.0,0.0034638245064198235,0.052184966207082684,False,ok,True,stellar,XLM-USDT-SWAP,XLMUSDT,1e-05,0.1,0.1,1e-05,1.0,1.0,5,no,Stellar,markets_max_mcap,1,stellar,164231956.0,6449633416.0,,30,30,30,30,0.004961645404547491,0.8117158226968584,22340398.283765003,32000793.999512337,2026-08-05,2026-09-03,stellar,Stellar,2026-08-05,2026-09-03,19823563.0,29.0,0.037638239758966734,0.052184966207082684,0.01728787869124286,0.031049986519773587,0.052184966207082684,0.031049986519773587,2026-07-22T11:05:00Z,2026-08-27T11:40:00Z,True,False,22.587289131410255,-5.665381951684306,-4.814465871653117,-0.8509160800311886,0.008111553531702136,200000000.0,-0.038308362677703,-0.016494824354023,True,True,10000
XPL,dropped,dropped_large_cap,kept,kept_std_ge_cutoff,0.0469718977007977,0.2,0.0476433320326352,0.0459546908011668,0.0476433320326352,ok,13899426.0,25.0,2026-08-03T13:35:00Z,2026-08-27T11:40:00Z,268713682.0,0.10407738683665166,0.12943444366628742,False,ok,True,plasma,XPL-USDT-SWAP,XPLUSDT,1e-05,1.0,1.0,1e-05,1.0,1.0,5,yes,Plasma,markets_max_mcap,2,"plasma,pulse-2",109999810.0,268713682.0,,30,30,30,30,0.15048259009344753,0.6740049825598213,27967017.829815,40436730.860906996,2026-08-05,2026-09-03,plasma,Plasma,2026-08-05,2026-09-03,14970036.0,29.0,0.043265176715177864,0.12943444366628742,0.013659052069104076,0.09630585022239584,0.12943444366628742,0.09630585022239584,2026-07-22T11:05:00Z,2026-08-27T11:40:00Z,True,False,19.409156991530168,-2.262620552350462,-3.8145977556936126,1.5519772033431507,0.022046580781905148,200000000.0,-0.0513798937878577,0.0248630685861693,True,True,10000
XRP,dropped,dropped_large_cap,dropped,dropped_low_vol,0.0469718977007977,0.2,0.0177198698415893,0.0173982195816141,0.0177198698415893,ok,37738938.0,25.0,2026-08-03T13:35:00Z,2026-08-27T11:40:00Z,91714520384.0,0.006666360497038229,0.03181938774711313,False,ok,True,ripple,XRP-USDT-SWAP,XRPUSDT,0.0001,0.01,0.01,0.0001,0.1,0.1,5,no,XRP,markets_max_mcap,5,"ripple,binance-peg-xrp,harrypotterobamapacman8inu,near-intents-bridged-xrp,warioxrpdumbledoreyugioh69inu",3844326789.0,91714520384.0,,30,30,30,30,0.010451705503503838,0.9545562581875445,611402055.6927049,958573157.4486679,2026-08-05,2026-09-03,ripple,XRP,2026-08-05,2026-09-03,40717149.0,29.0,0.02693314005388335,0.03181938774711313,0.013648418908123065,0.01961531848728402,0.03181938774711313,0.01961531848728402,2026-07-22T11:05:00Z,2026-08-27T11:40:00Z,True,False,25.241946550281835,-5.010681220595127,-5.64964427050509,0.6389630499099628,0.0035187682819635955,200000000.0,-0.0087979330175607,-0.0081046975928347,True,True,10000
XTZ,dropped,dropped_large_cap,kept,kept_std_ge_cutoff,0.0469718977007977,0.2,0.0547837632381158,0.0547837632381158,0.054281467070841,ok,2878905.0,25.0,2026-08-03T13:35:00Z,2026-08-27T11:40:00Z,252945596.0,0.0029685913757320367,0.10058168394762769,False,ok,True,tezos,XTZ-USDT-SWAP,XTZUSDT,0.0001,1.0,1.0,0.0001,0.1,0.1,5,yes,Tezos,markets_max_mcap,2,"tezos,binance-peg-tezos-token",8592344.0,252945596.0,,30,30,30,30,0.0039798024126922,0.6607538045787117,750892.114815,1006673.4932406667,2026-08-05,2026-09-03,tezos,Tezos,2026-08-05,2026-09-03,3088222.0,29.0,0.10058168394762769,0.0009333121001354646,0.05092820789018812,0.00024488369112093093,0.10058168394762769,0.05092820789018812,2026-07-22T11:05:00Z,2026-08-27T11:40:00Z,True,False,19.34868498799521,-5.819667722941194,-3.7955727354674,-2.024094987473794,0.02247003274594807,200000000.0,-0.0359402289863005,-0.0966860173138619,True,True,10000
YB,kept,kept_cap_le_cutoff,kept,kept_std_ge_cutoff,0.0469718977007977,0.2,0.1604411855031869,0.1416760438042794,0.1604411855031869,ok,2916094.0,25.0,2026-08-03T13:35:00Z,2026-08-27T11:40:00Z,24222533.0,0.0265840458013619,0.21482143302180698,False,ok,True,yield-basis,YB-USDT-SWAP,YBUSDT,1e-05,1.0,1.0,1e-05,0.1,0.1,5,yes,Yield Basis,markets_max_mcap,1,yield-basis,7574902.0,24222533.0,,30,30,30,30,0.04626802577046752,1.2081145665027717,643932.926697,1120728.78107,2026-08-05,2026-09-03,yield-basis,Yield Basis,2026-08-05,2026-09-03,3112529.0,29.0,0.21482143302180698,0.18409551020408368,0.14617815680880403,0.05529612924941107,0.21482143302180698,0.14617815680880403,2026-07-22T11:05:00Z,2026-08-27T11:40:00Z,True,True,17.002793873610067,-3.6274440250392916,-3.057534911503632,-0.5699091135356595,0.04700342011554914,200000000.0,-0.0160217922384536,-0.1860792701728004,True,True,10000
YFI,kept,kept_cap_le_cutoff,kept,kept_std_ge_cutoff,0.0469718977007977,0.2,0.0552686533314446,0.0552686533314446,0.0543477382051674,ok,2275065.0,25.0,2026-08-03T13:35:00Z,2026-08-27T11:40:00Z,83249081.0,0.00843992413501838,0.08634658385964925,False,ok,True,yearn-finance,YFI-USDT-SWAP,YFIUSDT,1.0,1.0,1.0,1.0,0.0001,0.0001,5,yes,yearn.finance,markets_max_mcap,2,"yearn-finance,yfi",16389526.0,83249081.0,,30,30,30,30,0.010164884007548383,0.6269915582207812,702615.92795,846217.2521,2026-08-05,2026-09-03,yearn-finance,yearn.finance,2026-08-05,2026-09-03,2444060.0,29.0,0.08634658385964925,0.04574773584905652,0.04382362571150255,0.0006753501113150834,0.08634658385964925,0.04382362571150255,2026-07-22T11:05:00Z,2026-08-27T11:40:00Z,True,False,18.237347647724857,-4.774781959156568,-3.4459363063623822,-1.328845652794186,0.03187490339152103,200000000.0,-0.0484717744853324,-0.0856853132620065,True,True,10000
YGG,kept,kept_cap_le_cutoff,kept,kept_std_ge_cutoff,0.0469718977007977,0.2,0.0648531803025457,0.0641079314723229,0.0648531803025457,ok,2882957.0,25.0,2026-08-03T13:35:00Z,2026-08-27T11:40:00Z,22012200.0,0.05501840867927785,0.15969124560375172,False,ok,True,yield-guild-games,YGG-USDT-SWAP,YGGUSDT,1e-05,1.0,1.0,1e-05,0.1,0.1,5,yes,Yield Guild Games,markets_max_mcap,1,yield-guild-games,2740348.0,22012200.0,,30,30,30,30,0.07270891852677304,0.7311655490028401,1211076.21553,1600483.256395033,2026-08-05,2026-09-03,yield-guild-games,Yield Guild Games,2026-08-05,2026-09-03,3136448.0,29.0,0.15969124560375172,0.00040041539759126383,0.10934515306122426,-0.05090827642852546,0.15969124560375172,0.10934515306122426,2026-07-22T11:05:00Z,2026-08-27T11:40:00Z,True,True,16.907107403073628,-2.9000874464907094,-3.027431112540228,0.1273436660495184,0.0484399151214243,200000000.0,0.0220432860780157,-0.1599183571379576,True,True,10000
ZAMA,kept,kept_cap_le_cutoff,kept,kept_std_ge_cutoff,0.0469718977007977,0.2,0.0697906152079387,0.0697906152079387,0.0656350397456097,ok,6418956.0,25.0,2026-08-03T13:35:00Z,2026-08-27T11:40:00Z,136803317.0,0.052493957436134386,0.23622091673970255,False,ok,True,zama,ZAMA-USDT-SWAP,ZAMAUSDT,1e-05,1.0,1.0,1e-05,1.0,1.0,5,yes,Zama,markets_max_mcap,1,zama,12316392.0,136803317.0,,30,30,30,30,0.07301077787013015,0.8780552211957491,7181347.49972,9988116.589384,2026-08-05,2026-09-03,zama,Zama,2026-08-05,2026-09-03,8821668.0,29.0,0.23622091673970255,0.06279438706877885,0.15970802581113328,0.020385202911992754,0.23622091673970255,0.15970802581113328,2026-07-22T11:05:00Z,2026-08-27T11:40:00Z,True,True,18.734054809934793,-2.9470572124632475,-3.6022047157939605,0.655147503330713,0.02726354776327596,200000000.0,0.0003416426816479,-0.062336006301808,True,True,10000
ZBT,kept,kept_cap_le_cutoff,kept,kept_std_ge_cutoff,0.0469718977007977,0.2,0.1895734035300633,0.185441438389654,0.1895734035300633,ok,8876450.0,25.0,2026-08-03T13:35:00Z,2026-08-27T11:40:00Z,27216434.0,0.11981063384628199,0.7584909375000014,True,ok,True,zerobase,ZBT-USDT-SWAP,ZBTUSDT,1e-05,1.0,1.0,1e-05,0.1,0.1,5,yes,ZEROBASE,markets_max_mcap,1,zerobase,3322155.0,27216434.0,,30,30,30,30,0.5501469119773357,2.5089477307128987,3260818.2085755,14973037.120134966,2026-08-05,2026-09-03,zerobase,ZEROBASE,2026-08-05,2026-09-03,9357836.0,29.0,0.7584909375000014,0.10989080591420199,0.40058094447797227,0.06120944980350108,0.7584909375000014,0.40058094447797227,2026-07-22T11:05:00Z,2026-08-27T11:40:00Z,True,True,17.119331539992693,-2.1218428339154616,-3.0941986787089535,0.9723558447934919,0.045311306831475794,200000000.0,0.0692803185215974,-0.1435565179348769,True,True,10000
ZEC,dropped,dropped_large_cap,kept,kept_std_ge_cutoff,0.0469718977007977,0.2,0.0473257666728717,0.0471548419559817,0.0473257666728717,ok,30144709.0,25.0,2026-08-03T13:35:00Z,2026-08-27T11:40:00Z,16298285590.0,0.036584667027187,0.13865517297422747,False,ok,True,zcash,ZEC-USDT-SWAP,ZECUSDT,0.01,1.0,1.0,0.01,0.01,0.01,5,no,Zcash,markets_max_mcap,4,"zcash,binance-peg-zcash-token,near-intents-bridged-zec,omnibridge-bridged-zcash-solana",860717770.0,16298285590.0,,30,30,30,30,0.04045033067044793,0.8075365893232339,596267351.42415,659271041.4768966,2026-08-05,2026-09-03,zcash,Zcash,2026-08-05,2026-09-03,32361486.0,29.0,0.13865517297422747,0.05755913168919455,0.11023376495900968,0.035922418651115166,0.13865517297422747,0.11023376495900968,2026-07-22T11:05:00Z,2026-08-27T11:40:00Z,True,False,23.514325760699872,-3.3081260600354634,-5.106119688158126,1.7979936281226623,0.006059550308587136,200000000.0,0.0214640489627909,-0.0256752850560025,True,True,10000
ZEN,kept,kept_cap_le_cutoff,held_out,held_out_sparse_or_missing_std,0.0469718977007977,0.2,,,,missing,,,2026-08-03T13:35:00Z,2026-08-27T11:40:00Z,107607512.0,0.018416600321081673,,False,ok,True,zencash,ZEN-USDT-SWAP,ZENUSDT,0.001,1.0,1.0,0.001,0.1,0.1,5,yes,Horizen,markets_max_mcap,6,"zencash,zen-2,zendawg,zenfrogs,zenith-2,zenith-3",13385813.0,107607512.0,,30,30,30,30,0.0316233021286965,1.282726686909689,1981764.54005,3402904.8632933334,2026-08-05,2026-09-03,zencash,Horizen,2026-08-05,2026-09-03,,,,,,,,,,,False,False,18.49400101738146,-3.9945028297340768,-3.526681697012781,-0.467821132721296,0.02940231997569746,200000000.0,,,False,False,10000
ZETA,kept,kept_cap_le_cutoff,held_out,held_out_sparse_or_missing_std,0.0469718977007977,0.2,,,,missing,,,2026-08-03T13:35:00Z,2026-08-27T11:40:00Z,55602883.0,0.011848077164991606,,False,ok,True,zetachain,ZETA-USDT-SWAP,ZETAUSDT,1e-05,1.0,1.0,1e-05,1.0,1.0,5,yes,ZetaChain,markets_max_mcap,2,"zetachain,zeta-global-holdings-corp-robinhood-token",14470880.0,55602883.0,,30,30,30,30,0.01260193513854908,0.27226555867373164,658787.24838,700703.9250823334,2026-08-05,2026-09-03,zetachain,ZetaChain,2026-08-05,2026-09-03,,,,,,,,,,,False,False,17.8337456103945,-4.435589689124985,-3.3189595820156885,-1.1166301071092963,0.036190465384345234,200000000.0,,,False,False,10000
ZIL,kept,kept_cap_le_cutoff,held_out,held_out_sparse_or_missing_std,0.0469718977007977,0.2,,,,missing,,,2026-08-03T13:35:00Z,2026-08-27T11:40:00Z,53413985.0,0.026339945713468108,,False,ok,True,zilliqa,ZIL-USDT-SWAP,ZILUSDT,1e-06,1.0,1.0,1e-06,10.0,10.0,5,yes,Zilliqa,markets_max_mcap,1,zilliqa,10386660.0,53413985.0,,30,30,30,30,0.027296313009767006,0.451472540048873,1406921.4652399998,1458004.8536590002,2026-08-05,2026-09-03,zilliqa,Zilliqa,2026-08-05,2026-09-03,,,,,,,,,,,False,False,17.79358316102863,-3.636668643661225,-3.3063241248313036,-0.33034451882992144,0.036650649656993876,200000000.0,,,False,False,10000
ZK,kept,kept_cap_le_cutoff,held_out,held_out_sparse_or_missing_std,0.0469718977007977,0.2,,,,missing,,,2026-08-03T13:35:00Z,2026-08-27T11:40:00Z,99716116.0,0.02285174190707097,,False,ok,True,zksync,ZK-USDT-SWAP,ZKUSDT,1e-05,1.0,1.0,1e-06,0.1,0.1,5,yes,ZKsync,markets_max_mcap,1,zksync,9368090.0,99716116.0,,30,30,30,30,0.03933376709485528,1.1408711112687837,2278686.9468075503,3922210.4823475727,2026-08-05,2026-09-03,zksync,ZKsync,2026-08-05,2026-09-03,,,,,,,,,,,False,False,18.417837866803737,-3.778727932290519,-3.5027201049448813,-0.27600782734563767,0.030115354983906613,200000000.0,,,False,False,10000
ZKP,kept,kept_cap_le_cutoff,held_out,held_out_sparse_or_missing_std,0.0469718977007977,0.2,,,,missing,,,2026-08-03T13:35:00Z,2026-08-27T11:40:00Z,9293486.0,0.1028633378728929,,False,ok,True,zkpass,ZKP-USDT-SWAP,ZKPUSDT,1e-05,1.0,1.0,1e-05,1.0,1.0,5,yes,zkPass,override,2,"zkpass,panther",38796621.0,9293486.0,,30,30,30,30,0.6488593262026399,2.609138647246605,955958.990435,6030165.064033668,2026-08-05,2026-09-03,zkpass,zkPass,2026-08-05,2026-09-03,,,,,,,,,,,False,False,16.044824282600185,-2.27435398852127,-2.756149315199985,0.48179532667871516,0.06353595485090598,200000000.0,,,False,False,10000
ZORA,kept,kept_cap_le_cutoff,held_out,held_out_sparse_or_missing_std,0.0469718977007977,0.2,,,,missing,,,2026-08-03T13:35:00Z,2026-08-27T11:40:00Z,34221438.0,0.06773416172751129,,False,ok,True,zora,ZORA-USDT-SWAP,ZORAUSDT,1e-06,1.0,1.0,1e-06,10.0,10.0,5,yes,Zora,markets_max_mcap,1,zora,25145725.0,34221438.0,,30,30,30,30,0.5210698676993838,2.8606388443595216,2317960.41604,17831760.171142664,2026-08-05,2026-09-03,zora,Zora,2026-08-05,2026-09-03,,,,,,,,,,,False,False,17.348362847754647,-2.6921646217917035,-3.1662539275496533,0.47408930575794983,0.04216124151220517,200000000.0,,,False,False,10000
ZRO,dropped,dropped_large_cap,held_out,held_out_sparse_or_missing_std,0.0469718977007977,0.2,,,,missing,,,2026-08-03T13:35:00Z,2026-08-27T11:40:00Z,393762038.0,0.026112260429038615,,False,ok,True,layerzero,ZRO-USDT-SWAP,ZROUSDT,0.0001,1.0,1.0,0.0001,0.1,0.1,5,yes,LayerZero,markets_max_mcap,1,layerzero,59848296.0,393762038.0,,30,30,30,30,0.054606874405300085,1.3054332364441097,10282016.883325,21502114.154641006,2026-08-05,2026-09-03,layerzero,LayerZero,2026-08-05,2026-09-03,,,,,,,,,,,False,False,19.791257320335195,-3.645350326711626,-3.9348098548306245,0.28945952811899867,0.01954941620114552,200000000.0,,,False,False,10000
ZRX,kept,kept_cap_le_cutoff,held_out,held_out_sparse_or_missing_std,0.0469718977007977,0.2,,,,missing,,,2026-08-03T13:35:00Z,2026-08-27T11:40:00Z,85911009.0,0.005942552901863835,,False,ok,True,0x,ZRX-USDT-SWAP,ZRXUSDT,1e-05,1.0,1.0,1e-05,1.0,1.0,5,yes,0x Protocol,markets_max_mcap,1,0x,18230967.0,85911009.0,,30,30,30,30,0.0073397659524248714,0.5935239171704519,510530.71583500004,630566.6987966667,2026-08-05,2026-09-03,0x,0x Protocol,2026-08-05,2026-09-03,,,,,,,,,,,False,False,18.26882253939453,-5.125616456478623,-3.4558385820540947,-1.6697778744245282,0.031560826912826544,200000000.0,,,False,False,10000
